2026-07-28T18:56:40Z|checkout|INFO|order=76369|amount=322.01|msg=invoice generated
2026-07-28T18:56:42Z|payment|ERROR|order=27676|amount=220.59|msg=order rollback
2026-07-28T18:56:43Z|stock|ERROR|order=12683|amount=56.01|msg=gateway timeout after 30s
2026-07-28T18:56:43Z|stock|INFO|order=13563|amount=144.02|msg=payment captured
2026-07-28T18:56:44Z|checkout|INFO|order=91367|amount=287.82|msg=invoice generated
2026-07-28T18:56:44Z|stock|INFO|order=97858|amount=224.51|msg=checkout started
2026-07-28T18:56:44Z|payment|INFO|order=44191|amount=106.17|msg=checkout started
2026-07-28T18:56:44Z|payment|INFO|order=17511|amount=43.10|msg=checkout started
2026-07-28T18:56:46Z|checkout|INFO|order=81162|amount=16.22|msg=invoice generated
2026-07-28T18:56:46Z|stock|INFO|order=92294|amount=391.36|msg=order confirmed
2026-07-28T18:56:48Z|stock|INFO|order=77658|amount=16.66|msg=stock reserved
2026-07-28T18:56:48Z|payment|INFO|order=82822|amount=209.98|msg=stock reserved
2026-07-28T18:56:49Z|stock|INFO|order=55888|amount=166.83|msg=invoice generated
2026-07-28T18:56:50Z|payment|INFO|order=54400|amount=9.64|msg=payment captured
2026-07-28T18:56:50Z|payment|INFO|order=37423|amount=317.34|msg=invoice generated
2026-07-28T18:56:50Z|stock|INFO|order=80642|amount=308.73|msg=checkout started
2026-07-28T18:56:51Z|payment|WARN|order=62419|amount=125.11|msg=retrying gateway call
2026-07-28T18:56:52Z|stock|ERROR|order=76710|amount=274.41|msg=stock service unreachable
2026-07-28T18:56:52Z|stock|WARN|order=52611|amount=198.25|msg=stock level low
2026-07-28T18:56:52Z|stock|INFO|order=79822|amount=248.02|msg=invoice generated
2026-07-28T18:56:52Z|checkout|ERROR|order=28871|amount=56.85|msg=card declined
2026-07-28T18:56:53Z|payment|INFO|order=28243|amount=110.69|msg=invoice generated
2026-07-28T18:56:56Z|payment|WARN|order=78158|amount=70.71|msg=retrying gateway call
2026-07-28T18:56:56Z|stock|INFO|order=69937|amount=165.13|msg=checkout started
2026-07-28T18:56:57Z|checkout|INFO|order=35774|amount=25.19|msg=payment captured
2026-07-28T18:56:57Z|payment|WARN|order=97426|amount=19.05|msg=payment failed, cart preserved
2026-07-28T18:56:58Z|checkout|INFO|order=19740|amount=300.39|msg=payment captured
2026-07-28T18:56:59Z|stock|INFO|order=41805|amount=267.47|msg=payment captured
2026-07-28T18:57:00Z|checkout|INFO|order=45875|amount=178.32|msg=order confirmed
2026-07-28T18:57:00Z|stock|WARN|order=63797|amount=190.45|msg=stock level low
2026-07-28T18:57:03Z|checkout|INFO|order=75257|amount=29.23|msg=order confirmed
2026-07-28T18:57:03Z|stock|INFO|order=57827|amount=373.41|msg=checkout started
2026-07-28T18:57:03Z|stock|INFO|order=51833|amount=173.64|msg=invoice generated
2026-07-28T18:57:04Z|checkout|ERROR|order=87406|amount=179.50|msg=stock service unreachable
2026-07-28T18:57:04Z|payment|ERROR|order=69361|amount=235.82|msg=order rollback
2026-07-28T18:57:04Z|payment|INFO|order=72888|amount=8.96|msg=order confirmed
2026-07-28T18:57:05Z|payment|WARN|order=81394|amount=318.32|msg=retrying gateway call
2026-07-28T18:57:05Z|stock|INFO|order=23749|amount=318.72|msg=checkout started
2026-07-28T18:57:05Z|checkout|INFO|order=67777|amount=388.22|msg=invoice generated
2026-07-28T18:57:06Z|payment|INFO|order=82973|amount=272.18|msg=order confirmed
2026-07-28T18:57:07Z|checkout|WARN|order=43035|amount=274.83|msg=payment failed, cart preserved
2026-07-28T18:57:07Z|checkout|INFO|order=57137|amount=192.11|msg=invoice generated
2026-07-28T18:57:08Z|stock|INFO|order=66223|amount=29.61|msg=stock reserved
2026-07-28T18:57:09Z|payment|INFO|order=47506|amount=171.93|msg=order confirmed
2026-07-28T18:57:10Z|stock|INFO|order=92680|amount=23.27|msg=order confirmed
2026-07-28T18:57:10Z|stock|WARN|order=66556|amount=299.17|msg=payment failed, cart preserved
2026-07-28T18:57:10Z|stock|INFO|order=78364|amount=346.92|msg=payment captured
2026-07-28T18:57:11Z|checkout|INFO|order=90498|amount=270.99|msg=checkout started
2026-07-28T18:57:11Z|stock|INFO|order=44851|amount=322.57|msg=order confirmed
2026-07-28T18:57:12Z|stock|INFO|order=34939|amount=82.67|msg=checkout started
2026-07-28T18:57:13Z|payment|WARN|order=70796|amount=82.40|msg=retrying gateway call
2026-07-28T18:57:14Z|stock|WARN|order=87064|amount=269.90|msg=payment failed, cart preserved
null
2026-07-28T18:57:17Z|checkout|INFO|order=71214|amount=39.84|msg=invoice generated
2026-07-28T18:57:18Z|payment|INFO|order=47309|amount=231.93|msg=stock reserved
2026-07-28T18:57:18Z|checkout|WARN|order=88681|amount=163.51|msg=stock level low
2026-07-28T18:57:18Z|checkout|INFO|order=70237|amount=75.52|msg=stock reserved
2026-07-28T18:57:19Z|checkout|INFO|order=14442|amount=234.38|msg=invoice generated
2026-07-28T18:57:20Z|payment|INFO|order=67943|amount=258.72|msg=invoice generated
2026-07-28T18:57:21Z|stock|ERROR|order=91250|amount=152.74|msg=gateway timeout after 30s
2026-07-28T18:57:22Z|checkout|INFO|order=77047|amount=292.93|msg=checkout started
2026-07-28T18:57:22Z|stock|INFO|order=18450|amount=368.02|msg=checkout started
2026-07-28T18:57:23Z|stock|INFO|order=47818|amount=60.76|msg=order confirmed
2026-07-28T18:57:24Z|stock|INFO|order=18852|amount=363.44|msg=payment captured
2026-07-28T18:57:25Z|payment|WARN|order=93176|amount=129.04|msg=slow response from bank
2026-07-28T18:57:26Z|payment|WARN|order=98695|amount=180.38|msg=retrying gateway call
2026-07-28T18:57:28Z|payment|INFO|order=50220|amount=389.04|msg=payment captured
2026-07-28T18:57:28Z|checkout|INFO|order=39203|amount=330.54|msg=invoice generated
2026-07-28T18:57:29Z|payment|WARN|order=60103|amount=160.90|msg=payment failed, cart preserved
2026-07-28T18:57:29Z|payment|INFO|order=68915|amount=307.55|msg=payment captured
2026-07-28T18:57:30Z|stock|INFO|order=38819|amount=98.17|msg=stock reserved
2026-07-28T18:57:30Z|stock|ERROR|order=10390|amount=278.98|msg=card declined
2026-07-28T18:57:31Z|payment|INFO|order=92870|amount=80.30|msg=invoice generated
2026-07-28T18:57:31Z|stock|ERROR|order=82683|amount=91.00|msg=order rollback
2026-07-28T18:57:31Z|checkout|WARN|order=11054|amount=229.80|msg=payment failed, cart preserved
2026-07-28T18:57:32Z|checkout|INFO|order=21679|amount=113.85|msg=payment captured
2026-07-28T18:57:33Z|payment|INFO|order=74557|amount=193.07|msg=payment captured
2026-07-28T18:57:34Z|payment|INFO|order=75329|amount=55.85|msg=order confirmed
2026-07-28T18:57:35Z|payment|FATAL-OOM
2026-07-28T18:57:36Z|payment|INFO|order=49802|amount=90.26|msg=order confirmed
2026-07-28T18:57:36Z|checkout|INFO|order=31902|amount=44.36|msg=order confirmed
2026-07-28T18:57:37Z|checkout|ERROR|order=67076|amount=389.02|msg=card declined
2026-07-28T18:57:39Z|stock|INFO|order=21733|amount=104.27|msg=stock reserved
2026-07-28T18:57:40Z|stock|INFO|order=15778|amount=86.81|msg=stock reserved
2026-07-28T18:57:40Z|stock|INFO|order=80385|amount=134.77|msg=checkout started
2026-07-28T18:57:41Z|stock|INFO|order=25941|amount=388.89|msg=stock reserved
2026-07-28T18:57:41Z|checkout|ERROR|order=23215|amount=382.71|msg=card declined
2026-07-28T18:57:42Z|payment|INFO|order=55646|amount=223.25|msg=stock reserved
2026-07-28T18:57:42Z|stock|INFO|order=45964|amount=330.12|msg=invoice generated
2026-07-28T18:57:42Z|payment|INFO|order=93584|amount=397.03|msg=stock reserved
2026-07-28T18:57:43Z|stock|INFO|order=18496|amount=228.70|msg=invoice generated
2026-07-28T18:57:43Z|checkout|INFO|order=26625|amount=123.17|msg=order confirmed
2026-07-28T18:57:45Z|checkout|INFO|order=89022|amount=291.03|msg=order confirmed
2026-07-28T18:57:45Z|stock|ERROR|order=73838|amount=231.60|msg=stock service unreachable
2026-07-28T18:57:47Z|payment|INFO|order=66468|amount=331.90|msg=order confirmed
2026-07-28T18:57:48Z|payment|INFO|order=77983|amount=161.76|msg=invoice generated
2026-07-28T18:57:48Z|stock|ERROR|order=27950|amount=309.89|msg=stock service unreachable
2026-07-28T18:57:49Z|stock|WARN|order=35700|amount=369.86|msg=slow response from bank
2026-07-28T18:57:49Z|payment|INFO|order=99634|amount=326.63|msg=invoice generated
2026-07-28T18:57:51Z|stock|INFO|order=16644|amount=172.71|msg=checkout started
2026-07-28T18:57:51Z|payment|INFO|order=77016|amount=146.82|msg=order confirmed
2026-07-28T18:57:52Z|checkout|WARN|order=41929|amount=16.24|msg=slow response from bank
2026-07-28T18:57:52Z|checkout|WARN|order=46304|amount=147.18|msg=retrying gateway call
2026-07-28T18:57:53Z|checkout|INFO|order=93434|amount=303.33|msg=checkout started
2026-07-28T18:57:54Z|payment|INFO|order=77411|amount=251.72|msg=checkout started
2026-07-28T18:57:55Z|payment|INFO|order=95850|amount=375.59|msg=checkout started
2026-07-28T18:57:55Z|stock|INFO|order=21171|amount=393.05|msg=payment captured
2026-07-28T18:57:55Z|payment|INFO|order=41906|amount=324.84|msg=invoice generated
2026-07-28T18:57:55Z|checkout|WARN|order=29179|amount=192.60|msg=stock level low
2026-07-28T18:57:56Z|stock|WARN|order=91888|amount=160.09|msg=payment failed, cart preserved
2026-07-28T18:57:57Z|checkout|INFO|order=13345|amount=117.53|msg=stock reserved
2026-07-28T18:57:57Z|payment|INFO|order=65672|amount=310.77|msg=checkout started
2026-07-28T18:57:58Z|payment|INFO|order=61891|amount=139.85|msg=payment captured
2026-07-28T18:58:01Z|payment|INFO|order=31656|amount=239.44|msg=invoice generated
2026-07-28T18:58:01Z|stock|ERROR|order=63006|amount=225.12|msg=order rollback
2026-07-28T18:58:04Z|payment|WARN|order=34191|amount=177.35|msg=retrying gateway call
2026-07-28T18:58:04Z|stock|INFO|order=80503|amount=384.97|msg=invoice generated
2026-07-28T18:58:05Z|payment|WARN|order=25044|amount=124.41|msg=stock level low
2026-07-28T18:58:05Z|payment|INFO|order=95674|amount=270.90|msg=invoice generated
2026-07-28T18:58:09Z|checkout|INFO|order=16841|amount=254.56|msg=invoice generated
2026-07-28T18:58:10Z|payment|INFO|order=82621|amount=253.33|msg=invoice generated
2026-07-28T18:58:10Z|stock|ERROR|order=67638|amount=389.48|msg=stock service unreachable
2026-07-28T18:58:11Z|payment|INFO|order=33194|amount=191.37|msg=invoice generated
2026-07-28T18:58:11Z|checkout|INFO|order=29795|amount=337.34|msg=order confirmed
2026-07-28T18:58:12Z|stock|WARN|order=16044|amount=74.79|msg=slow response from bank
2026-07-28T18:58:13Z|stock|INFO|order=16628|amount=37.92|msg=stock reserved
2026-07-28T18:58:14Z|payment|INFO|order=54540|amount=36.20|msg=payment captured
2026-07-28T18:58:14Z|checkout|INFO|order=42671|amount=58.84|msg=order confirmed
2026-07-28T18:58:14Z|payment|INFO|order=71793|amount=104.13|msg=order confirmed
2026-07-28T18:58:15Z|payment|ERROR|order=27063|amount=291.20|msg=order rollback
2026-07-28T18:58:17Z|checkout|INFO|order=67191|amount=299.13|msg=payment captured
2026-07-28T18:58:18Z|checkout|INFO|order=52756|amount=192.52|msg=order confirmed
2026-07-28T18:58:18Z|checkout|INFO|order=56158|amount=267.55|msg=payment captured
2026-07-28T18:58:18Z|payment|INFO|order=73375|amount=295.54|msg=payment captured
2026-07-28T18:58:19Z|payment|INFO|order=21694|amount=62.85|msg=invoice generated
2026-07-28T18:58:19Z|checkout|INFO|order=40476|amount=29.69|msg=order confirmed
2026-07-28T18:58:19Z|stock|ERROR|order=71061|amount=379.26|msg=order rollback
2026-07-28T18:58:20Z|stock|ERROR|order=41901|amount=192.18|msg=card declined
2026-07-28T18:58:20Z|checkout|INFO|order=26010|amount=329.02|msg=order confirmed
2026-07-28T18:58:20Z|payment|INFO|order=13804|amount=376.76|msg=invoice generated
2026-07-28T18:58:21Z|stock|WARN|order=48667|amount=61.28|msg=stock level low
2026-07-28T18:58:23Z|stock|INFO|order=25322|amount=58.90|msg=stock reserved
2026-07-28T18:58:23Z|payment|WARN|order=19990|amount=130.49|msg=slow response from bank
2026-07-28T18:58:24Z|checkout|INFO|order=99087|amount=281.79|msg=order confirmed
2026-07-28T18:58:24Z|stock|WARN|order=63399|amount=32.92|msg=retrying gateway call
2026-07-28T18:58:25Z|stock|INFO|order=21571|amount=388.70|msg=stock reserved
2026-07-28T18:58:26Z|checkout|WARN|order=91792|amount=144.46|msg=payment failed, cart preserved
2026-07-28T18:58:26Z|stock|ERROR|order=14062|amount=359.19|msg=gateway timeout after 30s
2026-07-28T18:58:28Z|stock|INFO|order=45415|amount=395.91|msg=stock reserved
2026-07-28T18:58:28Z|checkout|WARN|order=44189|amount=213.18|msg=retrying gateway call
2026-07-28T18:58:29Z|payment|INFO|order=15234|amount=239.88|msg=payment captured
2026-07-28T18:58:29Z|stock|ERROR|order=25405|amount=174.02|msg=gateway timeout after 30s
2026-07-28T18:58:29Z|stock|INFO|order=44180|amount=291.50|msg=stock reserved
2026-07-28T18:58:29Z|checkout|WARN|order=37827|amount=365.97|msg=slow response from bank
2026-07-28T18:58:30Z|stock|ERROR|order=69167|amount=279.88|msg=card declined
2026-07-28T18:58:30Z|checkout|INFO|order=84087|amount=124.50|msg=payment captured
2026-07-28T18:58:31Z|stock|INFO|order=47898|amount=240.19|msg=order confirmed
2026-07-28T18:58:32Z|payment|INFO|order=47501|amount=157.47|msg=checkout started
2026-07-28T18:58:33Z|stock|WARN|order=80560|amount=378.99|msg=slow response from bank
2026-07-28T18:58:34Z|stock|WARN|order=41094|amount=125.11|msg=slow response from bank
2026-07-28T18:58:35Z|payment|ERROR|order=|msg=
2026-07-28T18:58:37Z|stock|INFO|order=64935|amount=55.67|msg=invoice generated
2026-07-28T18:58:37Z|checkout|WARN|order=60814|amount=396.37|msg=slow response from bank
2026-07-28T18:58:38Z|checkout|ERROR|order=23902|amount=359.79|msg=gateway timeout after 30s
2026-07-28T18:58:38Z|payment|INFO|order=65667|amount=148.75|msg=invoice generated
2026-07-28T18:58:38Z|checkout|ERROR|order=62969|amount=112.41|msg=order rollback
2026-07-28T18:58:39Z|payment|WARN|order=39713|amount=350.47|msg=payment failed, cart preserved
2026-07-28T18:58:39Z|checkout|ERROR|order=99919|amount=311.77|msg=stock service unreachable
2026-07-28T18:58:42Z|payment|WARN|order=60870|amount=169.71|msg=slow response from bank
2026-07-28T18:58:42Z|payment|WARN|order=14289|amount=195.59|msg=stock level low
2026-07-28T18:58:42Z|payment|INFO|order=93035|amount=353.36|msg=payment captured
2026-07-28T18:58:44Z|checkout|INFO|order=48816|amount=316.79|msg=stock reserved
2026-07-28T18:58:46Z|payment|ERROR|order=64878|amount=337.79|msg=gateway timeout after 30s
2026-07-28T18:58:47Z|stock|INFO|order=95946|amount=287.98|msg=order confirmed
2026-07-28T18:58:48Z|stock|INFO|order=69118|amount=351.30|msg=checkout started
2026-07-28T18:58:51Z|stock|INFO|order=52417|amount=391.28|msg=order confirmed
2026-07-28T18:58:51Z|payment|INFO|order=98644|amount=254.56|msg=stock reserved
2026-07-28T18:58:52Z|payment|INFO|order=35874|amount=385.63|msg=stock reserved
2026-07-28T18:58:52Z|checkout|INFO|order=97768|amount=112.35|msg=checkout started
2026-07-28T18:58:53Z|checkout|INFO|order=55397|amount=73.69|msg=order confirmed
2026-07-28T18:58:54Z|payment|WARN|order=42693|amount=175.25|msg=payment failed, cart preserved
2026-07-28T18:58:55Z|stock|INFO|order=56040|amount=257.56|msg=payment captured
2026-07-28T18:58:56Z|stock|INFO|order=10817|amount=313.05|msg=order confirmed
2026-07-28T18:58:57Z|checkout|WARN|order=56363|amount=89.68|msg=stock level low
2026-07-28T18:58:59Z|payment|INFO|order=58937|amount=351.78|msg=order confirmed
2026-07-28T18:58:59Z|stock|INFO|order=80776|amount=41.92|msg=invoice generated
2026-07-28T18:58:59Z|stock|INFO|order=63185|amount=370.82|msg=payment captured
2026-07-28T18:59:00Z|payment|INFO|order=31538|amount=240.56|msg=order confirmed
2026-07-28T18:59:00Z|payment|INFO|order=94769|amount=83.06|msg=payment captured
2026-07-28T18:59:01Z|payment|ERROR|order=92897|amount=327.52|msg=gateway timeout after 30s
2026-07-28T18:59:01Z|checkout|ERROR|order=70844|amount=103.68|msg=gateway timeout after 30s
2026-07-28T18:59:02Z|checkout|ERROR|order=14991|amount=62.38|msg=card declined
2026-07-28T18:59:03Z|payment|INFO|order=45352|amount=352.15|msg=checkout started
2026-07-28T18:59:04Z|stock|WARN|order=80677|amount=114.73|msg=retrying gateway call
2026-07-28T18:59:05Z|stock|INFO|order=11709|amount=62.44|msg=payment captured
2026-07-28T18:59:06Z|checkout|INFO|order=51209|amount=182.34|msg=invoice generated
2026-07-28T18:59:06Z|stock|WARN|order=68683|amount=43.66|msg=slow response from bank
2026-07-28T18:59:07Z|stock|WARN|order=11055|amount=331.34|msg=retrying gateway call
2026-07-28T18:59:08Z|stock|INFO|order=84618|amount=117.64|msg=order confirmed
2026-07-28T18:59:08Z|payment|INFO|order=93731|amount=36.06|msg=checkout started
2026-07-28T18:59:08Z|payment|INFO|order=33188|amount=22.84|msg=order confirmed
2026-07-28T18:59:09Z|stock|INFO|order=19244|amount=375.40|msg=stock reserved
2026-07-28T18:59:10Z|payment|ERROR|order=|msg=
2026-07-28T18:59:10Z|checkout|WARN|order=47209|amount=145.01|msg=payment failed, cart preserved
2026-07-28T18:59:10Z|checkout|INFO|order=53466|amount=205.36|msg=stock reserved
2026-07-28T18:59:12Z|stock|WARN|order=21927|amount=15.34|msg=stock level low
2026-07-28T18:59:12Z|checkout|INFO|order=98153|amount=332.82|msg=checkout started
2026-07-28T18:59:12Z|checkout|INFO|order=76900|amount=345.28|msg=order confirmed
2026-07-28T18:59:13Z|stock|INFO|order=72312|amount=286.60|msg=invoice generated
2026-07-28T18:59:15Z|checkout|WARN|order=20341|amount=148.04|msg=retrying gateway call
2026-07-28T18:59:15Z|checkout|INFO|order=87469|amount=290.70|msg=stock reserved
2026-07-28T18:59:15Z|checkout|ERROR|order=59953|amount=146.62|msg=order rollback
2026-07-28T18:59:16Z|checkout|WARN|order=78445|amount=243.35|msg=retrying gateway call
2026-07-28T18:59:16Z|stock|INFO|order=70234|amount=165.17|msg=payment captured
2026-07-28T18:59:16Z|stock|INFO|order=69065|amount=151.63|msg=checkout started
2026-07-28T18:59:18Z|payment|ERROR|order=42777|amount=255.45|msg=stock service unreachable
2026-07-28T18:59:18Z|stock|INFO|order=71142|amount=360.94|msg=payment captured
2026-07-28T18:59:19Z|checkout|INFO|order=87779|amount=275.63|msg=payment captured
2026-07-28T18:59:22Z|stock|INFO|order=43337|amount=115.50|msg=order confirmed
2026-07-28T18:59:22Z|stock|INFO|order=22207|amount=51.13|msg=payment captured
2026-07-28T18:59:22Z|checkout|ERROR|order=46724|amount=268.36|msg=card declined
2026-07-28T18:59:24Z|stock|INFO|order=94502|amount=33.58|msg=invoice generated
2026-07-28T18:59:24Z|checkout|INFO|order=35965|amount=389.62|msg=order confirmed
2026-07-28T18:59:24Z|checkout|INFO|order=45665|amount=22.32|msg=checkout started
2026-07-28T18:59:25Z|checkout|INFO|order=82156|amount=268.39|msg=stock reserved
2026-07-28T18:59:25Z|payment|INFO|order=19735|amount=22.45|msg=stock reserved
2026-07-28T18:59:25Z|checkout|INFO|order=34110|amount=102.99|msg=payment captured
2026-07-28T18:59:26Z|payment|WARN|order=46992|amount=287.51|msg=stock level low
2026-07-28T18:59:27Z|payment|INFO|order=12945|amount=236.83|msg=invoice generated
2026-07-28T18:59:28Z|payment|ERROR|order=35655|amount=202.69|msg=order rollback
2026-07-28T18:59:28Z|payment|INFO|order=91033|amount=225.67|msg=checkout started
2026-07-28T18:59:29Z|checkout|INFO|order=45987|amount=151.19|msg=checkout started
null
2026-07-28T18:59:29Z|checkout|WARN|order=53171|amount=13.88|msg=payment failed, cart preserved
2026-07-28T18:59:31Z|payment|INFO|order=90627|amount=296.85|msg=checkout started
2026-07-28T18:59:32Z|stock|INFO|order=23707|amount=375.23|msg=invoice generated
2026-07-28T18:59:32Z|stock|ERROR|order=94264|amount=138.55|msg=gateway timeout after 30s
2026-07-28T18:59:33Z|stock|ERROR|order=83494|amount=256.64|msg=stock service unreachable
2026-07-28T18:59:33Z|payment|INFO|order=97592|amount=117.34|msg=checkout started
2026-07-28T18:59:34Z|payment|INFO|order=77424|amount=342.90|msg=invoice generated
2026-07-28T18:59:35Z|checkout|ERROR|order=82952|amount=236.74|msg=card declined
2026-07-28T18:59:36Z|payment|INFO|order=32439|amount=86.24|msg=checkout started
2026-07-28T18:59:36Z|payment|INFO|order=80820|amount=381.29|msg=payment captured
2026-07-28T18:59:37Z|checkout|INFO|order=84264|amount=40.96|msg=invoice generated
2026-07-28T18:59:38Z|stock|INFO|order=14288|amount=204.59|msg=payment captured
2026-07-28T18:59:38Z|payment|INFO|order=24841|amount=312.17|msg=payment captured
2026-07-28T18:59:39Z|stock|INFO|order=99080|amount=129.76|msg=order confirmed
2026-07-28T18:59:39Z|checkout|WARN|order=71526|amount=172.89|msg=payment failed, cart preserved
2026-07-28T18:59:40Z|checkout|WARN|order=98537|amount=328.93|msg=slow response from bank
2026-07-28T18:59:40Z|stock|WARN|order=74687|amount=12.64|msg=slow response from bank
2026-07-28T18:59:41Z|checkout|INFO|order=62350|amount=178.34|msg=order confirmed
2026-07-28T18:59:42Z|checkout|INFO|order=54446|amount=102.89|msg=checkout started
2026-07-28T18:59:43Z|checkout|INFO|order=49252|amount=319.90|msg=stock reserved
2026-07-28T18:59:44Z|payment|INFO|order=17936|amount=364.48|msg=checkout started
2026-07-28T18:59:44Z|stock|INFO|order=38763|amount=154.21|msg=checkout started
2026-07-28T18:59:44Z|payment|INFO|order=54150|amount=194.54|msg=invoice generated
2026-07-28T18:59:45Z|payment|WARN|order=75528|amount=134.82|msg=slow response from bank
2026-07-28T18:59:45Z|payment|INFO|order=19544|amount=164.61|msg=payment captured
2026-07-28T18:59:46Z|checkout|ERROR|order=68920|amount=105.16|msg=card declined
2026-07-28T18:59:46Z|payment|INFO|order=15783|amount=358.74|msg=order confirmed
2026-07-28T18:59:48Z|payment|INFO|order=75976|amount=306.62|msg=payment captured
2026-07-28T18:59:49Z|payment|INFO|order=65652|amount=261.94|msg=stock reserved
2026-07-28T18:59:49Z|checkout|INFO|order=55278|amount=188.94|msg=payment captured
2026-07-28T18:59:51Z|payment|INFO|order=24219|amount=308.30|msg=order confirmed
2026-07-28T18:59:52Z|payment|WARN|order=54765|amount=149.09|msg=payment failed, cart preserved
2026-07-28T18:59:52Z|payment|WARN|order=96472|amount=213.79|msg=slow response from bank
2026-07-28T18:59:54Z|stock|ERROR|order=38431|amount=63.10|msg=stock service unreachable
2026-07-28T18:59:54Z|payment|WARN|order=51531|amount=136.89|msg=slow response from bank
2026-07-28T18:59:55Z|payment|INFO|order=84436|amount=137.76|msg=stock reserved
2026-07-28T18:59:56Z|payment|INFO|order=46052|amount=312.54|msg=payment captured
2026-07-28T18:59:56Z|payment|INFO|order=81070|amount=280.30|msg=order confirmed
2026-07-28T18:59:56Z|stock|ERROR|order=84915|amount=267.75|msg=card declined
2026-07-28T18:59:57Z|payment|ERROR|order=88805|amount=57.51|msg=card declined
2026-07-28T18:59:59Z|checkout|INFO|order=12330|amount=380.94|msg=order confirmed
2026-07-28T18:59:59Z|checkout|INFO|order=35439|amount=50.19|msg=checkout started
2026-07-28T19:00:00Z|checkout|WARN|order=45576|amount=290.91|msg=retrying gateway call
2026-07-28T19:00:00Z|payment|INFO|order=61266|amount=84.52|msg=invoice generated
2026-07-28T19:00:01Z|payment|ERROR|order=|msg=
2026-07-28T19:00:01Z|checkout|INFO|order=90352|amount=44.86|msg=payment captured
2026-07-28T19:00:02Z|checkout|WARN|order=24753|amount=170.37|msg=payment failed, cart preserved
2026-07-28T19:00:03Z|payment|INFO|order=27531|amount=292.69|msg=stock reserved
2026-07-28T19:00:04Z|stock|INFO|order=37483|amount=113.04|msg=checkout started
2026-07-28T19:00:04Z|checkout|INFO|order=57523|amount=308.64|msg=invoice generated
2026-07-28T19:00:05Z|stock|INFO|order=38478|amount=11.55|msg=invoice generated
2026-07-28T19:00:06Z|stock|ERROR|order=35003|amount=292.92|msg=order rollback
2026-07-28T19:00:07Z|checkout|WARN|order=79746|amount=283.55|msg=payment failed, cart preserved
2026-07-28T19:00:07Z|checkout|INFO|order=78273|amount=186.68|msg=payment captured
2026-07-28T19:00:07Z|checkout|ERROR|order=19145|amount=319.62|msg=order rollback
2026-07-28T19:00:08Z|stock|ERROR|order=25942|amount=305.23|msg=gateway timeout after 30s
2026-07-28T19:00:09Z|stock|INFO|order=66083|amount=236.96|msg=invoice generated
2026-07-28T19:00:10Z|payment|INFO|order=73912|amount=90.62|msg=payment captured
2026-07-28T19:00:10Z|checkout|ERROR|order=56759|amount=162.17|msg=stock service unreachable
2026-07-28T19:00:10Z|checkout|ERROR|order=70204|amount=355.68|msg=gateway timeout after 30s
2026-07-28T19:00:12Z|stock|INFO|order=93334|amount=167.76|msg=invoice generated
2026-07-28T19:00:13Z|payment|INFO|order=54899|amount=301.24|msg=invoice generated
2026-07-28T19:00:14Z|stock|INFO|order=39258|amount=154.34|msg=checkout started
2026-07-28T19:00:14Z|stock|INFO|order=17806|amount=290.91|msg=checkout started
2026-07-28T19:00:14Z|checkout|INFO|order=88844|amount=389.00|msg=invoice generated
2026-07-28T19:00:14Z|stock|ERROR|order=62452|amount=373.47|msg=order rollback
2026-07-28T19:00:15Z|payment|ERROR|order=44229|amount=296.45|msg=gateway timeout after 30s
2026-07-28T19:00:16Z|checkout|INFO|order=34289|amount=206.66|msg=stock reserved
2026-07-28T19:00:17Z|stock|INFO|order=94788|amount=32.72|msg=stock reserved
2026-07-28T19:00:17Z|payment|INFO|order=13924|amount=288.96|msg=stock reserved
2026-07-28T19:00:18Z|payment|ERROR|order=74258|amount=361.70|msg=gateway timeout after 30s
2026-07-28T19:00:20Z|checkout|ERROR|order=50782|amount=29.78|msg=gateway timeout after 30s
2026-07-28T19:00:20Z|stock|INFO|order=87252|amount=31.44|msg=stock reserved
2026-07-28T19:00:20Z|payment|WARN|order=36585|amount=61.58|msg=stock level low
2026-07-28T19:00:21Z|stock|INFO|order=24178|amount=80.64|msg=stock reserved
2026-07-28T19:00:21Z|payment|ERROR|order=84892|amount=328.82|msg=card declined
2026-07-28T19:00:22Z|stock|INFO|order=89606|amount=112.96|msg=order confirmed
2026-07-28T19:00:22Z|payment|INFO|order=89213|amount=366.41|msg=order confirmed
2026-07-28T19:00:22Z|payment|INFO|order=90573|amount=287.75|msg=order confirmed
2026-07-28T19:00:23Z|stock|INFO|order=40226|amount=65.97|msg=order confirmed
2026-07-28T19:00:23Z|stock|INFO|order=13541|amount=359.57|msg=invoice generated
2026-07-28T19:00:24Z|stock|INFO|order=94162|amount=326.53|msg=stock reserved
2026-07-28T19:00:24Z|stock|INFO|order=45032|amount=129.74|msg=payment captured
2026-07-28T19:00:25Z|stock|WARN|order=78670|amount=391.03|msg=retrying gateway call
2026-07-28T19:00:28Z|payment|ERROR|order=65110|amount=39.81|msg=order rollback
2026-07-28T19:00:29Z|payment|INFO|order=31447|amount=256.97|msg=stock reserved
2026-07-28T19:00:30Z|payment|INFO|order=91149|amount=274.44|msg=stock reserved
2026-07-28T19:00:31Z|checkout|INFO|order=92741|amount=280.36|msg=stock reserved
2026-07-28T19:00:34Z|payment|INFO|order=95600|amount=248.67|msg=invoice generated
2026-07-28T19:00:36Z|payment|WARN|order=53865|amount=254.97|msg=stock level low
2026-07-28T19:00:36Z|checkout|INFO|order=62385|amount=371.83|msg=stock reserved
2026-07-28T19:00:37Z|checkout|INFO|order=16955|amount=353.56|msg=order confirmed
2026-07-28T19:00:37Z|checkout|ERROR|order=29160|amount=391.80|msg=stock service unreachable
2026-07-28T19:00:38Z|payment|INFO|order=31537|amount=193.67|msg=invoice generated
2026-07-28T19:00:40Z|checkout|INFO|order=76873|amount=193.21|msg=stock reserved
2026-07-28T19:00:40Z|payment|INFO|order=91941|amount=107.88|msg=checkout started
2026-07-28T19:00:41Z|payment|WARN|order=52807|amount=258.33|msg=payment failed, cart preserved
2026-07-28T19:00:41Z|checkout|ERROR|order=26059|amount=123.13|msg=stock service unreachable
2026-07-28T19:00:41Z|stock|ERROR|order=87652|amount=317.87|msg=stock service unreachable
2026-07-28T19:00:41Z|payment|INFO|order=44594|amount=242.69|msg=invoice generated
2026-07-28T19:00:43Z|payment|INFO|order=88167|amount=38.63|msg=order confirmed
2026-07-28T19:00:44Z|stock|INFO|order=15011|amount=237.84|msg=invoice generated
2026-07-28T19:00:45Z|payment|ERROR|order=21901|amount=366.81|msg=gateway timeout after 30s
2026-07-28T19:00:45Z|stock|INFO|order=21003|amount=189.06|msg=order confirmed
2026-07-28T19:00:45Z|stock|INFO|order=18861|amount=219.33|msg=order confirmed
2026-07-28T19:00:47Z|stock|INFO|order=67639|amount=69.11|msg=invoice generated
2026-07-28T19:00:48Z|checkout|INFO|order=23347|amount=138.32|msg=stock reserved
2026-07-28T19:00:51Z|stock|INFO|order=11228|amount=71.06|msg=order confirmed
2026-07-28T19:00:52Z|stock|INFO|order=82168|amount=353.80|msg=checkout started
2026-07-28T19:00:53Z|stock|INFO|order=51394|amount=107.40|msg=checkout started
2026-07-28T19:00:53Z|checkout|ERROR|order=51984|amount=398.59|msg=gateway timeout after 30s
2026-07-28T19:00:54Z|stock|INFO|order=21007|amount=281.91|msg=stock reserved
2026-07-28T19:00:56Z|payment|INFO|order=76658|amount=225.61|msg=payment captured
2026-07-28T19:00:56Z|stock|INFO|order=61627|amount=134.08|msg=order confirmed
2026-07-28T19:00:58Z|checkout|INFO|order=69324|amount=33.25|msg=order confirmed
2026-07-28T19:00:59Z|checkout|INFO|order=25076|amount=386.34|msg=stock reserved
2026-07-28T19:01:00Z|stock|INFO|order=73658|amount=57.43|msg=checkout started
2026-07-28T19:01:01Z|stock|INFO|order=88288|amount=362.14|msg=checkout started
2026-07-28T19:01:01Z|stock|WARN|order=93714|amount=382.13|msg=slow response from bank
2026-07-28T19:01:01Z|payment|WARN|order=38164|amount=38.04|msg=stock level low
2026-07-28T19:01:01Z|stock|WARN|order=32649|amount=183.17|msg=slow response from bank
2026-07-28T19:01:02Z|stock|INFO|order=55863|amount=8.27|msg=order confirmed
2026-07-28T19:01:02Z|checkout|INFO|order=66691|amount=237.13|msg=payment captured
2026-07-28T19:01:06Z|checkout|INFO|order=78733|amount=240.86|msg=checkout started
2026-07-28T19:01:07Z|stock|WARN|order=18138|amount=97.52|msg=slow response from bank
2026-07-28T19:01:08Z|payment|INFO|order=99943|amount=116.79|msg=stock reserved
2026-07-28T19:01:08Z|checkout|INFO|order=69693|amount=94.94|msg=invoice generated
2026-07-28T19:01:09Z|stock|INFO|order=37716|amount=111.94|msg=stock reserved
2026-07-28T19:01:11Z|stock|INFO|order=32023|amount=187.76|msg=checkout started
2026-07-28T19:01:12Z|payment|INFO|order=12476|amount=183.82|msg=payment captured
2026-07-28T19:01:13Z|payment|INFO|order=12983|amount=94.80|msg=payment captured
2026-07-28T19:01:13Z|checkout|INFO|order=76162|amount=117.47|msg=stock reserved
2026-07-28T19:01:14Z|stock|WARN|order=93317|amount=336.47|msg=retrying gateway call
2026-07-28T19:01:16Z|payment|INFO|order=82295|amount=115.52|msg=stock reserved
2026-07-28T19:01:16Z|payment|INFO|order=27249|amount=185.32|msg=stock reserved
2026-07-28T19:01:17Z|payment|INFO|order=66254|amount=65.11|msg=payment captured
2026-07-28T19:01:17Z|payment|ERROR|order=74905|amount=268.68|msg=card declined
2026-07-28T19:01:17Z|payment|ERROR|order=48416|amount=135.28|msg=order rollback
2026-07-28T19:01:19Z|payment|ERROR|order=31965|amount=106.97|msg=stock service unreachable
2026-07-28T19:01:20Z|stock|INFO|order=19305|amount=303.12|msg=payment captured
2026-07-28T19:01:20Z|checkout|WARN|order=70766|amount=218.70|msg=stock level low
2026-07-28T19:01:21Z|checkout|INFO|order=85125|amount=60.52|msg=invoice generated
2026-07-28T19:01:21Z|payment|INFO|order=42661|amount=278.03|msg=payment captured
2026-07-28T19:01:21Z|checkout|INFO|order=70727|amount=149.28|msg=checkout started
2026-07-28T19:01:22Z|payment|INFO|order=25158|amount=64.17|msg=order confirmed
2026-07-28T19:01:22Z|payment|ERROR|order=|msg=
2026-07-28T19:01:23Z|checkout|WARN|order=59491|amount=353.85|msg=stock level low
2026-07-28T19:01:24Z|checkout|INFO|order=71319|amount=83.70|msg=invoice generated
2026-07-28T19:01:25Z|checkout|INFO|order=26884|amount=125.19|msg=stock reserved
2026-07-28T19:01:26Z|stock|WARN|order=86922|amount=228.23|msg=payment failed, cart preserved
2026-07-28T19:01:26Z|payment|INFO|order=21066|amount=251.13|msg=payment captured
2026-07-28T19:01:26Z|checkout|ERROR|order=77768|amount=52.86|msg=order rollback
2026-07-28T19:01:27Z|stock|INFO|order=67115|amount=314.64|msg=payment captured
2026-07-28T19:01:27Z|payment|WARN|order=47801|amount=367.08|msg=retrying gateway call
2026-07-28T19:01:27Z|payment|ERROR|order=91971|amount=138.22|msg=stock service unreachable
2026-07-28T19:01:28Z|stock|INFO|order=85650|amount=52.20|msg=payment captured
2026-07-28T19:01:29Z|stock|ERROR|order=38341|amount=306.32|msg=stock service unreachable
2026-07-28T19:01:29Z|payment|INFO|order=80846|amount=19.29|msg=payment captured
2026-07-28T19:01:30Z|stock|INFO|order=88871|amount=356.67|msg=checkout started
2026-07-28T19:01:31Z|checkout|INFO|order=57724|amount=154.65|msg=payment captured
2026-07-28T19:01:31Z|payment|INFO|order=81638|amount=209.44|msg=invoice generated
2026-07-28T19:01:31Z|payment|INFO|order=28934|amount=228.52|msg=stock reserved
2026-07-28T19:01:33Z|stock|INFO|order=93857|amount=183.53|msg=payment captured
2026-07-28T19:01:34Z|payment|INFO|order=10756|amount=127.77|msg=stock reserved
2026-07-28T19:01:34Z|stock|ERROR|order=59366|amount=293.26|msg=stock service unreachable
2026-07-28T19:01:35Z|checkout|WARN|order=96322|amount=305.29|msg=payment failed, cart preserved
2026-07-28T19:01:36Z|payment|ERROR|order=21006|amount=374.89|msg=gateway timeout after 30s
2026-07-28T19:01:36Z|checkout|INFO|order=24198|amount=119.12|msg=stock reserved
2026-07-28T19:01:37Z|checkout|WARN|order=70904|amount=24.65|msg=stock level low
2026-07-28T19:01:38Z|checkout|ERROR|order=93348|amount=178.37|msg=gateway timeout after 30s
2026-07-28T19:01:38Z|stock|INFO|order=57965|amount=324.77|msg=stock reserved
2026-07-28T19:01:38Z|payment|INFO|order=21539|amount=261.74|msg=checkout started
2026-07-28T19:01:38Z|payment|ERROR|order=61974|amount=369.90|msg=card declined
2026-07-28T19:01:39Z|checkout|INFO|order=37897|amount=106.40|msg=stock reserved
2026-07-28T19:01:39Z|checkout|WARN|order=94002|amount=332.65|msg=slow response from bank
2026-07-28T19:01:41Z|stock|WARN|order=96757|amount=57.33|msg=payment failed, cart preserved
2026-07-28T19:01:42Z|checkout|WARN|order=25974|amount=392.54|msg=stock level low
2026-07-28T19:01:42Z|checkout|ERROR|order=37274|amount=146.18|msg=gateway timeout after 30s
2026-07-28T19:01:43Z|checkout|ERROR|order=31673|amount=187.30|msg=stock service unreachable
2026-07-28T19:01:43Z|checkout|INFO|order=44951|amount=82.56|msg=checkout started
2026-07-28T19:01:44Z|payment|INFO|order=12781|amount=129.30|msg=invoice generated
2026-07-28T19:01:44Z|payment|INFO|order=48148|amount=91.05|msg=checkout started
2026-07-28T19:01:45Z|stock|INFO|order=67836|amount=275.94|msg=order confirmed
2026-07-28T19:01:45Z|stock|INFO|order=56029|amount=42.46|msg=invoice generated
2026-07-28T19:01:45Z|stock|INFO|order=16407|amount=66.21|msg=stock reserved
2026-07-28T19:01:46Z|stock|INFO|order=37179|amount=124.29|msg=checkout started
2026-07-28T19:01:46Z|payment|WARN|order=93654|amount=203.84|msg=stock level low
2026-07-28T19:01:47Z|stock|INFO|order=52873|amount=301.62|msg=invoice generated
2026-07-28T19:01:47Z|checkout|INFO|order=19285|amount=239.49|msg=payment captured
2026-07-28T19:01:49Z|checkout|INFO|order=23273|amount=390.74|msg=payment captured
2026-07-28T19:01:49Z|stock|ERROR|order=62446|amount=23.99|msg=gateway timeout after 30s
2026-07-28T19:01:50Z|payment|INFO|order=13567|amount=237.57|msg=invoice generated
2026-07-28T19:01:50Z|checkout|INFO|order=24329|amount=72.36|msg=checkout started
2026-07-28T19:01:50Z|checkout|INFO|order=93311|amount=13.66|msg=invoice generated
2026-07-28T19:01:51Z|payment|INFO|order=23481|amount=114.98|msg=stock reserved
2026-07-28T19:01:52Z|stock|INFO|order=26665|amount=275.03|msg=stock reserved
2026-07-28T19:01:54Z|stock|WARN|order=19634|amount=356.32|msg=retrying gateway call
2026-07-28T19:01:55Z|stock|INFO|order=87347|amount=132.12|msg=payment captured
2026-07-28T19:01:56Z|payment|INFO|order=43972|amount=37.85|msg=payment captured
2026-07-28T19:01:56Z|stock|WARN|order=57202|amount=110.75|msg=stock level low
2026-07-28T19:01:58Z|stock|WARN|order=63513|amount=174.24|msg=retrying gateway call
2026-07-28T19:01:59Z|checkout|INFO|order=33778|amount=274.91|msg=payment captured
2026-07-28T19:01:59Z|checkout|INFO|order=73901|amount=187.58|msg=stock reserved
2026-07-28T19:01:59Z|stock|INFO|order=47725|amount=267.41|msg=invoice generated
2026-07-28T19:02:00Z|checkout|INFO|order=55949|amount=240.06|msg=payment captured
2026-07-28T19:02:00Z|payment|INFO|order=53330|amount=103.86|msg=invoice generated
2026-07-28T19:02:01Z|stock|WARN|order=24424|amount=28.18|msg=payment failed, cart preserved
2026-07-28T19:02:01Z|payment|INFO|order=71905|amount=253.80|msg=payment captured
2026-07-28T19:02:01Z|stock|INFO|order=26325|amount=34.47|msg=checkout started
2026-07-28T19:02:03Z|checkout|INFO|order=98363|amount=8.84|msg=stock reserved
2026-07-28T19:02:03Z|payment|WARN|order=82883|amount=9.76|msg=slow response from bank
2026-07-28T19:02:04Z|stock|INFO|order=44284|amount=391.00|msg=stock reserved
2026-07-28T19:02:05Z|checkout|INFO|order=92601|amount=232.41|msg=stock reserved
2026-07-28T19:02:05Z|stock|ERROR|order=76673|amount=125.95|msg=card declined
2026-07-28T19:02:05Z|payment|ERROR|order=59780|amount=113.08|msg=order rollback
2026-07-28T19:02:06Z|checkout|INFO|order=42586|amount=51.08|msg=stock reserved
2026-07-28T19:02:07Z|payment|WARN|order=86598|amount=224.64|msg=stock level low
2026-07-28T19:02:08Z|payment|INFO|order=23404|amount=140.82|msg=order confirmed
2026-07-28T19:02:09Z|payment|INFO|order=45496|amount=199.50|msg=checkout started
null
2026-07-28T19:02:11Z|checkout|ERROR|order=22374|amount=267.06|msg=stock service unreachable
2026-07-28T19:02:12Z|checkout|WARN|order=45260|amount=240.00|msg=payment failed, cart preserved
2026-07-28T19:02:14Z|checkout|INFO|order=76600|amount=24.09|msg=order confirmed
2026-07-28T19:02:17Z|checkout|INFO|order=96389|amount=64.26|msg=payment captured
2026-07-28T19:02:19Z|payment|INFO|order=81523|amount=280.60|msg=stock reserved
2026-07-28T19:02:20Z|stock|ERROR|order=69882|amount=311.35|msg=order rollback
2026-07-28T19:02:21Z|payment|INFO|order=19807|amount=343.31|msg=payment captured
2026-07-28T19:02:21Z|stock|INFO|order=49377|amount=204.46|msg=invoice generated
2026-07-28T19:02:21Z|stock|ERROR|order=90857|amount=353.64|msg=card declined
2026-07-28T19:02:22Z|payment|ERROR|order=83359|amount=370.32|msg=stock service unreachable
2026-07-28T19:02:22Z|payment|WARN|order=85023|amount=365.18|msg=retrying gateway call
2026-07-28T19:02:24Z|stock|INFO|order=76980|amount=306.88|msg=order confirmed
2026-07-28T19:02:25Z|stock|INFO|order=39823|amount=224.27|msg=payment captured
2026-07-28T19:02:25Z|checkout|ERROR|order=22963|amount=376.97|msg=stock service unreachable
2026-07-28T19:02:25Z|payment|INFO|order=24679|amount=393.21|msg=checkout started
2026-07-28T19:02:26Z|checkout|INFO|order=65153|amount=194.99|msg=order confirmed
2026-07-28T19:02:27Z|payment|INFO|order=99112|amount=103.65|msg=payment captured
2026-07-28T19:02:27Z|checkout|ERROR|order=77805|amount=288.02|msg=order rollback
2026-07-28T19:02:28Z|stock|INFO|order=28937|amount=138.26|msg=payment captured
2026-07-28T19:02:29Z|checkout|INFO|order=48627|amount=200.92|msg=checkout started
2026-07-28T19:02:29Z|checkout|ERROR|order=49704|amount=215.22|msg=order rollback
2026-07-28T19:02:31Z|payment|INFO|order=60985|amount=316.90|msg=checkout started
2026-07-28T19:02:31Z|payment|INFO|order=74570|amount=376.92|msg=checkout started
2026-07-28T19:02:32Z|payment|FATAL-OOM
2026-07-28T19:02:33Z|checkout|INFO|order=77446|amount=374.78|msg=order confirmed
2026-07-28T19:02:34Z|stock|INFO|order=64291|amount=315.52|msg=stock reserved
2026-07-28T19:02:34Z|checkout|INFO|order=28660|amount=73.51|msg=stock reserved
2026-07-28T19:02:35Z|checkout|WARN|order=56641|amount=71.77|msg=payment failed, cart preserved
2026-07-28T19:02:36Z|payment|INFO|order=16562|amount=345.17|msg=order confirmed
2026-07-28T19:02:36Z|payment|INFO|order=67329|amount=358.78|msg=payment captured
2026-07-28T19:02:37Z|payment|INFO|order=33505|amount=56.10|msg=stock reserved
2026-07-28T19:02:38Z|stock|INFO|order=98344|amount=181.76|msg=stock reserved
2026-07-28T19:02:38Z|checkout|WARN|order=47975|amount=258.25|msg=payment failed, cart preserved
2026-07-28T19:02:39Z|stock|INFO|order=18696|amount=250.90|msg=order confirmed
2026-07-28T19:02:39Z|checkout|ERROR|order=74826|amount=335.78|msg=order rollback
2026-07-28T19:02:40Z|checkout|INFO|order=89007|amount=78.53|msg=checkout started
2026-07-28T19:02:42Z|checkout|INFO|order=69290|amount=50.02|msg=checkout started
2026-07-28T19:02:42Z|stock|INFO|order=75832|amount=181.06|msg=order confirmed
2026-07-28T19:02:42Z|checkout|INFO|order=42285|amount=334.94|msg=invoice generated
2026-07-28T19:02:42Z|stock|INFO|order=27418|amount=234.22|msg=order confirmed
2026-07-28T19:02:43Z|checkout|INFO|order=23401|amount=8.13|msg=payment captured
2026-07-28T19:02:43Z|stock|ERROR|order=61990|amount=26.32|msg=gateway timeout after 30s
2026-07-28T19:02:44Z|payment|WARN|order=47147|amount=117.53|msg=stock level low
2026-07-28T19:02:44Z|payment|INFO|order=91045|amount=366.32|msg=checkout started
2026-07-28T19:02:45Z|checkout|ERROR|order=14332|amount=354.73|msg=stock service unreachable
2026-07-28T19:02:48Z|payment|INFO|order=93905|amount=345.65|msg=order confirmed
2026-07-28T19:02:50Z|stock|INFO|order=96818|amount=179.09|msg=invoice generated
2026-07-28T19:02:50Z|stock|INFO|order=93140|amount=256.75|msg=payment captured
2026-07-28T19:02:50Z|stock|INFO|order=32748|amount=12.38|msg=payment captured
2026-07-28T19:02:51Z|stock|INFO|order=81503|amount=255.56|msg=stock reserved
2026-07-28T19:02:52Z|stock|INFO|order=33155|amount=346.65|msg=checkout started
2026-07-28T19:02:53Z|payment|WARN|order=48216|amount=246.34|msg=slow response from bank
2026-07-28T19:02:53Z|checkout|INFO|order=59262|amount=130.89|msg=stock reserved
2026-07-28T19:02:54Z|stock|INFO|order=19710|amount=223.14|msg=payment captured
2026-07-28T19:02:54Z|checkout|INFO|order=33206|amount=44.22|msg=checkout started
2026-07-28T19:02:55Z|payment|INFO|order=80696|amount=115.58|msg=stock reserved
2026-07-28T19:02:57Z|checkout|WARN|order=13342|amount=243.92|msg=retrying gateway call
2026-07-28T19:02:57Z|checkout|INFO|order=28793|amount=343.10|msg=order confirmed
2026-07-28T19:02:57Z|payment|INFO|order=10278|amount=23.83|msg=stock reserved
2026-07-28T19:02:57Z|stock|INFO|order=10013|amount=121.20|msg=order confirmed
2026-07-28T19:03:00Z|checkout|INFO|order=36737|amount=279.36|msg=order confirmed
null
2026-07-28T19:03:01Z|payment|WARN|order=87818|amount=169.76|msg=retrying gateway call
2026-07-28T19:03:02Z|payment|WARN|order=55612|amount=33.22|msg=retrying gateway call
2026-07-28T19:03:03Z|stock|INFO|order=25280|amount=220.66|msg=payment captured
2026-07-28T19:03:04Z|payment|INFO|order=74338|amount=363.96|msg=payment captured
2026-07-28T19:03:05Z|payment|ERROR|order=77294|amount=51.92|msg=stock service unreachable
2026-07-28T19:03:05Z|stock|INFO|order=97918|amount=252.84|msg=checkout started
2026-07-28T19:03:06Z|checkout|WARN|order=71933|amount=336.67|msg=stock level low
2026-07-28T19:03:06Z|stock|INFO|order=15191|amount=195.08|msg=checkout started
2026-07-28T19:03:08Z|stock|ERROR|order=85227|amount=176.66|msg=order rollback
2026-07-28T19:03:08Z|stock|INFO|order=35933|amount=241.66|msg=invoice generated
2026-07-28T19:03:09Z|payment|INFO|order=46106|amount=385.83|msg=checkout started
2026-07-28T19:03:09Z|payment|INFO|order=20566|amount=147.63|msg=payment captured
2026-07-28T19:03:10Z|checkout|ERROR|order=76909|amount=61.37|msg=card declined
2026-07-28T19:03:10Z|checkout|WARN|order=39663|amount=38.59|msg=retrying gateway call
2026-07-28T19:03:10Z|payment|INFO|order=16149|amount=285.75|msg=invoice generated
2026-07-28T19:03:10Z|stock|INFO|order=68182|amount=65.28|msg=payment captured
2026-07-28T19:03:11Z|stock|INFO|order=91550|amount=118.67|msg=order confirmed
2026-07-28T19:03:11Z|stock|INFO|order=10889|amount=365.34|msg=invoice generated
2026-07-28T19:03:12Z|payment|INFO|order=16116|amount=391.07|msg=checkout started
2026-07-28T19:03:12Z|payment|INFO|order=19082|amount=199.31|msg=order confirmed
2026-07-28T19:03:12Z|stock|INFO|order=83284|amount=97.04|msg=order confirmed
2026-07-28T19:03:12Z|stock|INFO|order=93822|amount=182.09|msg=invoice generated
2026-07-28T19:03:13Z|checkout|ERROR|order=42220|amount=143.60|msg=order rollback
2026-07-28T19:03:13Z|checkout|INFO|order=26151|amount=96.72|msg=invoice generated
2026-07-28T19:03:13Z|stock|INFO|order=67843|amount=88.67|msg=payment captured
2026-07-28T19:03:14Z|stock|ERROR|order=78188|amount=68.56|msg=order rollback
2026-07-28T19:03:15Z|payment|INFO|order=60943|amount=136.22|msg=order confirmed
2026-07-28T19:03:17Z|checkout|INFO|order=17525|amount=329.05|msg=checkout started
2026-07-28T19:03:18Z|stock|ERROR|order=84619|amount=181.97|msg=card declined
2026-07-28T19:03:19Z|payment|INFO|order=99556|amount=204.88|msg=order confirmed
2026-07-28T19:03:21Z|checkout|INFO|order=86636|amount=97.14|msg=invoice generated
2026-07-28T19:03:22Z|stock|WARN|order=89141|amount=182.83|msg=retrying gateway call
2026-07-28T19:03:22Z|stock|WARN|order=82517|amount=301.15|msg=payment failed, cart preserved
2026-07-28T19:03:23Z|checkout|INFO|order=80762|amount=93.32|msg=stock reserved
2026-07-28T19:03:23Z|payment|ERROR|order=26370|amount=155.58|msg=order rollback
2026-07-28T19:03:24Z|checkout|INFO|order=93232|amount=266.05|msg=order confirmed
2026-07-28T19:03:25Z|checkout|WARN|order=14525|amount=231.15|msg=stock level low
2026-07-28T19:03:25Z|payment|INFO|order=69245|amount=267.74|msg=checkout started
2026-07-28T19:03:26Z|payment|ERROR|order=55758|amount=275.38|msg=card declined
2026-07-28T19:03:26Z|checkout|INFO|order=51293|amount=233.63|msg=order confirmed
2026-07-28T19:03:27Z|payment|INFO|order=52507|amount=38.04|msg=stock reserved
2026-07-28T19:03:27Z|checkout|WARN|order=90967|amount=35.93|msg=stock level low
2026-07-28T19:03:28Z|stock|INFO|order=77293|amount=178.85|msg=checkout started
2026-07-28T19:03:28Z|payment|WARN|order=92651|amount=384.61|msg=payment failed, cart preserved
2026-07-28T19:03:30Z|payment|INFO|order=75484|amount=108.11|msg=invoice generated
2026-07-28T19:03:31Z|checkout|INFO|order=59262|amount=11.45|msg=stock reserved
2026-07-28T19:03:31Z|payment|WARN|order=54043|amount=117.72|msg=retrying gateway call
2026-07-28T19:03:32Z|stock|INFO|order=19029|amount=34.64|msg=stock reserved
2026-07-28T19:03:33Z|checkout|ERROR|order=14887|amount=269.77|msg=gateway timeout after 30s
2026-07-28T19:03:34Z|stock|INFO|order=77239|amount=135.42|msg=order confirmed
2026-07-28T19:03:34Z|checkout|INFO|order=87698|amount=152.77|msg=stock reserved
2026-07-28T19:03:34Z|checkout|ERROR|order=47495|amount=397.15|msg=stock service unreachable
2026-07-28T19:03:34Z|checkout|ERROR|order=67518|amount=142.31|msg=order rollback
2026-07-28T19:03:35Z|checkout|ERROR|order=32131|amount=287.62|msg=stock service unreachable
2026-07-28T19:03:36Z|checkout|INFO|order=17841|amount=22.01|msg=stock reserved
2026-07-28T19:03:36Z|stock|WARN|order=80657|amount=129.75|msg=payment failed, cart preserved
2026-07-28T19:03:37Z|payment|INFO|order=51222|amount=23.50|msg=stock reserved
2026-07-28T19:03:37Z|checkout|ERROR|order=10070|amount=168.90|msg=order rollback
2026-07-28T19:03:38Z|payment|INFO|order=24192|amount=326.92|msg=payment captured
2026-07-28T19:03:38Z|checkout|WARN|order=23315|amount=203.73|msg=slow response from bank
2026-07-28T19:03:39Z|stock|ERROR|order=88109|amount=249.68|msg=stock service unreachable
2026-07-28T19:03:40Z|checkout|INFO|order=62956|amount=117.66|msg=checkout started
2026-07-28T19:03:41Z|stock|ERROR|order=79822|amount=338.15|msg=gateway timeout after 30s
2026-07-28T19:03:42Z|checkout|WARN|order=22355|amount=117.30|msg=retrying gateway call
2026-07-28T19:03:42Z|stock|INFO|order=12859|amount=394.33|msg=payment captured
2026-07-28T19:03:42Z|checkout|INFO|order=93023|amount=136.41|msg=payment captured
2026-07-28T19:03:43Z|stock|INFO|order=30078|amount=46.31|msg=payment captured
2026-07-28T19:03:44Z|stock|INFO|order=89875|amount=59.48|msg=stock reserved
2026-07-28T19:03:44Z|stock|ERROR|order=60650|amount=210.09|msg=order rollback
2026-07-28T19:03:45Z|checkout|INFO|order=81311|amount=97.06|msg=stock reserved
2026-07-28T19:03:46Z|payment|ERROR|order=68848|amount=312.04|msg=card declined
2026-07-28T19:03:46Z|stock|WARN|order=66105|amount=216.16|msg=payment failed, cart preserved
2026-07-28T19:03:47Z|payment|INFO|order=71468|amount=35.70|msg=stock reserved
2026-07-28T19:03:48Z|payment|WARN|order=67655|amount=134.15|msg=slow response from bank
2026-07-28T19:03:48Z|payment|WARN|order=65938|amount=164.42|msg=slow response from bank
2026-07-28T19:03:50Z|stock|INFO|order=65470|amount=151.70|msg=order confirmed
2026-07-28T19:03:51Z|payment|INFO|order=51861|amount=390.00|msg=payment captured
2026-07-28T19:03:52Z|payment|INFO|order=57768|amount=95.14|msg=invoice generated
2026-07-28T19:03:54Z|stock|WARN|order=10464|amount=22.06|msg=stock level low
2026-07-28T19:03:55Z|checkout|INFO|order=14928|amount=392.13|msg=stock reserved
2026-07-28T19:03:55Z|checkout|WARN|order=65812|amount=224.57|msg=payment failed, cart preserved
2026-07-28T19:03:56Z|stock|ERROR|order=42352|amount=278.25|msg=gateway timeout after 30s
2026-07-28T19:03:56Z|stock|INFO|order=54908|amount=207.93|msg=order confirmed
2026-07-28T19:03:56Z|payment|ERROR|order=78205|amount=61.71|msg=order rollback
2026-07-28T19:03:58Z|checkout|WARN|order=73577|amount=283.20|msg=slow response from bank
2026-07-28T19:03:59Z|stock|INFO|order=92279|amount=354.59|msg=invoice generated
2026-07-28T19:03:59Z|stock|INFO|order=13415|amount=271.13|msg=payment captured
2026-07-28T19:03:59Z|stock|ERROR|order=18675|amount=153.93|msg=order rollback
2026-07-28T19:04:01Z|payment|INFO|order=59641|amount=317.24|msg=invoice generated
2026-07-28T19:04:01Z|checkout|INFO|order=93338|amount=340.23|msg=stock reserved
2026-07-28T19:04:01Z|checkout|INFO|order=23401|amount=140.09|msg=checkout started
2026-07-28T19:04:02Z|payment|INFO|order=45522|amount=156.54|msg=invoice generated
2026-07-28T19:04:03Z|payment|INFO|order=97260|amount=223.38|msg=checkout started
2026-07-28T19:04:03Z|payment|ERROR|order=|msg=
2026-07-28T19:04:03Z|payment|ERROR|order=18590|amount=226.70|msg=card declined
2026-07-28T19:04:04Z|payment|INFO|order=80381|amount=101.94|msg=stock reserved
2026-07-28T19:04:05Z|payment|INFO|order=64519|amount=165.41|msg=order confirmed
2026-07-28T19:04:05Z|payment|INFO|order=24631|amount=97.14|msg=payment captured
2026-07-28T19:04:05Z|stock|ERROR|order=21219|amount=373.18|msg=card declined
2026-07-28T19:04:06Z|checkout|ERROR|order=69506|amount=94.96|msg=stock service unreachable
2026-07-28T19:04:07Z|payment|INFO|order=96287|amount=161.73|msg=invoice generated
2026-07-28T19:04:07Z|checkout|INFO|order=11751|amount=385.56|msg=order confirmed
2026-07-28T19:04:08Z|checkout|INFO|order=62931|amount=209.49|msg=invoice generated
2026-07-28T19:04:08Z|checkout|INFO|order=58883|amount=190.03|msg=checkout started
2026-07-28T19:04:09Z|stock|INFO|order=59547|amount=180.79|msg=stock reserved
2026-07-28T19:04:09Z|payment|ERROR|order=76968|amount=367.92|msg=card declined
2026-07-28T19:04:10Z|checkout|INFO|order=35120|amount=32.05|msg=order confirmed
null
2026-07-28T19:04:11Z|checkout|WARN|order=85615|amount=171.96|msg=stock level low
2026-07-28T19:04:12Z|checkout|INFO|order=59155|amount=70.71|msg=stock reserved
2026-07-28T19:04:12Z|checkout|ERROR|order=50729|amount=240.57|msg=card declined
2026-07-28T19:04:12Z|checkout|INFO|order=83043|amount=357.20|msg=checkout started
2026-07-28T19:04:13Z|stock|INFO|order=24685|amount=18.58|msg=invoice generated
2026-07-28T19:04:13Z|checkout|ERROR|order=90828|amount=165.12|msg=gateway timeout after 30s
2026-07-28T19:04:14Z|stock|INFO|order=68301|amount=136.80|msg=stock reserved
2026-07-28T19:04:14Z|payment|INFO|order=74393|amount=180.22|msg=checkout started
2026-07-28T19:04:14Z|stock|WARN|order=23091|amount=149.54|msg=slow response from bank
2026-07-28T19:04:15Z|checkout|INFO|order=76754|amount=20.11|msg=order confirmed
2026-07-28T19:04:15Z|checkout|ERROR|order=81136|amount=391.59|msg=gateway timeout after 30s
2026-07-28T19:04:16Z|payment|ERROR|order=11773|amount=42.58|msg=gateway timeout after 30s
2026-07-28T19:04:17Z|stock|INFO|order=34246|amount=264.11|msg=payment captured
2026-07-28T19:04:17Z|payment|INFO|order=24332|amount=115.19|msg=checkout started
2026-07-28T19:04:17Z|stock|INFO|order=84024|amount=94.15|msg=checkout started
2026-07-28T19:04:18Z|checkout|INFO|order=55632|amount=291.36|msg=order confirmed
2026-07-28T19:04:18Z|payment|INFO|order=56980|amount=117.89|msg=payment captured
2026-07-28T19:04:18Z|stock|ERROR|order=50654|amount=280.45|msg=card declined
2026-07-28T19:04:19Z|payment|ERROR|order=|msg=
2026-07-28T19:04:19Z|stock|INFO|order=61796|amount=231.95|msg=stock reserved
2026-07-28T19:04:20Z|payment|INFO|order=18231|amount=114.03|msg=payment captured
2026-07-28T19:04:21Z|payment|INFO|order=32064|amount=376.59|msg=stock reserved
2026-07-28T19:04:21Z|stock|INFO|order=55398|amount=192.58|msg=invoice generated
2026-07-28T19:04:21Z|payment|INFO|order=37394|amount=286.94|msg=checkout started
2026-07-28T19:04:22Z|payment|INFO|order=44380|amount=41.31|msg=checkout started
2026-07-28T19:04:22Z|checkout|INFO|order=55027|amount=49.92|msg=invoice generated
2026-07-28T19:04:23Z|payment|ERROR|order=73782|amount=175.30|msg=card declined
2026-07-28T19:04:24Z|stock|WARN|order=36290|amount=276.39|msg=payment failed, cart preserved
2026-07-28T19:04:24Z|payment|WARN|order=57216|amount=371.01|msg=slow response from bank
2026-07-28T19:04:25Z|checkout|ERROR|order=57095|amount=85.28|msg=gateway timeout after 30s
2026-07-28T19:04:25Z|stock|WARN|order=45022|amount=204.20|msg=payment failed, cart preserved
2026-07-28T19:04:25Z|stock|INFO|order=87021|amount=377.04|msg=checkout started
2026-07-28T19:04:26Z|payment|INFO|order=23303|amount=155.10|msg=invoice generated
2026-07-28T19:04:26Z|stock|INFO|order=34711|amount=379.28|msg=stock reserved
2026-07-28T19:04:27Z|stock|ERROR|order=21714|amount=250.76|msg=gateway timeout after 30s
2026-07-28T19:04:28Z|checkout|INFO|order=36144|amount=167.84|msg=payment captured
2026-07-28T19:04:28Z|checkout|INFO|order=79007|amount=221.79|msg=stock reserved
2026-07-28T19:04:28Z|payment|INFO|order=65836|amount=95.51|msg=checkout started
2026-07-28T19:04:29Z|stock|WARN|order=33599|amount=104.48|msg=retrying gateway call
2026-07-28T19:04:29Z|checkout|INFO|order=99749|amount=345.99|msg=order confirmed
2026-07-28T19:04:30Z|checkout|INFO|order=99075|amount=138.79|msg=order confirmed
2026-07-28T19:04:31Z|stock|INFO|order=79298|amount=209.85|msg=checkout started
2026-07-28T19:04:33Z|payment|ERROR|order=55002|amount=138.47|msg=card declined
2026-07-28T19:04:33Z|payment|INFO|order=56757|amount=66.98|msg=stock reserved
2026-07-28T19:04:34Z|checkout|INFO|order=94826|amount=75.14|msg=checkout started
2026-07-28T19:04:36Z|payment|INFO|order=82725|amount=343.65|msg=stock reserved
2026-07-28T19:04:36Z|stock|INFO|order=63536|amount=216.00|msg=stock reserved
2026-07-28T19:04:37Z|stock|INFO|order=28510|amount=159.26|msg=order confirmed
2026-07-28T19:04:38Z|stock|INFO|order=27734|amount=34.73|msg=invoice generated
2026-07-28T19:04:39Z|payment|INFO|order=46093|amount=277.75|msg=checkout started
2026-07-28T19:04:39Z|payment|INFO|order=23870|amount=216.56|msg=stock reserved
2026-07-28T19:04:41Z|checkout|ERROR|order=47603|amount=83.18|msg=card declined
2026-07-28T19:04:42Z|stock|INFO|order=72181|amount=69.46|msg=order confirmed
2026-07-28T19:04:42Z|payment|INFO|order=68642|amount=112.90|msg=order confirmed
2026-07-28T19:04:42Z|checkout|INFO|order=34142|amount=386.33|msg=stock reserved
2026-07-28T19:04:43Z|payment|WARN|order=47257|amount=103.74|msg=retrying gateway call
2026-07-28T19:04:44Z|stock|WARN|order=49653|amount=164.48|msg=slow response from bank
2026-07-28T19:04:45Z|checkout|INFO|order=83220|amount=181.99|msg=payment captured
2026-07-28T19:04:45Z|payment|FATAL-OOM
2026-07-28T19:04:45Z|stock|INFO|order=90059|amount=386.85|msg=invoice generated
2026-07-28T19:04:45Z|checkout|WARN|order=48653|amount=105.90|msg=retrying gateway call
2026-07-28T19:04:47Z|checkout|INFO|order=15789|amount=279.05|msg=checkout started
2026-07-28T19:04:48Z|stock|INFO|order=81249|amount=220.33|msg=invoice generated
2026-07-28T19:04:48Z|stock|ERROR|order=74690|amount=313.45|msg=order rollback
2026-07-28T19:04:48Z|checkout|INFO|order=64450|amount=394.82|msg=checkout started
2026-07-28T19:04:49Z|stock|INFO|order=94799|amount=212.50|msg=order confirmed
2026-07-28T19:04:49Z|payment|INFO|order=52116|amount=363.34|msg=stock reserved
2026-07-28T19:04:50Z|stock|INFO|order=27840|amount=270.77|msg=invoice generated
2026-07-28T19:04:50Z|stock|INFO|order=42963|amount=192.85|msg=payment captured
2026-07-28T19:04:51Z|stock|WARN|order=99350|amount=306.30|msg=retrying gateway call
2026-07-28T19:04:51Z|payment|INFO|order=31691|amount=26.79|msg=order confirmed
2026-07-28T19:04:51Z|payment|INFO|order=56323|amount=146.40|msg=order confirmed
2026-07-28T19:04:52Z|checkout|ERROR|order=87130|amount=103.06|msg=card declined
2026-07-28T19:04:53Z|payment|INFO|order=70402|amount=384.12|msg=checkout started
2026-07-28T19:04:53Z|checkout|ERROR|order=10017|amount=124.00|msg=order rollback
2026-07-28T19:04:53Z|stock|INFO|order=44684|amount=321.19|msg=stock reserved
2026-07-28T19:04:53Z|stock|WARN|order=17567|amount=305.97|msg=slow response from bank
2026-07-28T19:04:54Z|payment|ERROR|order=43302|amount=63.20|msg=gateway timeout after 30s
2026-07-28T19:04:54Z|stock|INFO|order=79924|amount=63.56|msg=order confirmed
2026-07-28T19:04:55Z|payment|INFO|order=54242|amount=114.56|msg=order confirmed
2026-07-28T19:04:56Z|checkout|INFO|order=35991|amount=336.88|msg=stock reserved
2026-07-28T19:04:58Z|stock|WARN|order=39448|amount=26.22|msg=retrying gateway call
2026-07-28T19:04:59Z|payment|ERROR|order=33538|amount=143.68|msg=order rollback
2026-07-28T19:05:00Z|checkout|WARN|order=70082|amount=145.34|msg=retrying gateway call
null
2026-07-28T19:05:01Z|payment|WARN|order=43711|amount=266.26|msg=retrying gateway call
2026-07-28T19:05:03Z|checkout|INFO|order=70250|amount=249.04|msg=stock reserved
2026-07-28T19:05:03Z|checkout|INFO|order=57592|amount=197.90|msg=invoice generated
2026-07-28T19:05:04Z|payment|INFO|order=98884|amount=172.12|msg=order confirmed
2026-07-28T19:05:04Z|checkout|INFO|order=95119|amount=115.40|msg=checkout started
2026-07-28T19:05:06Z|payment|INFO|order=31373|amount=134.90|msg=payment captured
2026-07-28T19:05:06Z|stock|INFO|order=92300|amount=72.71|msg=checkout started
2026-07-28T19:05:07Z|stock|INFO|order=77018|amount=91.53|msg=payment captured
2026-07-28T19:05:07Z|payment|INFO|order=61694|amount=152.09|msg=stock reserved
2026-07-28T19:05:07Z|checkout|INFO|order=19424|amount=274.80|msg=stock reserved
2026-07-28T19:05:11Z|payment|INFO|order=47875|amount=208.08|msg=checkout started
2026-07-28T19:05:13Z|payment|INFO|order=59376|amount=210.77|msg=checkout started
2026-07-28T19:05:14Z|payment|INFO|order=51086|amount=235.26|msg=payment captured
2026-07-28T19:05:14Z|checkout|WARN|order=64142|amount=12.08|msg=retrying gateway call
2026-07-28T19:05:14Z|stock|WARN|order=96238|amount=115.19|msg=retrying gateway call
2026-07-28T19:05:15Z|stock|INFO|order=95452|amount=137.24|msg=checkout started
2026-07-28T19:05:15Z|checkout|INFO|order=63008|amount=158.10|msg=payment captured
2026-07-28T19:05:16Z|stock|INFO|order=69775|amount=256.30|msg=order confirmed
2026-07-28T19:05:17Z|stock|INFO|order=23612|amount=371.26|msg=order confirmed
2026-07-28T19:05:17Z|checkout|WARN|order=72946|amount=5.23|msg=payment failed, cart preserved
2026-07-28T19:05:18Z|checkout|WARN|order=17039|amount=332.10|msg=stock level low
2026-07-28T19:05:19Z|payment|ERROR|order=73703|amount=95.72|msg=stock service unreachable
2026-07-28T19:05:19Z|payment|INFO|order=26861|amount=209.47|msg=payment captured
2026-07-28T19:05:20Z|checkout|INFO|order=34589|amount=359.88|msg=checkout started
2026-07-28T19:05:21Z|checkout|WARN|order=75439|amount=360.70|msg=stock level low
2026-07-28T19:05:22Z|stock|INFO|order=22175|amount=367.45|msg=stock reserved
2026-07-28T19:05:23Z|payment|INFO|order=12226|amount=240.33|msg=order confirmed
2026-07-28T19:05:23Z|payment|INFO|order=35545|amount=118.88|msg=checkout started
2026-07-28T19:05:24Z|checkout|INFO|order=11867|amount=88.46|msg=payment captured
2026-07-28T19:05:25Z|payment|WARN|order=17849|amount=300.41|msg=payment failed, cart preserved
2026-07-28T19:05:26Z|stock|INFO|order=18956|amount=255.64|msg=order confirmed
2026-07-28T19:05:26Z|stock|INFO|order=28786|amount=71.90|msg=invoice generated
2026-07-28T19:05:26Z|payment|INFO|order=97145|amount=252.43|msg=checkout started
2026-07-28T19:05:28Z|payment|ERROR|order=26347|amount=310.96|msg=gateway timeout after 30s
2026-07-28T19:05:29Z|payment|INFO|order=88469|amount=40.98|msg=checkout started
2026-07-28T19:05:29Z|stock|INFO|order=12694|amount=195.45|msg=stock reserved
2026-07-28T19:05:30Z|stock|ERROR|order=80637|amount=14.15|msg=gateway timeout after 30s
2026-07-28T19:05:30Z|checkout|INFO|order=98405|amount=340.85|msg=payment captured
2026-07-28T19:05:30Z|payment|INFO|order=40748|amount=282.66|msg=invoice generated
2026-07-28T19:05:30Z|stock|INFO|order=56443|amount=319.99|msg=checkout started
2026-07-28T19:05:31Z|payment|INFO|order=50114|amount=114.53|msg=checkout started
2026-07-28T19:05:31Z|payment|ERROR|order=51848|amount=278.70|msg=order rollback
2026-07-28T19:05:32Z|stock|INFO|order=86962|amount=249.10|msg=invoice generated
2026-07-28T19:05:33Z|checkout|INFO|order=81654|amount=24.51|msg=checkout started
2026-07-28T19:05:33Z|payment|INFO|order=59859|amount=153.58|msg=payment captured
2026-07-28T19:05:34Z|checkout|INFO|order=86910|amount=283.77|msg=stock reserved
2026-07-28T19:05:35Z|checkout|INFO|order=77589|amount=389.72|msg=order confirmed
2026-07-28T19:05:36Z|stock|INFO|order=93123|amount=106.35|msg=checkout started
2026-07-28T19:05:36Z|checkout|INFO|order=56687|amount=130.91|msg=payment captured
2026-07-28T19:05:36Z|stock|ERROR|order=28212|amount=383.67|msg=card declined
2026-07-28T19:05:37Z|stock|INFO|order=43130|amount=282.42|msg=stock reserved
2026-07-28T19:05:38Z|payment|INFO|order=85647|amount=212.42|msg=payment captured
2026-07-28T19:05:39Z|stock|INFO|order=83814|amount=167.74|msg=invoice generated
2026-07-28T19:05:39Z|checkout|INFO|order=27661|amount=362.53|msg=checkout started
2026-07-28T19:05:39Z|payment|INFO|order=86075|amount=331.29|msg=checkout started
2026-07-28T19:05:40Z|payment|INFO|order=70761|amount=374.90|msg=checkout started
2026-07-28T19:05:40Z|payment|ERROR|order=38626|amount=386.92|msg=card declined
2026-07-28T19:05:40Z|stock|INFO|order=69214|amount=138.53|msg=order confirmed
2026-07-28T19:05:42Z|payment|ERROR|order=53869|amount=166.14|msg=order rollback
2026-07-28T19:05:42Z|payment|INFO|order=92633|amount=170.23|msg=invoice generated
2026-07-28T19:05:42Z|stock|INFO|order=31126|amount=14.76|msg=payment captured
2026-07-28T19:05:43Z|checkout|INFO|order=16489|amount=20.82|msg=invoice generated
2026-07-28T19:05:43Z|checkout|INFO|order=83089|amount=353.90|msg=stock reserved
2026-07-28T19:05:43Z|payment|INFO|order=21347|amount=330.48|msg=stock reserved
2026-07-28T19:05:44Z|checkout|INFO|order=96626|amount=351.58|msg=checkout started
2026-07-28T19:05:45Z|payment|INFO|order=28636|amount=126.44|msg=invoice generated
2026-07-28T19:05:48Z|payment|INFO|order=84434|amount=147.61|msg=invoice generated
2026-07-28T19:05:48Z|stock|ERROR|order=71292|amount=188.23|msg=card declined
2026-07-28T19:05:48Z|stock|WARN|order=92656|amount=306.22|msg=stock level low
2026-07-28T19:05:49Z|stock|INFO|order=79615|amount=324.06|msg=checkout started
2026-07-28T19:05:50Z|checkout|ERROR|order=88118|amount=147.87|msg=gateway timeout after 30s
2026-07-28T19:05:51Z|checkout|INFO|order=42619|amount=309.11|msg=payment captured
2026-07-28T19:05:51Z|stock|INFO|order=39046|amount=366.70|msg=payment captured
2026-07-28T19:05:51Z|stock|INFO|order=43446|amount=301.85|msg=invoice generated
2026-07-28T19:05:53Z|stock|INFO|order=23106|amount=122.20|msg=checkout started
2026-07-28T19:05:53Z|checkout|INFO|order=43626|amount=245.42|msg=invoice generated
2026-07-28T19:05:54Z|stock|INFO|order=81297|amount=308.93|msg=checkout started
2026-07-28T19:05:54Z|checkout|INFO|order=55282|amount=370.23|msg=invoice generated
2026-07-28T19:05:55Z|payment|INFO|order=71274|amount=278.94|msg=order confirmed
2026-07-28T19:05:57Z|checkout|WARN|order=91415|amount=200.89|msg=stock level low
2026-07-28T19:05:57Z|payment|INFO|order=64475|amount=316.94|msg=stock reserved
2026-07-28T19:05:57Z|payment|WARN|order=47654|amount=308.89|msg=slow response from bank
2026-07-28T19:05:58Z|checkout|INFO|order=61618|amount=328.14|msg=invoice generated
2026-07-28T19:05:58Z|checkout|ERROR|order=17457|amount=165.11|msg=order rollback
2026-07-28T19:05:59Z|payment|INFO|order=78657|amount=272.98|msg=checkout started
2026-07-28T19:05:59Z|checkout|INFO|order=19372|amount=393.62|msg=invoice generated
2026-07-28T19:06:00Z|stock|INFO|order=69785|amount=246.98|msg=order confirmed
2026-07-28T19:06:00Z|payment|WARN|order=90600|amount=25.90|msg=slow response from bank
2026-07-28T19:06:01Z|stock|INFO|order=67611|amount=46.56|msg=stock reserved
2026-07-28T19:06:01Z|stock|INFO|order=27599|amount=342.36|msg=invoice generated
2026-07-28T19:06:02Z|checkout|WARN|order=18549|amount=320.23|msg=stock level low
2026-07-28T19:06:03Z|stock|INFO|order=17066|amount=372.67|msg=order confirmed
2026-07-28T19:06:03Z|payment|ERROR|order=31984|amount=76.81|msg=order rollback
2026-07-28T19:06:05Z|payment|INFO|order=33678|amount=379.26|msg=payment captured
2026-07-28T19:06:06Z|stock|INFO|order=61234|amount=229.18|msg=checkout started
2026-07-28T19:06:06Z|checkout|INFO|order=25512|amount=360.14|msg=invoice generated
2026-07-28T19:06:07Z|payment|INFO|order=44087|amount=266.85|msg=payment captured
2026-07-28T19:06:08Z|checkout|ERROR|order=58777|amount=378.04|msg=card declined
2026-07-28T19:06:08Z|stock|INFO|order=31232|amount=347.25|msg=invoice generated
2026-07-28T19:06:09Z|checkout|WARN|order=11949|amount=79.31|msg=payment failed, cart preserved
2026-07-28T19:06:09Z|checkout|INFO|order=61796|amount=106.16|msg=payment captured
2026-07-28T19:06:09Z|payment|FATAL-OOM
2026-07-28T19:06:11Z|stock|INFO|order=18441|amount=285.80|msg=invoice generated
2026-07-28T19:06:12Z|payment|INFO|order=91256|amount=22.85|msg=invoice generated
2026-07-28T19:06:13Z|checkout|INFO|order=77999|amount=182.52|msg=order confirmed
2026-07-28T19:06:14Z|payment|ERROR|order=18290|amount=122.33|msg=card declined
2026-07-28T19:06:16Z|payment|INFO|order=15925|amount=54.97|msg=order confirmed
2026-07-28T19:06:17Z|payment|INFO|order=36127|amount=87.71|msg=payment captured
2026-07-28T19:06:17Z|payment|INFO|order=56086|amount=188.38|msg=invoice generated
2026-07-28T19:06:17Z|stock|INFO|order=61758|amount=225.09|msg=order confirmed
2026-07-28T19:06:17Z|checkout|INFO|order=28094|amount=219.82|msg=order confirmed
2026-07-28T19:06:18Z|checkout|INFO|order=20522|amount=373.93|msg=stock reserved
2026-07-28T19:06:18Z|checkout|INFO|order=72637|amount=369.79|msg=checkout started
2026-07-28T19:06:18Z|payment|ERROR|order=21892|amount=329.14|msg=card declined
2026-07-28T19:06:18Z|payment|INFO|order=10129|amount=239.83|msg=checkout started
2026-07-28T19:06:19Z|checkout|INFO|order=84876|amount=236.75|msg=payment captured
2026-07-28T19:06:20Z|payment|INFO|order=52983|amount=347.92|msg=payment captured
2026-07-28T19:06:20Z|checkout|INFO|order=11247|amount=302.31|msg=stock reserved
2026-07-28T19:06:21Z|payment|INFO|order=94245|amount=369.68|msg=invoice generated
2026-07-28T19:06:22Z|checkout|WARN|order=27275|amount=202.78|msg=payment failed, cart preserved
2026-07-28T19:06:22Z|checkout|INFO|order=49535|amount=290.72|msg=order confirmed
2026-07-28T19:06:22Z|stock|INFO|order=84606|amount=267.00|msg=checkout started
2026-07-28T19:06:23Z|checkout|WARN|order=94165|amount=237.40|msg=stock level low
2026-07-28T19:06:24Z|stock|ERROR|order=75627|amount=302.95|msg=gateway timeout after 30s
2026-07-28T19:06:25Z|checkout|INFO|order=86761|amount=272.93|msg=checkout started
2026-07-28T19:06:26Z|checkout|INFO|order=62247|amount=191.03|msg=order confirmed
2026-07-28T19:06:27Z|payment|INFO|order=43902|amount=378.24|msg=stock reserved
2026-07-28T19:06:27Z|checkout|INFO|order=18837|amount=18.73|msg=order confirmed
2026-07-28T19:06:27Z|stock|INFO|order=12528|amount=236.48|msg=order confirmed
2026-07-28T19:06:29Z|payment|INFO|order=90663|amount=313.27|msg=order confirmed
2026-07-28T19:06:29Z|checkout|ERROR|order=48332|amount=238.73|msg=gateway timeout after 30s
2026-07-28T19:06:30Z|checkout|INFO|order=61877|amount=127.54|msg=payment captured
2026-07-28T19:06:30Z|payment|WARN|order=33264|amount=109.45|msg=stock level low
2026-07-28T19:06:31Z|checkout|INFO|order=33377|amount=69.57|msg=checkout started
2026-07-28T19:06:31Z|payment|ERROR|order=77913|amount=301.36|msg=gateway timeout after 30s
2026-07-28T19:06:31Z|stock|INFO|order=79655|amount=214.46|msg=payment captured
2026-07-28T19:06:32Z|payment|ERROR|order=53906|amount=72.91|msg=gateway timeout after 30s
2026-07-28T19:06:33Z|payment|ERROR|order=36929|amount=68.38|msg=order rollback
2026-07-28T19:06:36Z|checkout|INFO|order=19362|amount=112.92|msg=stock reserved
2026-07-28T19:06:37Z|stock|INFO|order=85047|amount=311.32|msg=payment captured
2026-07-28T19:06:38Z|stock|INFO|order=24648|amount=253.93|msg=checkout started
2026-07-28T19:06:40Z|checkout|ERROR|order=59761|amount=17.77|msg=gateway timeout after 30s
2026-07-28T19:06:40Z|stock|INFO|order=74361|amount=114.50|msg=payment captured
2026-07-28T19:06:41Z|payment|INFO|order=40524|amount=199.60|msg=stock reserved
2026-07-28T19:06:42Z|stock|INFO|order=28785|amount=162.44|msg=stock reserved
2026-07-28T19:06:43Z|stock|INFO|order=46487|amount=8.66|msg=stock reserved
2026-07-28T19:06:43Z|checkout|WARN|order=70217|amount=130.99|msg=payment failed, cart preserved
2026-07-28T19:06:44Z|stock|INFO|order=88957|amount=54.83|msg=order confirmed
2026-07-28T19:06:44Z|payment|INFO|order=60237|amount=121.33|msg=stock reserved
2026-07-28T19:06:44Z|checkout|ERROR|order=32546|amount=31.74|msg=card declined
2026-07-28T19:06:45Z|stock|ERROR|order=89615|amount=36.39|msg=card declined
2026-07-28T19:06:46Z|stock|INFO|order=66288|amount=220.48|msg=payment captured
2026-07-28T19:06:46Z|checkout|ERROR|order=85340|amount=165.70|msg=order rollback
2026-07-28T19:06:48Z|stock|INFO|order=96982|amount=12.98|msg=stock reserved
2026-07-28T19:06:49Z|checkout|INFO|order=89119|amount=115.97|msg=stock reserved
2026-07-28T19:06:49Z|stock|INFO|order=29817|amount=228.93|msg=checkout started
2026-07-28T19:06:49Z|checkout|WARN|order=16712|amount=398.49|msg=payment failed, cart preserved
2026-07-28T19:06:51Z|stock|INFO|order=95322|amount=266.89|msg=payment captured
2026-07-28T19:06:51Z|checkout|WARN|order=52921|amount=284.38|msg=slow response from bank
2026-07-28T19:06:52Z|checkout|INFO|order=34225|amount=325.85|msg=stock reserved
2026-07-28T19:06:53Z|stock|WARN|order=97636|amount=115.81|msg=slow response from bank
2026-07-28T19:06:54Z|stock|ERROR|order=80078|amount=214.46|msg=stock service unreachable
2026-07-28T19:06:55Z|payment|INFO|order=48112|amount=146.43|msg=stock reserved
2026-07-28T19:06:56Z|payment|INFO|order=83911|amount=95.80|msg=checkout started
2026-07-28T19:06:57Z|payment|INFO|order=33144|amount=166.57|msg=invoice generated
2026-07-28T19:06:58Z|stock|INFO|order=57556|amount=356.41|msg=stock reserved
2026-07-28T19:07:00Z|stock|INFO|order=51973|amount=102.90|msg=order confirmed
2026-07-28T19:07:00Z|stock|WARN|order=25407|amount=161.30|msg=slow response from bank
null
2026-07-28T19:07:03Z|payment|WARN|order=49675|amount=225.03|msg=stock level low
2026-07-28T19:07:03Z|payment|INFO|order=60881|amount=178.22|msg=payment captured
2026-07-28T19:07:04Z|checkout|WARN|order=78196|amount=394.42|msg=payment failed, cart preserved
2026-07-28T19:07:06Z|stock|INFO|order=34074|amount=386.63|msg=payment captured
2026-07-28T19:07:06Z|payment|ERROR|order=69322|amount=207.80|msg=stock service unreachable
2026-07-28T19:07:07Z|stock|ERROR|order=95385|amount=329.84|msg=order rollback
2026-07-28T19:07:08Z|payment|INFO|order=13642|amount=279.09|msg=checkout started
2026-07-28T19:07:08Z|payment|INFO|order=20873|amount=185.35|msg=stock reserved
2026-07-28T19:07:09Z|payment|INFO|order=71695|amount=176.61|msg=payment captured
2026-07-28T19:07:09Z|payment|INFO|order=79218|amount=149.88|msg=stock reserved
2026-07-28T19:07:10Z|stock|WARN|order=32699|amount=297.17|msg=payment failed, cart preserved
2026-07-28T19:07:10Z|stock|INFO|order=38217|amount=185.24|msg=payment captured
2026-07-28T19:07:10Z|payment|INFO|order=52259|amount=318.74|msg=payment captured
2026-07-28T19:07:11Z|checkout|ERROR|order=97283|amount=335.51|msg=order rollback
2026-07-28T19:07:12Z|payment|INFO|order=79018|amount=127.32|msg=checkout started
2026-07-28T19:07:12Z|payment|INFO|order=68724|amount=107.66|msg=payment captured
2026-07-28T19:07:12Z|checkout|INFO|order=20194|amount=335.85|msg=payment captured
2026-07-28T19:07:13Z|stock|INFO|order=72227|amount=87.83|msg=checkout started
2026-07-28T19:07:14Z|checkout|INFO|order=29683|amount=377.39|msg=order confirmed
2026-07-28T19:07:15Z|checkout|INFO|order=46900|amount=118.00|msg=checkout started
2026-07-28T19:07:17Z|stock|INFO|order=16037|amount=71.77|msg=invoice generated
2026-07-28T19:07:19Z|payment|FATAL-OOM
2026-07-28T19:07:19Z|checkout|WARN|order=80609|amount=184.74|msg=stock level low
2026-07-28T19:07:20Z|payment|ERROR|order=94615|amount=246.46|msg=gateway timeout after 30s
2026-07-28T19:07:22Z|payment|INFO|order=39051|amount=206.82|msg=order confirmed
2026-07-28T19:07:22Z|checkout|INFO|order=77490|amount=86.19|msg=order confirmed
2026-07-28T19:07:23Z|checkout|INFO|order=94105|amount=393.49|msg=order confirmed
2026-07-28T19:07:24Z|stock|INFO|order=24783|amount=155.09|msg=stock reserved
2026-07-28T19:07:24Z|payment|INFO|order=47902|amount=41.58|msg=invoice generated
2026-07-28T19:07:25Z|stock|INFO|order=46512|amount=112.80|msg=checkout started
2026-07-28T19:07:25Z|payment|INFO|order=74514|amount=217.36|msg=invoice generated
2026-07-28T19:07:25Z|payment|INFO|order=47500|amount=20.34|msg=checkout started
2026-07-28T19:07:26Z|checkout|ERROR|order=56914|amount=161.85|msg=order rollback
2026-07-28T19:07:26Z|stock|WARN|order=38927|amount=238.09|msg=stock level low
2026-07-28T19:07:26Z|payment|INFO|order=70454|amount=187.56|msg=stock reserved
2026-07-28T19:07:28Z|payment|INFO|order=44450|amount=211.38|msg=checkout started
2026-07-28T19:07:28Z|payment|ERROR|order=85718|amount=288.03|msg=card declined
2026-07-28T19:07:29Z|checkout|INFO|order=33999|amount=326.41|msg=payment captured
2026-07-28T19:07:30Z|payment|INFO|order=33582|amount=294.93|msg=checkout started
2026-07-28T19:07:30Z|stock|INFO|order=42522|amount=145.96|msg=payment captured
null
2026-07-28T19:07:31Z|stock|INFO|order=58861|amount=172.12|msg=order confirmed
2026-07-28T19:07:32Z|stock|INFO|order=88763|amount=383.04|msg=payment captured
2026-07-28T19:07:33Z|checkout|WARN|order=88988|amount=32.96|msg=slow response from bank
2026-07-28T19:07:34Z|checkout|INFO|order=64901|amount=263.04|msg=order confirmed
2026-07-28T19:07:34Z|checkout|INFO|order=64674|amount=310.66|msg=stock reserved
2026-07-28T19:07:35Z|stock|INFO|order=95950|amount=352.80|msg=checkout started
2026-07-28T19:07:35Z|checkout|INFO|order=18914|amount=277.91|msg=stock reserved
2026-07-28T19:07:36Z|checkout|WARN|order=46962|amount=204.60|msg=stock level low
2026-07-28T19:07:36Z|payment|INFO|order=59607|amount=353.68|msg=order confirmed
2026-07-28T19:07:37Z|checkout|INFO|order=26035|amount=269.78|msg=order confirmed
2026-07-28T19:07:38Z|payment|INFO|order=56025|amount=223.24|msg=payment captured
2026-07-28T19:07:38Z|payment|INFO|order=89952|amount=34.41|msg=checkout started
2026-07-28T19:07:38Z|stock|INFO|order=70577|amount=280.45|msg=invoice generated
2026-07-28T19:07:40Z|stock|INFO|order=67186|amount=326.76|msg=checkout started
2026-07-28T19:07:40Z|stock|INFO|order=30162|amount=388.93|msg=invoice generated
2026-07-28T19:07:40Z|payment|INFO|order=98141|amount=208.54|msg=order confirmed
2026-07-28T19:07:40Z|stock|INFO|order=33988|amount=168.75|msg=stock reserved
2026-07-28T19:07:41Z|checkout|INFO|order=26278|amount=229.00|msg=checkout started
2026-07-28T19:07:41Z|stock|INFO|order=95053|amount=6.16|msg=stock reserved
null
2026-07-28T19:07:43Z|payment|ERROR|order=33230|amount=196.16|msg=gateway timeout after 30s
2026-07-28T19:07:44Z|payment|INFO|order=43999|amount=164.73|msg=payment captured
2026-07-28T19:07:45Z|checkout|INFO|order=72303|amount=120.63|msg=order confirmed
2026-07-28T19:07:46Z|stock|INFO|order=14201|amount=17.28|msg=stock reserved
2026-07-28T19:07:47Z|payment|INFO|order=82566|amount=345.21|msg=invoice generated
2026-07-28T19:07:47Z|checkout|INFO|order=26856|amount=10.59|msg=payment captured
2026-07-28T19:07:49Z|checkout|INFO|order=31578|amount=336.10|msg=invoice generated
2026-07-28T19:07:49Z|checkout|INFO|order=10488|amount=122.35|msg=stock reserved
2026-07-28T19:07:49Z|stock|ERROR|order=43171|amount=190.15|msg=gateway timeout after 30s
2026-07-28T19:07:49Z|stock|INFO|order=39737|amount=369.43|msg=order confirmed
2026-07-28T19:07:50Z|payment|INFO|order=33109|amount=187.87|msg=checkout started
2026-07-28T19:07:51Z|payment|INFO|order=57868|amount=31.56|msg=checkout started
2026-07-28T19:07:51Z|payment|INFO|order=83917|amount=191.18|msg=order confirmed
2026-07-28T19:07:52Z|stock|WARN|order=36125|amount=95.33|msg=slow response from bank
2026-07-28T19:07:53Z|payment|INFO|order=99887|amount=391.93|msg=order confirmed
2026-07-28T19:07:53Z|payment|INFO|order=29522|amount=53.69|msg=checkout started
2026-07-28T19:07:54Z|payment|INFO|order=25750|amount=319.30|msg=invoice generated
2026-07-28T19:07:55Z|stock|INFO|order=82199|amount=362.65|msg=checkout started
2026-07-28T19:07:56Z|checkout|INFO|order=35760|amount=249.82|msg=invoice generated
2026-07-28T19:07:56Z|payment|INFO|order=72445|amount=154.30|msg=invoice generated
2026-07-28T19:07:57Z|checkout|INFO|order=97509|amount=349.54|msg=payment captured
2026-07-28T19:07:58Z|payment|INFO|order=64867|amount=298.15|msg=checkout started
2026-07-28T19:07:58Z|checkout|ERROR|order=55428|amount=159.59|msg=card declined
2026-07-28T19:07:58Z|checkout|ERROR|order=55858|amount=275.80|msg=stock service unreachable
2026-07-28T19:07:59Z|payment|INFO|order=32151|amount=7.03|msg=stock reserved
2026-07-28T19:08:00Z|checkout|INFO|order=67105|amount=397.01|msg=invoice generated
2026-07-28T19:08:01Z|payment|FATAL-OOM
2026-07-28T19:08:01Z|stock|WARN|order=95456|amount=215.46|msg=slow response from bank
2026-07-28T19:08:01Z|payment|INFO|order=95184|amount=169.25|msg=payment captured
2026-07-28T19:08:02Z|payment|INFO|order=59300|amount=379.11|msg=checkout started
2026-07-28T19:08:02Z|checkout|WARN|order=65471|amount=353.71|msg=payment failed, cart preserved
2026-07-28T19:08:03Z|checkout|INFO|order=67333|amount=142.84|msg=checkout started
2026-07-28T19:08:04Z|checkout|ERROR|order=92474|amount=272.16|msg=order rollback
2026-07-28T19:08:06Z|checkout|WARN|order=41564|amount=222.24|msg=slow response from bank
2026-07-28T19:08:07Z|checkout|INFO|order=90458|amount=83.97|msg=invoice generated
2026-07-28T19:08:07Z|checkout|WARN|order=28976|amount=99.65|msg=payment failed, cart preserved
2026-07-28T19:08:08Z|checkout|INFO|order=43887|amount=316.59|msg=checkout started
2026-07-28T19:08:08Z|stock|INFO|order=51451|amount=208.88|msg=payment captured
2026-07-28T19:08:08Z|checkout|INFO|order=83802|amount=90.69|msg=invoice generated
2026-07-28T19:08:08Z|stock|INFO|order=10249|amount=337.03|msg=checkout started
2026-07-28T19:08:09Z|checkout|ERROR|order=50947|amount=123.09|msg=card declined
2026-07-28T19:08:10Z|stock|INFO|order=85873|amount=24.81|msg=invoice generated
2026-07-28T19:08:10Z|stock|INFO|order=55537|amount=177.66|msg=stock reserved
2026-07-28T19:08:11Z|stock|INFO|order=40657|amount=240.94|msg=stock reserved
2026-07-28T19:08:12Z|payment|WARN|order=46453|amount=357.00|msg=stock level low
2026-07-28T19:08:13Z|payment|WARN|order=45492|amount=184.35|msg=payment failed, cart preserved
2026-07-28T19:08:13Z|stock|INFO|order=98826|amount=319.18|msg=payment captured
2026-07-28T19:08:15Z|payment|INFO|order=53937|amount=264.43|msg=stock reserved
2026-07-28T19:08:15Z|payment|FATAL-OOM
2026-07-28T19:08:15Z|stock|INFO|order=42556|amount=374.43|msg=stock reserved
2026-07-28T19:08:16Z|payment|INFO|order=41719|amount=246.34|msg=payment captured
2026-07-28T19:08:16Z|checkout|INFO|order=85880|amount=152.81|msg=stock reserved
2026-07-28T19:08:19Z|payment|INFO|order=14900|amount=156.23|msg=invoice generated
2026-07-28T19:08:19Z|payment|INFO|order=30372|amount=344.65|msg=checkout started
2026-07-28T19:08:19Z|stock|INFO|order=22766|amount=98.07|msg=order confirmed
2026-07-28T19:08:20Z|checkout|INFO|order=74448|amount=371.85|msg=order confirmed
2026-07-28T19:08:20Z|payment|INFO|order=25326|amount=138.10|msg=invoice generated
2026-07-28T19:08:20Z|checkout|INFO|order=72218|amount=31.69|msg=order confirmed
2026-07-28T19:08:21Z|payment|INFO|order=53941|amount=58.93|msg=checkout started
2026-07-28T19:08:21Z|stock|WARN|order=70213|amount=291.01|msg=retrying gateway call
2026-07-28T19:08:22Z|checkout|ERROR|order=74764|amount=186.21|msg=card declined
2026-07-28T19:08:22Z|stock|INFO|order=25650|amount=195.45|msg=checkout started
2026-07-28T19:08:23Z|stock|INFO|order=27887|amount=85.77|msg=checkout started
2026-07-28T19:08:23Z|checkout|INFO|order=84379|amount=298.25|msg=payment captured
2026-07-28T19:08:23Z|payment|INFO|order=40886|amount=64.78|msg=payment captured
2026-07-28T19:08:25Z|payment|FATAL-OOM
2026-07-28T19:08:25Z|payment|INFO|order=23129|amount=376.67|msg=stock reserved
2026-07-28T19:08:26Z|stock|ERROR|order=94741|amount=143.42|msg=gateway timeout after 30s
2026-07-28T19:08:26Z|checkout|WARN|order=26349|amount=106.17|msg=stock level low
2026-07-28T19:08:27Z|payment|INFO|order=86624|amount=113.66|msg=invoice generated
2026-07-28T19:08:27Z|stock|INFO|order=64534|amount=274.70|msg=stock reserved
2026-07-28T19:08:27Z|checkout|ERROR|order=72075|amount=87.05|msg=order rollback
2026-07-28T19:08:28Z|checkout|INFO|order=32839|amount=325.80|msg=checkout started
2026-07-28T19:08:28Z|payment|INFO|order=61519|amount=149.77|msg=checkout started
2026-07-28T19:08:29Z|payment|WARN|order=24492|amount=261.58|msg=stock level low
2026-07-28T19:08:29Z|payment|INFO|order=27718|amount=322.87|msg=order confirmed
2026-07-28T19:08:29Z|payment|INFO|order=72956|amount=49.56|msg=order confirmed
2026-07-28T19:08:29Z|stock|ERROR|order=99850|amount=399.33|msg=card declined
2026-07-28T19:08:30Z|checkout|INFO|order=11645|amount=398.48|msg=checkout started
2026-07-28T19:08:31Z|stock|WARN|order=58390|amount=186.23|msg=payment failed, cart preserved
2026-07-28T19:08:31Z|stock|INFO|order=99116|amount=164.61|msg=stock reserved
2026-07-28T19:08:33Z|stock|WARN|order=18714|amount=359.95|msg=retrying gateway call
2026-07-28T19:08:33Z|checkout|INFO|order=29734|amount=86.04|msg=invoice generated
2026-07-28T19:08:34Z|payment|INFO|order=69173|amount=52.82|msg=checkout started
2026-07-28T19:08:35Z|checkout|INFO|order=66646|amount=267.33|msg=invoice generated
2026-07-28T19:08:35Z|payment|ERROR|order=79182|amount=55.01|msg=card declined
2026-07-28T19:08:35Z|stock|INFO|order=92589|amount=35.08|msg=stock reserved
2026-07-28T19:08:35Z|checkout|INFO|order=62792|amount=303.89|msg=order confirmed
2026-07-28T19:08:35Z|stock|INFO|order=40588|amount=199.17|msg=stock reserved
2026-07-28T19:08:37Z|stock|WARN|order=83524|amount=364.10|msg=stock level low
2026-07-28T19:08:37Z|payment|WARN|order=32038|amount=109.18|msg=slow response from bank
2026-07-28T19:08:38Z|stock|WARN|order=95602|amount=85.28|msg=payment failed, cart preserved
2026-07-28T19:08:40Z|checkout|INFO|order=45700|amount=261.32|msg=order confirmed
2026-07-28T19:08:40Z|checkout|INFO|order=39625|amount=340.21|msg=checkout started
2026-07-28T19:08:40Z|payment|INFO|order=34641|amount=73.02|msg=invoice generated
2026-07-28T19:08:41Z|checkout|INFO|order=10375|amount=142.29|msg=checkout started
2026-07-28T19:08:41Z|stock|INFO|order=16729|amount=343.11|msg=checkout started
2026-07-28T19:08:41Z|payment|FATAL-OOM
2026-07-28T19:08:42Z|stock|INFO|order=77762|amount=354.31|msg=invoice generated
2026-07-28T19:08:42Z|checkout|INFO|order=40222|amount=239.06|msg=invoice generated
2026-07-28T19:08:42Z|payment|WARN|order=57606|amount=139.62|msg=retrying gateway call
2026-07-28T19:08:43Z|checkout|ERROR|order=80596|amount=232.70|msg=gateway timeout after 30s
2026-07-28T19:08:43Z|stock|INFO|order=33413|amount=272.04|msg=checkout started
2026-07-28T19:08:44Z|stock|INFO|order=56050|amount=115.68|msg=payment captured
2026-07-28T19:08:44Z|payment|INFO|order=29830|amount=224.97|msg=checkout started
2026-07-28T19:08:45Z|stock|INFO|order=55987|amount=56.68|msg=stock reserved
2026-07-28T19:08:46Z|payment|WARN|order=39964|amount=98.72|msg=stock level low
2026-07-28T19:08:48Z|payment|INFO|order=23396|amount=162.01|msg=order confirmed
2026-07-28T19:08:49Z|stock|ERROR|order=48188|amount=398.17|msg=order rollback
2026-07-28T19:08:50Z|stock|WARN|order=64942|amount=29.04|msg=stock level low
2026-07-28T19:08:51Z|payment|INFO|order=40139|amount=19.43|msg=order confirmed
2026-07-28T19:08:52Z|checkout|INFO|order=61141|amount=287.98|msg=order confirmed
2026-07-28T19:08:52Z|payment|INFO|order=29868|amount=381.42|msg=stock reserved
2026-07-28T19:08:53Z|payment|INFO|order=20741|amount=146.76|msg=invoice generated
2026-07-28T19:08:53Z|stock|ERROR|order=26362|amount=356.24|msg=card declined
2026-07-28T19:08:53Z|payment|INFO|order=76498|amount=63.39|msg=invoice generated
2026-07-28T19:08:54Z|stock|WARN|order=86520|amount=46.46|msg=payment failed, cart preserved
2026-07-28T19:08:54Z|stock|INFO|order=16415|amount=261.33|msg=stock reserved
2026-07-28T19:08:55Z|checkout|INFO|order=19364|amount=70.97|msg=checkout started
2026-07-28T19:08:56Z|checkout|INFO|order=20788|amount=101.09|msg=stock reserved
2026-07-28T19:08:56Z|payment|INFO|order=64190|amount=233.29|msg=invoice generated
2026-07-28T19:08:57Z|stock|INFO|order=53275|amount=193.94|msg=payment captured
2026-07-28T19:08:58Z|stock|ERROR|order=44559|amount=146.48|msg=gateway timeout after 30s
2026-07-28T19:08:58Z|stock|ERROR|order=57668|amount=17.53|msg=order rollback
2026-07-28T19:08:59Z|checkout|INFO|order=35477|amount=103.58|msg=order confirmed
2026-07-28T19:08:59Z|checkout|INFO|order=31901|amount=314.94|msg=invoice generated
2026-07-28T19:08:59Z|payment|ERROR|order=11554|amount=288.86|msg=order rollback
2026-07-28T19:09:00Z|checkout|WARN|order=97559|amount=345.39|msg=slow response from bank
2026-07-28T19:09:01Z|payment|INFO|order=76773|amount=45.84|msg=invoice generated
2026-07-28T19:09:01Z|stock|WARN|order=54485|amount=169.48|msg=stock level low
2026-07-28T19:09:02Z|payment|ERROR|order=43390|amount=338.66|msg=order rollback
2026-07-28T19:09:03Z|stock|INFO|order=93499|amount=274.76|msg=order confirmed
2026-07-28T19:09:03Z|payment|INFO|order=60337|amount=41.66|msg=payment captured
2026-07-28T19:09:04Z|checkout|ERROR|order=61081|amount=56.25|msg=stock service unreachable
2026-07-28T19:09:05Z|checkout|WARN|order=33333|amount=394.51|msg=stock level low
2026-07-28T19:09:06Z|payment|WARN|order=89134|amount=115.97|msg=slow response from bank
2026-07-28T19:09:06Z|stock|INFO|order=38530|amount=97.86|msg=stock reserved
null
2026-07-28T19:09:08Z|payment|INFO|order=98243|amount=310.75|msg=order confirmed
2026-07-28T19:09:10Z|payment|ERROR|order=96198|amount=67.56|msg=card declined
2026-07-28T19:09:10Z|stock|INFO|order=25673|amount=347.93|msg=invoice generated
2026-07-28T19:09:10Z|payment|INFO|order=93986|amount=145.31|msg=order confirmed
2026-07-28T19:09:12Z|stock|INFO|order=91228|amount=240.86|msg=payment captured
2026-07-28T19:09:12Z|stock|WARN|order=12533|amount=191.71|msg=slow response from bank
2026-07-28T19:09:13Z|checkout|INFO|order=51686|amount=288.13|msg=payment captured
2026-07-28T19:09:13Z|checkout|WARN|order=71346|amount=24.14|msg=slow response from bank
2026-07-28T19:09:13Z|stock|INFO|order=82027|amount=229.55|msg=checkout started
2026-07-28T19:09:13Z|payment|INFO|order=84415|amount=87.01|msg=invoice generated
2026-07-28T19:09:14Z|payment|WARN|order=53337|amount=74.84|msg=stock level low
2026-07-28T19:09:14Z|checkout|ERROR|order=51394|amount=65.63|msg=order rollback
2026-07-28T19:09:15Z|checkout|INFO|order=27986|amount=81.40|msg=stock reserved
2026-07-28T19:09:15Z|stock|INFO|order=13269|amount=238.67|msg=payment captured
2026-07-28T19:09:16Z|stock|WARN|order=20302|amount=86.61|msg=stock level low
2026-07-28T19:09:18Z|payment|INFO|order=74490|amount=222.63|msg=invoice generated
2026-07-28T19:09:19Z|stock|INFO|order=41918|amount=384.57|msg=order confirmed
2026-07-28T19:09:19Z|checkout|WARN|order=49134|amount=309.78|msg=retrying gateway call
2026-07-28T19:09:20Z|payment|WARN|order=66121|amount=195.78|msg=payment failed, cart preserved
2026-07-28T19:09:21Z|payment|WARN|order=71538|amount=141.22|msg=slow response from bank
2026-07-28T19:09:22Z|payment|ERROR|order=11711|amount=184.81|msg=stock service unreachable
2026-07-28T19:09:22Z|stock|INFO|order=16896|amount=80.93|msg=stock reserved
2026-07-28T19:09:22Z|checkout|INFO|order=34809|amount=196.39|msg=order confirmed
2026-07-28T19:09:25Z|stock|WARN|order=44203|amount=389.40|msg=slow response from bank
2026-07-28T19:09:25Z|payment|INFO|order=64690|amount=92.34|msg=order confirmed
2026-07-28T19:09:26Z|stock|ERROR|order=79217|amount=17.52|msg=order rollback
2026-07-28T19:09:27Z|stock|WARN|order=45660|amount=67.36|msg=retrying gateway call
2026-07-28T19:09:27Z|payment|ERROR|order=73988|amount=338.88|msg=card declined
2026-07-28T19:09:28Z|stock|INFO|order=64003|amount=107.36|msg=order confirmed
2026-07-28T19:09:28Z|checkout|INFO|order=58678|amount=336.48|msg=stock reserved
2026-07-28T19:09:29Z|payment|INFO|order=16634|amount=65.98|msg=payment captured
2026-07-28T19:09:29Z|stock|INFO|order=92731|amount=326.04|msg=payment captured
2026-07-28T19:09:29Z|stock|INFO|order=56566|amount=286.67|msg=invoice generated
2026-07-28T19:09:30Z|checkout|INFO|order=28000|amount=80.27|msg=stock reserved
2026-07-28T19:09:30Z|payment|INFO|order=18538|amount=180.00|msg=order confirmed
2026-07-28T19:09:30Z|checkout|INFO|order=48161|amount=268.42|msg=order confirmed
2026-07-28T19:09:31Z|payment|INFO|order=37259|amount=334.63|msg=payment captured
2026-07-28T19:09:33Z|stock|INFO|order=21312|amount=391.06|msg=invoice generated
2026-07-28T19:09:33Z|stock|INFO|order=53805|amount=282.09|msg=stock reserved
2026-07-28T19:09:33Z|payment|WARN|order=91662|amount=340.10|msg=payment failed, cart preserved
2026-07-28T19:09:34Z|stock|INFO|order=26419|amount=289.45|msg=stock reserved
2026-07-28T19:09:35Z|stock|INFO|order=58602|amount=360.96|msg=stock reserved
2026-07-28T19:09:36Z|payment|INFO|order=99888|amount=143.59|msg=stock reserved
2026-07-28T19:09:36Z|stock|ERROR|order=39313|amount=88.60|msg=order rollback
2026-07-28T19:09:36Z|checkout|INFO|order=14234|amount=77.16|msg=stock reserved
2026-07-28T19:09:37Z|checkout|INFO|order=51833|amount=272.41|msg=stock reserved
2026-07-28T19:09:37Z|checkout|INFO|order=29762|amount=211.08|msg=order confirmed
2026-07-28T19:09:37Z|stock|INFO|order=14598|amount=103.38|msg=order confirmed
2026-07-28T19:09:38Z|checkout|WARN|order=90376|amount=171.88|msg=retrying gateway call
2026-07-28T19:09:38Z|stock|INFO|order=79727|amount=129.52|msg=order confirmed
2026-07-28T19:09:38Z|payment|INFO|order=82965|amount=356.93|msg=checkout started
2026-07-28T19:09:39Z|stock|WARN|order=87663|amount=39.56|msg=slow response from bank
2026-07-28T19:09:40Z|stock|INFO|order=61757|amount=339.80|msg=order confirmed
2026-07-28T19:09:41Z|payment|INFO|order=45767|amount=367.43|msg=order confirmed
2026-07-28T19:09:42Z|payment|INFO|order=68929|amount=379.94|msg=stock reserved
2026-07-28T19:09:43Z|payment|ERROR|order=78905|amount=143.94|msg=gateway timeout after 30s
2026-07-28T19:09:44Z|checkout|INFO|order=13837|amount=128.03|msg=invoice generated
2026-07-28T19:09:44Z|payment|INFO|order=37624|amount=360.32|msg=order confirmed
2026-07-28T19:09:44Z|stock|ERROR|order=68260|amount=111.93|msg=gateway timeout after 30s
2026-07-28T19:09:45Z|stock|INFO|order=27052|amount=113.07|msg=stock reserved
2026-07-28T19:09:45Z|payment|INFO|order=50096|amount=336.44|msg=order confirmed
2026-07-28T19:09:46Z|stock|INFO|order=77987|amount=326.01|msg=invoice generated
null
2026-07-28T19:09:46Z|stock|ERROR|order=44674|amount=80.95|msg=card declined
2026-07-28T19:09:48Z|payment|WARN|order=24468|amount=297.71|msg=payment failed, cart preserved
2026-07-28T19:09:49Z|stock|INFO|order=54909|amount=241.66|msg=payment captured
2026-07-28T19:09:51Z|stock|INFO|order=99647|amount=386.94|msg=stock reserved
2026-07-28T19:09:51Z|stock|INFO|order=39255|amount=217.43|msg=invoice generated
2026-07-28T19:09:51Z|payment|INFO|order=68888|amount=42.32|msg=invoice generated
2026-07-28T19:09:51Z|payment|INFO|order=54798|amount=92.10|msg=order confirmed
2026-07-28T19:09:52Z|checkout|ERROR|order=91985|amount=304.94|msg=stock service unreachable
2026-07-28T19:09:52Z|checkout|INFO|order=14856|amount=35.41|msg=order confirmed
2026-07-28T19:09:53Z|stock|INFO|order=70155|amount=227.97|msg=payment captured
2026-07-28T19:09:53Z|stock|WARN|order=60958|amount=282.04|msg=slow response from bank
2026-07-28T19:09:54Z|stock|INFO|order=82540|amount=356.90|msg=invoice generated
2026-07-28T19:09:54Z|stock|INFO|order=55974|amount=362.67|msg=order confirmed
2026-07-28T19:09:55Z|stock|INFO|order=17285|amount=296.87|msg=order confirmed
2026-07-28T19:09:55Z|checkout|INFO|order=30866|amount=107.89|msg=order confirmed
2026-07-28T19:09:56Z|payment|INFO|order=70079|amount=214.79|msg=payment captured
2026-07-28T19:09:57Z|stock|INFO|order=85360|amount=10.71|msg=invoice generated
2026-07-28T19:09:58Z|payment|INFO|order=69211|amount=299.82|msg=checkout started
2026-07-28T19:09:58Z|payment|INFO|order=52252|amount=391.66|msg=invoice generated
2026-07-28T19:09:59Z|stock|WARN|order=42955|amount=364.83|msg=retrying gateway call
2026-07-28T19:09:59Z|payment|WARN|order=30427|amount=201.06|msg=slow response from bank
2026-07-28T19:10:00Z|checkout|INFO|order=31214|amount=318.05|msg=payment captured
2026-07-28T19:10:01Z|checkout|INFO|order=84644|amount=63.83|msg=order confirmed
2026-07-28T19:10:01Z|stock|INFO|order=41947|amount=103.64|msg=checkout started
2026-07-28T19:10:02Z|stock|INFO|order=93993|amount=248.74|msg=payment captured
2026-07-28T19:10:02Z|payment|INFO|order=96139|amount=147.51|msg=checkout started
2026-07-28T19:10:02Z|payment|WARN|order=32649|amount=205.30|msg=retrying gateway call
2026-07-28T19:10:03Z|stock|INFO|order=45454|amount=202.94|msg=checkout started
2026-07-28T19:10:04Z|stock|INFO|order=51948|amount=274.26|msg=payment captured
2026-07-28T19:10:05Z|checkout|INFO|order=23574|amount=178.39|msg=checkout started
2026-07-28T19:10:05Z|payment|INFO|order=42041|amount=131.73|msg=payment captured
2026-07-28T19:10:05Z|payment|INFO|order=78846|amount=182.13|msg=order confirmed
2026-07-28T19:10:06Z|checkout|INFO|order=91416|amount=336.12|msg=order confirmed
2026-07-28T19:10:08Z|stock|INFO|order=69293|amount=27.14|msg=order confirmed
2026-07-28T19:10:08Z|stock|INFO|order=23245|amount=377.11|msg=checkout started
2026-07-28T19:10:09Z|stock|WARN|order=16393|amount=391.57|msg=stock level low
2026-07-28T19:10:10Z|checkout|WARN|order=64671|amount=348.37|msg=retrying gateway call
2026-07-28T19:10:10Z|checkout|WARN|order=16180|amount=334.36|msg=slow response from bank
2026-07-28T19:10:11Z|checkout|WARN|order=80420|amount=318.86|msg=stock level low
2026-07-28T19:10:11Z|checkout|INFO|order=36250|amount=288.79|msg=invoice generated
2026-07-28T19:10:11Z|checkout|INFO|order=24534|amount=210.12|msg=checkout started
2026-07-28T19:10:12Z|stock|INFO|order=97714|amount=176.67|msg=checkout started
2026-07-28T19:10:12Z|payment|INFO|order=51697|amount=372.43|msg=invoice generated
2026-07-28T19:10:12Z|payment|INFO|order=89229|amount=256.38|msg=order confirmed
2026-07-28T19:10:13Z|checkout|INFO|order=24641|amount=324.96|msg=order confirmed
2026-07-28T19:10:15Z|stock|INFO|order=92268|amount=204.56|msg=invoice generated
2026-07-28T19:10:15Z|stock|WARN|order=98139|amount=316.09|msg=slow response from bank
2026-07-28T19:10:16Z|checkout|WARN|order=19770|amount=97.55|msg=retrying gateway call
2026-07-28T19:10:16Z|stock|INFO|order=55383|amount=388.04|msg=order confirmed
2026-07-28T19:10:16Z|stock|ERROR|order=24168|amount=378.67|msg=stock service unreachable
2026-07-28T19:10:17Z|stock|INFO|order=17060|amount=232.24|msg=payment captured
2026-07-28T19:10:18Z|payment|WARN|order=11929|amount=74.17|msg=stock level low
2026-07-28T19:10:18Z|checkout|INFO|order=20983|amount=343.38|msg=checkout started
2026-07-28T19:10:19Z|payment|INFO|order=38793|amount=359.81|msg=stock reserved
2026-07-28T19:10:20Z|stock|ERROR|order=12351|amount=371.66|msg=order rollback
2026-07-28T19:10:20Z|stock|INFO|order=76223|amount=106.59|msg=stock reserved
2026-07-28T19:10:21Z|payment|WARN|order=34291|amount=107.14|msg=payment failed, cart preserved
2026-07-28T19:10:22Z|payment|WARN|order=62337|amount=379.67|msg=stock level low
2026-07-28T19:10:25Z|checkout|ERROR|order=79761|amount=121.99|msg=stock service unreachable
2026-07-28T19:10:25Z|payment|WARN|order=28851|amount=215.54|msg=retrying gateway call
2026-07-28T19:10:27Z|checkout|INFO|order=16474|amount=66.48|msg=checkout started
2026-07-28T19:10:27Z|checkout|WARN|order=27144|amount=300.74|msg=stock level low
2026-07-28T19:10:27Z|payment|ERROR|order=53312|amount=294.15|msg=stock service unreachable
2026-07-28T19:10:27Z|payment|INFO|order=49458|amount=333.41|msg=checkout started
2026-07-28T19:10:28Z|stock|WARN|order=20262|amount=309.53|msg=stock level low
2026-07-28T19:10:28Z|checkout|INFO|order=16882|amount=161.62|msg=checkout started
2026-07-28T19:10:30Z|payment|INFO|order=13893|amount=196.02|msg=stock reserved
2026-07-28T19:10:30Z|checkout|WARN|order=51505|amount=8.38|msg=slow response from bank
2026-07-28T19:10:31Z|payment|INFO|order=24906|amount=126.07|msg=stock reserved
2026-07-28T19:10:31Z|stock|INFO|order=53014|amount=138.72|msg=stock reserved
2026-07-28T19:10:32Z|stock|INFO|order=81868|amount=375.76|msg=checkout started
2026-07-28T19:10:33Z|stock|INFO|order=94716|amount=132.97|msg=payment captured
2026-07-28T19:10:33Z|stock|ERROR|order=98064|amount=63.56|msg=card declined
2026-07-28T19:10:33Z|payment|INFO|order=52991|amount=393.97|msg=order confirmed
2026-07-28T19:10:33Z|stock|WARN|order=10875|amount=262.07|msg=retrying gateway call
2026-07-28T19:10:34Z|checkout|INFO|order=61810|amount=97.84|msg=payment captured
2026-07-28T19:10:34Z|checkout|INFO|order=52381|amount=47.18|msg=order confirmed
2026-07-28T19:10:35Z|payment|INFO|order=17078|amount=141.73|msg=checkout started
2026-07-28T19:10:35Z|checkout|INFO|order=68410|amount=382.82|msg=checkout started
2026-07-28T19:10:35Z|payment|INFO|order=50329|amount=26.01|msg=checkout started
2026-07-28T19:10:35Z|payment|ERROR|order=15183|amount=384.84|msg=card declined
2026-07-28T19:10:36Z|checkout|WARN|order=42332|amount=127.16|msg=retrying gateway call
2026-07-28T19:10:37Z|checkout|WARN|order=50818|amount=163.07|msg=payment failed, cart preserved
2026-07-28T19:10:37Z|payment|INFO|order=41326|amount=212.97|msg=payment captured
2026-07-28T19:10:39Z|stock|INFO|order=97025|amount=43.81|msg=stock reserved
2026-07-28T19:10:40Z|stock|INFO|order=48017|amount=376.32|msg=order confirmed
2026-07-28T19:10:41Z|stock|ERROR|order=73839|amount=247.91|msg=card declined
2026-07-28T19:10:41Z|payment|WARN|order=97724|amount=398.67|msg=payment failed, cart preserved
2026-07-28T19:10:42Z|checkout|INFO|order=30947|amount=214.92|msg=invoice generated
2026-07-28T19:10:42Z|checkout|INFO|order=55189|amount=13.00|msg=invoice generated
2026-07-28T19:10:45Z|stock|INFO|order=44777|amount=168.16|msg=payment captured
2026-07-28T19:10:45Z|checkout|INFO|order=19143|amount=169.44|msg=invoice generated
2026-07-28T19:10:46Z|payment|INFO|order=94064|amount=347.73|msg=stock reserved
2026-07-28T19:10:46Z|payment|INFO|order=75538|amount=92.43|msg=order confirmed
2026-07-28T19:10:47Z|stock|INFO|order=13239|amount=181.33|msg=stock reserved
2026-07-28T19:10:48Z|checkout|INFO|order=20008|amount=347.56|msg=stock reserved
2026-07-28T19:10:48Z|stock|INFO|order=98141|amount=340.39|msg=payment captured
2026-07-28T19:10:48Z|payment|ERROR|order=20399|amount=291.24|msg=card declined
2026-07-28T19:10:49Z|stock|INFO|order=24920|amount=68.13|msg=invoice generated
2026-07-28T19:10:49Z|checkout|INFO|order=72756|amount=385.73|msg=invoice generated
2026-07-28T19:10:49Z|checkout|INFO|order=27826|amount=333.67|msg=stock reserved
2026-07-28T19:10:50Z|checkout|INFO|order=24283|amount=325.72|msg=order confirmed
2026-07-28T19:10:51Z|stock|INFO|order=34991|amount=63.53|msg=stock reserved
2026-07-28T19:10:51Z|stock|ERROR|order=13035|amount=314.20|msg=gateway timeout after 30s
2026-07-28T19:10:52Z|checkout|INFO|order=88151|amount=77.92|msg=stock reserved
2026-07-28T19:10:52Z|payment|ERROR|order=54518|amount=107.25|msg=order rollback
2026-07-28T19:10:53Z|checkout|INFO|order=46510|amount=373.12|msg=invoice generated
2026-07-28T19:10:53Z|stock|INFO|order=21166|amount=269.42|msg=checkout started
2026-07-28T19:10:53Z|payment|INFO|order=25073|amount=12.62|msg=checkout started
2026-07-28T19:10:54Z|payment|INFO|order=52506|amount=390.57|msg=stock reserved
2026-07-28T19:10:55Z|payment|ERROR|order=11558|amount=161.09|msg=order rollback
2026-07-28T19:10:55Z|stock|ERROR|order=45039|amount=85.51|msg=gateway timeout after 30s
2026-07-28T19:10:55Z|payment|INFO|order=67124|amount=323.07|msg=stock reserved
2026-07-28T19:10:56Z|stock|INFO|order=23392|amount=63.68|msg=order confirmed
2026-07-28T19:10:57Z|checkout|WARN|order=17214|amount=132.52|msg=retrying gateway call
2026-07-28T19:10:58Z|payment|WARN|order=58890|amount=127.06|msg=retrying gateway call
2026-07-28T19:11:01Z|checkout|INFO|order=46695|amount=44.81|msg=payment captured
2026-07-28T19:11:03Z|checkout|INFO|order=16056|amount=25.57|msg=stock reserved
2026-07-28T19:11:04Z|stock|INFO|order=53986|amount=117.57|msg=invoice generated
2026-07-28T19:11:04Z|payment|WARN|order=54933|amount=315.10|msg=slow response from bank
2026-07-28T19:11:05Z|stock|INFO|order=91516|amount=266.51|msg=invoice generated
2026-07-28T19:11:05Z|stock|WARN|order=85258|amount=296.18|msg=stock level low
2026-07-28T19:11:05Z|checkout|INFO|order=29834|amount=19.95|msg=order confirmed
2026-07-28T19:11:05Z|payment|INFO|order=62588|amount=244.23|msg=checkout started
2026-07-28T19:11:06Z|checkout|INFO|order=12071|amount=232.30|msg=stock reserved
2026-07-28T19:11:07Z|checkout|WARN|order=87064|amount=7.21|msg=stock level low
2026-07-28T19:11:08Z|payment|INFO|order=16698|amount=179.52|msg=payment captured
2026-07-28T19:11:09Z|checkout|INFO|order=65878|amount=286.38|msg=stock reserved
2026-07-28T19:11:10Z|stock|INFO|order=56959|amount=296.53|msg=checkout started
2026-07-28T19:11:10Z|payment|INFO|order=42801|amount=347.28|msg=order confirmed
2026-07-28T19:11:10Z|checkout|ERROR|order=58108|amount=58.71|msg=card declined
2026-07-28T19:11:11Z|checkout|INFO|order=74213|amount=350.31|msg=invoice generated
2026-07-28T19:11:13Z|payment|INFO|order=78278|amount=338.25|msg=payment captured
2026-07-28T19:11:13Z|checkout|WARN|order=28867|amount=131.07|msg=stock level low
2026-07-28T19:11:14Z|payment|INFO|order=59969|amount=310.79|msg=invoice generated
2026-07-28T19:11:15Z|stock|ERROR|order=39014|amount=119.08|msg=order rollback
2026-07-28T19:11:17Z|payment|INFO|order=12762|amount=83.37|msg=checkout started
2026-07-28T19:11:17Z|checkout|INFO|order=60662|amount=125.58|msg=invoice generated
2026-07-28T19:11:17Z|stock|INFO|order=94737|amount=346.90|msg=order confirmed
2026-07-28T19:11:17Z|stock|INFO|order=62213|amount=58.74|msg=order confirmed
2026-07-28T19:11:19Z|checkout|INFO|order=94882|amount=145.44|msg=order confirmed
2026-07-28T19:11:20Z|checkout|INFO|order=40700|amount=127.91|msg=order confirmed
2026-07-28T19:11:22Z|payment|ERROR|order=95113|amount=61.00|msg=card declined
2026-07-28T19:11:22Z|payment|WARN|order=82607|amount=84.63|msg=payment failed, cart preserved
2026-07-28T19:11:22Z|payment|ERROR|order=96204|amount=63.59|msg=order rollback
2026-07-28T19:11:23Z|checkout|INFO|order=65189|amount=331.61|msg=payment captured
2026-07-28T19:11:23Z|payment|INFO|order=72324|amount=318.16|msg=stock reserved
2026-07-28T19:11:24Z|checkout|INFO|order=76654|amount=268.88|msg=payment captured
2026-07-28T19:11:26Z|checkout|ERROR|order=25488|amount=58.09|msg=order rollback
2026-07-28T19:11:26Z|checkout|INFO|order=25887|amount=315.96|msg=invoice generated
2026-07-28T19:11:27Z|payment|INFO|order=97933|amount=32.97|msg=stock reserved
2026-07-28T19:11:27Z|payment|INFO|order=16807|amount=374.62|msg=checkout started
2026-07-28T19:11:28Z|checkout|INFO|order=38023|amount=225.49|msg=order confirmed
2026-07-28T19:11:29Z|checkout|INFO|order=83906|amount=135.06|msg=invoice generated
2026-07-28T19:11:29Z|payment|INFO|order=38073|amount=65.77|msg=checkout started
2026-07-28T19:11:30Z|payment|WARN|order=15955|amount=377.21|msg=stock level low
2026-07-28T19:11:31Z|payment|INFO|order=66054|amount=190.78|msg=checkout started
2026-07-28T19:11:31Z|stock|INFO|order=32411|amount=338.02|msg=order confirmed
2026-07-28T19:11:32Z|payment|INFO|order=27401|amount=137.00|msg=order confirmed
2026-07-28T19:11:33Z|stock|INFO|order=31728|amount=14.75|msg=invoice generated
2026-07-28T19:11:33Z|stock|INFO|order=79929|amount=358.43|msg=stock reserved
2026-07-28T19:11:33Z|payment|INFO|order=74194|amount=213.58|msg=order confirmed
2026-07-28T19:11:33Z|stock|INFO|order=21431|amount=98.52|msg=checkout started
2026-07-28T19:11:34Z|payment|ERROR|order=84938|amount=68.15|msg=order rollback
2026-07-28T19:11:34Z|checkout|INFO|order=74220|amount=77.06|msg=invoice generated
2026-07-28T19:11:34Z|payment|INFO|order=39614|amount=221.06|msg=payment captured
2026-07-28T19:11:36Z|stock|INFO|order=42386|amount=184.30|msg=checkout started
2026-07-28T19:11:37Z|stock|ERROR|order=60080|amount=87.86|msg=stock service unreachable
2026-07-28T19:11:37Z|checkout|INFO|order=21967|amount=5.13|msg=stock reserved
2026-07-28T19:11:38Z|checkout|INFO|order=48738|amount=172.99|msg=payment captured
2026-07-28T19:11:39Z|payment|WARN|order=93689|amount=10.49|msg=payment failed, cart preserved
2026-07-28T19:11:39Z|stock|INFO|order=95778|amount=6.45|msg=checkout started
2026-07-28T19:11:39Z|payment|ERROR|order=54125|amount=277.79|msg=card declined
2026-07-28T19:11:40Z|stock|INFO|order=77733|amount=165.82|msg=order confirmed
2026-07-28T19:11:40Z|checkout|INFO|order=30770|amount=26.27|msg=payment captured
2026-07-28T19:11:41Z|checkout|INFO|order=50607|amount=361.74|msg=invoice generated
2026-07-28T19:11:41Z|checkout|INFO|order=24046|amount=180.23|msg=checkout started
2026-07-28T19:11:42Z|payment|INFO|order=39507|amount=31.27|msg=invoice generated
2026-07-28T19:11:42Z|stock|INFO|order=90518|amount=110.59|msg=payment captured
2026-07-28T19:11:43Z|payment|INFO|order=48083|amount=352.66|msg=payment captured
2026-07-28T19:11:44Z|stock|INFO|order=83056|amount=51.01|msg=invoice generated
2026-07-28T19:11:44Z|payment|INFO|order=74038|amount=179.37|msg=order confirmed
2026-07-28T19:11:45Z|payment|ERROR|order=42362|amount=211.86|msg=order rollback
2026-07-28T19:11:45Z|payment|WARN|order=70634|amount=29.88|msg=slow response from bank
2026-07-28T19:11:46Z|stock|INFO|order=15370|amount=307.55|msg=payment captured
2026-07-28T19:11:46Z|payment|INFO|order=81220|amount=169.78|msg=payment captured
2026-07-28T19:11:46Z|checkout|INFO|order=24608|amount=140.29|msg=payment captured
2026-07-28T19:11:47Z|checkout|INFO|order=15609|amount=233.38|msg=stock reserved
null
2026-07-28T19:11:49Z|payment|INFO|order=12390|amount=92.71|msg=stock reserved
2026-07-28T19:11:50Z|stock|INFO|order=39101|amount=326.45|msg=checkout started
2026-07-28T19:11:50Z|payment|INFO|order=10585|amount=70.19|msg=invoice generated
2026-07-28T19:11:52Z|stock|INFO|order=44193|amount=377.23|msg=invoice generated
2026-07-28T19:11:52Z|checkout|INFO|order=59056|amount=66.72|msg=payment captured
2026-07-28T19:11:53Z|checkout|WARN|order=91423|amount=373.26|msg=payment failed, cart preserved
2026-07-28T19:11:53Z|stock|INFO|order=79647|amount=239.06|msg=invoice generated
2026-07-28T19:11:55Z|checkout|INFO|order=38774|amount=364.11|msg=stock reserved
2026-07-28T19:11:56Z|stock|INFO|order=79573|amount=102.00|msg=payment captured
2026-07-28T19:11:57Z|checkout|INFO|order=40423|amount=206.80|msg=invoice generated
2026-07-28T19:11:57Z|checkout|INFO|order=75192|amount=324.21|msg=invoice generated
2026-07-28T19:11:57Z|stock|INFO|order=82287|amount=122.91|msg=stock reserved
2026-07-28T19:11:58Z|stock|INFO|order=13803|amount=348.00|msg=payment captured
2026-07-28T19:11:58Z|payment|ERROR|order=35218|amount=117.24|msg=gateway timeout after 30s
2026-07-28T19:11:58Z|checkout|INFO|order=68153|amount=132.82|msg=payment captured
2026-07-28T19:11:59Z|stock|WARN|order=69137|amount=344.50|msg=stock level low
2026-07-28T19:12:00Z|stock|INFO|order=74686|amount=180.60|msg=checkout started
2026-07-28T19:12:00Z|checkout|INFO|order=35471|amount=30.10|msg=invoice generated
2026-07-28T19:12:01Z|stock|ERROR|order=18523|amount=40.73|msg=gateway timeout after 30s
2026-07-28T19:12:01Z|payment|INFO|order=30747|amount=339.33|msg=invoice generated
2026-07-28T19:12:02Z|checkout|WARN|order=38859|amount=62.23|msg=retrying gateway call
2026-07-28T19:12:02Z|checkout|INFO|order=46329|amount=165.72|msg=checkout started
2026-07-28T19:12:02Z|stock|ERROR|order=41236|amount=207.56|msg=order rollback
2026-07-28T19:12:02Z|payment|WARN|order=35020|amount=224.97|msg=retrying gateway call
2026-07-28T19:12:03Z|payment|INFO|order=36045|amount=214.41|msg=order confirmed
2026-07-28T19:12:04Z|payment|INFO|order=30364|amount=164.34|msg=payment captured
2026-07-28T19:12:04Z|checkout|INFO|order=50275|amount=57.15|msg=stock reserved
2026-07-28T19:12:05Z|payment|INFO|order=24997|amount=110.13|msg=invoice generated
2026-07-28T19:12:05Z|payment|ERROR|order=72770|amount=364.13|msg=gateway timeout after 30s
2026-07-28T19:12:06Z|payment|WARN|order=69198|amount=281.02|msg=stock level low
2026-07-28T19:12:07Z|checkout|INFO|order=82309|amount=324.08|msg=order confirmed
2026-07-28T19:12:07Z|payment|ERROR|order=|msg=
2026-07-28T19:12:08Z|checkout|WARN|order=93776|amount=385.72|msg=payment failed, cart preserved
2026-07-28T19:12:08Z|checkout|INFO|order=12120|amount=94.20|msg=invoice generated
2026-07-28T19:12:09Z|stock|ERROR|order=60382|amount=15.36|msg=card declined
2026-07-28T19:12:10Z|payment|WARN|order=66711|amount=82.51|msg=slow response from bank
2026-07-28T19:12:12Z|payment|INFO|order=60677|amount=127.97|msg=checkout started
2026-07-28T19:12:13Z|payment|INFO|order=78222|amount=194.36|msg=payment captured
2026-07-28T19:12:13Z|payment|INFO|order=54376|amount=46.84|msg=checkout started
2026-07-28T19:12:14Z|stock|INFO|order=47579|amount=310.43|msg=stock reserved
2026-07-28T19:12:15Z|payment|INFO|order=39509|amount=320.09|msg=checkout started
2026-07-28T19:12:15Z|stock|ERROR|order=77324|amount=188.07|msg=order rollback
2026-07-28T19:12:15Z|checkout|INFO|order=72258|amount=152.93|msg=stock reserved
2026-07-28T19:12:16Z|payment|INFO|order=34661|amount=120.34|msg=stock reserved
2026-07-28T19:12:16Z|stock|WARN|order=25867|amount=175.90|msg=stock level low
2026-07-28T19:12:16Z|checkout|WARN|order=60208|amount=110.05|msg=payment failed, cart preserved
2026-07-28T19:12:17Z|payment|ERROR|order=52575|amount=63.03|msg=card declined
2026-07-28T19:12:19Z|checkout|WARN|order=22517|amount=69.31|msg=retrying gateway call
2026-07-28T19:12:19Z|payment|ERROR|order=48352|amount=176.17|msg=gateway timeout after 30s
2026-07-28T19:12:19Z|checkout|WARN|order=89846|amount=75.19|msg=stock level low
2026-07-28T19:12:20Z|payment|WARN|order=96092|amount=162.19|msg=payment failed, cart preserved
2026-07-28T19:12:20Z|stock|INFO|order=67563|amount=369.03|msg=stock reserved
2026-07-28T19:12:21Z|stock|ERROR|order=32788|amount=304.97|msg=stock service unreachable
2026-07-28T19:12:21Z|stock|INFO|order=61493|amount=224.07|msg=order confirmed
2026-07-28T19:12:21Z|payment|INFO|order=53118|amount=26.87|msg=invoice generated
2026-07-28T19:12:24Z|checkout|INFO|order=52686|amount=348.36|msg=payment captured
2026-07-28T19:12:24Z|checkout|INFO|order=88274|amount=27.53|msg=checkout started
2026-07-28T19:12:25Z|stock|INFO|order=53856|amount=255.55|msg=order confirmed
2026-07-28T19:12:25Z|payment|INFO|order=90893|amount=308.73|msg=stock reserved
2026-07-28T19:12:26Z|checkout|INFO|order=15163|amount=203.03|msg=invoice generated
2026-07-28T19:12:26Z|stock|WARN|order=64974|amount=262.31|msg=slow response from bank
2026-07-28T19:12:27Z|stock|INFO|order=77933|amount=365.06|msg=checkout started
2026-07-28T19:12:28Z|payment|INFO|order=46447|amount=49.79|msg=checkout started
2026-07-28T19:12:28Z|checkout|INFO|order=63082|amount=214.03|msg=stock reserved
2026-07-28T19:12:29Z|checkout|INFO|order=23550|amount=391.88|msg=order confirmed
2026-07-28T19:12:30Z|checkout|ERROR|order=83174|amount=320.06|msg=order rollback
2026-07-28T19:12:31Z|checkout|INFO|order=81919|amount=42.05|msg=order confirmed
2026-07-28T19:12:31Z|payment|INFO|order=57625|amount=255.82|msg=stock reserved
2026-07-28T19:12:31Z|payment|INFO|order=66676|amount=232.85|msg=order confirmed
2026-07-28T19:12:32Z|checkout|ERROR|order=31823|amount=5.34|msg=card declined
2026-07-28T19:12:32Z|payment|INFO|order=26525|amount=76.53|msg=stock reserved
2026-07-28T19:12:33Z|stock|INFO|order=98347|amount=185.42|msg=checkout started
2026-07-28T19:12:33Z|payment|ERROR|order=44010|amount=254.31|msg=card declined
2026-07-28T19:12:34Z|stock|ERROR|order=50855|amount=17.81|msg=order rollback
2026-07-28T19:12:34Z|checkout|INFO|order=62471|amount=102.22|msg=checkout started
2026-07-28T19:12:35Z|checkout|INFO|order=56978|amount=106.98|msg=invoice generated
2026-07-28T19:12:36Z|payment|INFO|order=57198|amount=196.29|msg=payment captured
2026-07-28T19:12:36Z|stock|ERROR|order=34433|amount=284.01|msg=order rollback
2026-07-28T19:12:38Z|payment|WARN|order=74073|amount=194.16|msg=slow response from bank
2026-07-28T19:12:38Z|stock|INFO|order=98930|amount=26.42|msg=invoice generated
2026-07-28T19:12:39Z|stock|ERROR|order=17693|amount=37.89|msg=gateway timeout after 30s
2026-07-28T19:12:39Z|checkout|INFO|order=47896|amount=377.50|msg=invoice generated
2026-07-28T19:12:40Z|stock|INFO|order=90302|amount=135.39|msg=stock reserved
2026-07-28T19:12:41Z|stock|INFO|order=72744|amount=346.65|msg=stock reserved
2026-07-28T19:12:42Z|payment|INFO|order=55725|amount=244.44|msg=checkout started
2026-07-28T19:12:44Z|stock|INFO|order=74699|amount=311.12|msg=stock reserved
2026-07-28T19:12:44Z|payment|INFO|order=93821|amount=85.26|msg=invoice generated
2026-07-28T19:12:45Z|stock|WARN|order=98893|amount=88.06|msg=slow response from bank
2026-07-28T19:12:47Z|payment|ERROR|order=16618|amount=15.12|msg=order rollback
2026-07-28T19:12:48Z|stock|ERROR|order=42489|amount=368.62|msg=stock service unreachable
2026-07-28T19:12:50Z|stock|WARN|order=22872|amount=390.39|msg=retrying gateway call
2026-07-28T19:12:50Z|payment|WARN|order=74541|amount=247.32|msg=payment failed, cart preserved
2026-07-28T19:12:51Z|payment|INFO|order=34570|amount=234.86|msg=payment captured
2026-07-28T19:12:51Z|checkout|ERROR|order=40007|amount=221.63|msg=order rollback
2026-07-28T19:12:51Z|checkout|INFO|order=27729|amount=110.90|msg=payment captured
2026-07-28T19:12:54Z|payment|INFO|order=25501|amount=66.83|msg=order confirmed
2026-07-28T19:12:56Z|checkout|INFO|order=14491|amount=234.68|msg=order confirmed
2026-07-28T19:12:57Z|stock|INFO|order=90694|amount=195.51|msg=invoice generated
2026-07-28T19:12:58Z|payment|INFO|order=45610|amount=198.39|msg=checkout started
2026-07-28T19:13:00Z|stock|INFO|order=13888|amount=21.14|msg=payment captured
2026-07-28T19:13:00Z|stock|INFO|order=28850|amount=106.13|msg=checkout started
2026-07-28T19:13:01Z|stock|INFO|order=43840|amount=376.54|msg=checkout started
2026-07-28T19:13:01Z|checkout|INFO|order=78534|amount=310.21|msg=checkout started
2026-07-28T19:13:01Z|payment|WARN|order=44673|amount=38.31|msg=slow response from bank
2026-07-28T19:13:02Z|payment|FATAL-OOM
2026-07-28T19:13:02Z|checkout|INFO|order=63524|amount=386.45|msg=stock reserved
2026-07-28T19:13:02Z|stock|INFO|order=81682|amount=260.21|msg=stock reserved
2026-07-28T19:13:04Z|payment|INFO|order=75394|amount=65.52|msg=order confirmed
2026-07-28T19:13:04Z|payment|INFO|order=77242|amount=294.35|msg=payment captured
2026-07-28T19:13:05Z|stock|INFO|order=23683|amount=13.34|msg=checkout started
2026-07-28T19:13:05Z|payment|INFO|order=19184|amount=327.80|msg=invoice generated
2026-07-28T19:13:06Z|stock|INFO|order=30704|amount=16.76|msg=order confirmed
2026-07-28T19:13:06Z|stock|INFO|order=23983|amount=323.93|msg=payment captured
2026-07-28T19:13:07Z|payment|WARN|order=35729|amount=308.50|msg=payment failed, cart preserved
2026-07-28T19:13:07Z|checkout|INFO|order=16410|amount=353.77|msg=invoice generated
2026-07-28T19:13:07Z|checkout|ERROR|order=91735|amount=393.47|msg=order rollback
2026-07-28T19:13:08Z|stock|INFO|order=72151|amount=329.96|msg=order confirmed
2026-07-28T19:13:09Z|checkout|WARN|order=60482|amount=233.55|msg=retrying gateway call
2026-07-28T19:13:09Z|checkout|INFO|order=19948|amount=266.20|msg=checkout started
2026-07-28T19:13:09Z|stock|INFO|order=92976|amount=285.83|msg=stock reserved
2026-07-28T19:13:10Z|stock|ERROR|order=98716|amount=305.46|msg=gateway timeout after 30s
2026-07-28T19:13:12Z|payment|ERROR|order=89156|amount=129.20|msg=stock service unreachable
2026-07-28T19:13:12Z|checkout|WARN|order=81699|amount=112.01|msg=payment failed, cart preserved
2026-07-28T19:13:12Z|stock|INFO|order=63746|amount=159.25|msg=invoice generated
2026-07-28T19:13:12Z|payment|INFO|order=47542|amount=67.92|msg=invoice generated
2026-07-28T19:13:13Z|stock|INFO|order=27227|amount=282.48|msg=invoice generated
2026-07-28T19:13:13Z|checkout|INFO|order=37934|amount=34.46|msg=stock reserved
2026-07-28T19:13:13Z|payment|INFO|order=97288|amount=267.31|msg=invoice generated
2026-07-28T19:13:14Z|stock|INFO|order=53459|amount=254.94|msg=order confirmed
2026-07-28T19:13:15Z|payment|INFO|order=22643|amount=270.59|msg=invoice generated
2026-07-28T19:13:15Z|payment|FATAL-OOM
2026-07-28T19:13:16Z|payment|INFO|order=61713|amount=244.07|msg=payment captured
2026-07-28T19:13:16Z|checkout|WARN|order=44762|amount=295.55|msg=payment failed, cart preserved
2026-07-28T19:13:18Z|payment|INFO|order=31261|amount=362.06|msg=order confirmed
2026-07-28T19:13:19Z|checkout|ERROR|order=17148|amount=112.97|msg=order rollback
2026-07-28T19:13:20Z|payment|INFO|order=33643|amount=275.81|msg=invoice generated
2026-07-28T19:13:20Z|checkout|INFO|order=47170|amount=179.61|msg=stock reserved
2026-07-28T19:13:21Z|stock|ERROR|order=12528|amount=267.32|msg=order rollback
2026-07-28T19:13:22Z|payment|ERROR|order=83999|amount=186.85|msg=stock service unreachable
2026-07-28T19:13:22Z|payment|WARN|order=28493|amount=93.95|msg=slow response from bank
2026-07-28T19:13:23Z|checkout|INFO|order=17168|amount=86.27|msg=invoice generated
2026-07-28T19:13:24Z|payment|INFO|order=32073|amount=259.12|msg=checkout started
2026-07-28T19:13:24Z|checkout|INFO|order=94393|amount=327.95|msg=checkout started
2026-07-28T19:13:25Z|stock|INFO|order=52808|amount=68.17|msg=checkout started
2026-07-28T19:13:25Z|checkout|WARN|order=24015|amount=152.96|msg=slow response from bank
2026-07-28T19:13:26Z|checkout|INFO|order=51883|amount=181.39|msg=stock reserved
2026-07-28T19:13:31Z|payment|WARN|order=78402|amount=91.36|msg=slow response from bank
2026-07-28T19:13:32Z|payment|WARN|order=90033|amount=354.52|msg=retrying gateway call
2026-07-28T19:13:32Z|payment|INFO|order=29408|amount=10.91|msg=checkout started
2026-07-28T19:13:32Z|payment|ERROR|order=57083|amount=82.91|msg=order rollback
2026-07-28T19:13:33Z|payment|INFO|order=39785|amount=228.20|msg=payment captured
2026-07-28T19:13:33Z|checkout|ERROR|order=71643|amount=144.38|msg=gateway timeout after 30s
2026-07-28T19:13:36Z|stock|INFO|order=68461|amount=225.38|msg=payment captured
2026-07-28T19:13:37Z|checkout|INFO|order=77752|amount=215.49|msg=payment captured
2026-07-28T19:13:37Z|stock|INFO|order=36830|amount=349.44|msg=stock reserved
2026-07-28T19:13:38Z|checkout|INFO|order=54141|amount=115.49|msg=payment captured
2026-07-28T19:13:38Z|checkout|ERROR|order=95685|amount=54.61|msg=stock service unreachable
2026-07-28T19:13:38Z|stock|INFO|order=88776|amount=171.74|msg=checkout started
2026-07-28T19:13:39Z|stock|INFO|order=85808|amount=279.58|msg=invoice generated
2026-07-28T19:13:40Z|payment|INFO|order=20906|amount=50.00|msg=invoice generated
2026-07-28T19:13:41Z|checkout|ERROR|order=69629|amount=264.52|msg=order rollback
2026-07-28T19:13:41Z|stock|INFO|order=95710|amount=330.18|msg=payment captured
2026-07-28T19:13:42Z|checkout|INFO|order=83029|amount=5.64|msg=order confirmed
2026-07-28T19:13:43Z|checkout|WARN|order=14086|amount=235.70|msg=payment failed, cart preserved
2026-07-28T19:13:44Z|checkout|WARN|order=27941|amount=215.56|msg=retrying gateway call
2026-07-28T19:13:45Z|stock|INFO|order=82372|amount=164.06|msg=order confirmed
2026-07-28T19:13:48Z|payment|WARN|order=28294|amount=57.47|msg=slow response from bank
2026-07-28T19:13:50Z|stock|INFO|order=26455|amount=148.61|msg=payment captured
2026-07-28T19:13:50Z|checkout|ERROR|order=59320|amount=292.61|msg=card declined
2026-07-28T19:13:51Z|payment|ERROR|order=54186|amount=262.72|msg=order rollback
2026-07-28T19:13:51Z|payment|INFO|order=55779|amount=364.84|msg=stock reserved
2026-07-28T19:13:52Z|checkout|INFO|order=66502|amount=298.41|msg=stock reserved
2026-07-28T19:13:53Z|checkout|INFO|order=80958|amount=147.93|msg=checkout started
2026-07-28T19:13:53Z|payment|INFO|order=24438|amount=149.35|msg=stock reserved
2026-07-28T19:13:53Z|checkout|INFO|order=82440|amount=57.77|msg=invoice generated
2026-07-28T19:13:54Z|stock|INFO|order=31924|amount=369.94|msg=checkout started
2026-07-28T19:13:54Z|stock|INFO|order=46959|amount=147.51|msg=payment captured
2026-07-28T19:13:55Z|stock|WARN|order=30894|amount=204.47|msg=payment failed, cart preserved
2026-07-28T19:13:56Z|stock|INFO|order=68976|amount=314.26|msg=order confirmed
2026-07-28T19:13:57Z|stock|INFO|order=21875|amount=71.13|msg=payment captured
2026-07-28T19:14:00Z|payment|WARN|order=24325|amount=141.37|msg=payment failed, cart preserved
2026-07-28T19:14:00Z|stock|WARN|order=33842|amount=212.27|msg=payment failed, cart preserved
2026-07-28T19:14:01Z|checkout|INFO|order=49281|amount=261.30|msg=payment captured
2026-07-28T19:14:02Z|payment|ERROR|order=23251|amount=74.84|msg=stock service unreachable
2026-07-28T19:14:04Z|checkout|INFO|order=99987|amount=53.24|msg=checkout started
2026-07-28T19:14:06Z|checkout|ERROR|order=35826|amount=86.78|msg=stock service unreachable
2026-07-28T19:14:07Z|checkout|ERROR|order=72078|amount=55.49|msg=gateway timeout after 30s
2026-07-28T19:14:09Z|checkout|WARN|order=71352|amount=261.43|msg=slow response from bank
2026-07-28T19:14:09Z|payment|WARN|order=35602|amount=161.95|msg=payment failed, cart preserved
2026-07-28T19:14:10Z|payment|INFO|order=42135|amount=165.41|msg=checkout started
2026-07-28T19:14:11Z|stock|INFO|order=88922|amount=326.23|msg=invoice generated
2026-07-28T19:14:11Z|stock|INFO|order=59901|amount=136.02|msg=invoice generated
2026-07-28T19:14:12Z|payment|INFO|order=17510|amount=158.93|msg=stock reserved
2026-07-28T19:14:12Z|stock|INFO|order=43720|amount=73.11|msg=stock reserved
2026-07-28T19:14:13Z|checkout|INFO|order=64348|amount=109.66|msg=payment captured
2026-07-28T19:14:13Z|checkout|WARN|order=82987|amount=165.44|msg=retrying gateway call
2026-07-28T19:14:14Z|checkout|WARN|order=38997|amount=16.40|msg=slow response from bank
2026-07-28T19:14:15Z|stock|WARN|order=86736|amount=178.56|msg=stock level low
2026-07-28T19:14:17Z|checkout|INFO|order=43288|amount=62.25|msg=invoice generated
2026-07-28T19:14:18Z|checkout|WARN|order=57097|amount=303.34|msg=retrying gateway call
2026-07-28T19:14:19Z|checkout|INFO|order=76356|amount=156.91|msg=order confirmed
2026-07-28T19:14:19Z|checkout|INFO|order=26825|amount=63.37|msg=order confirmed
2026-07-28T19:14:20Z|stock|INFO|order=88586|amount=267.66|msg=payment captured
2026-07-28T19:14:21Z|payment|INFO|order=61109|amount=100.44|msg=stock reserved
null
2026-07-28T19:14:22Z|stock|INFO|order=16162|amount=204.13|msg=order confirmed
2026-07-28T19:14:23Z|checkout|INFO|order=31161|amount=5.77|msg=payment captured
2026-07-28T19:14:24Z|checkout|WARN|order=14782|amount=26.57|msg=slow response from bank
2026-07-28T19:14:25Z|checkout|INFO|order=81329|amount=121.02|msg=order confirmed
2026-07-28T19:14:25Z|checkout|ERROR|order=89974|amount=51.42|msg=card declined
2026-07-28T19:14:25Z|payment|INFO|order=19550|amount=28.11|msg=checkout started
2026-07-28T19:14:28Z|stock|INFO|order=23626|amount=329.04|msg=invoice generated
2026-07-28T19:14:28Z|payment|INFO|order=57377|amount=56.13|msg=payment captured
2026-07-28T19:14:28Z|stock|WARN|order=24249|amount=15.18|msg=payment failed, cart preserved
2026-07-28T19:14:29Z|stock|INFO|order=57332|amount=355.77|msg=stock reserved
2026-07-28T19:14:30Z|stock|INFO|order=78644|amount=58.57|msg=invoice generated
2026-07-28T19:14:30Z|payment|ERROR|order=74767|amount=382.87|msg=gateway timeout after 30s
2026-07-28T19:14:31Z|stock|INFO|order=93985|amount=126.63|msg=order confirmed
2026-07-28T19:14:32Z|checkout|WARN|order=21336|amount=77.22|msg=payment failed, cart preserved
2026-07-28T19:14:32Z|stock|INFO|order=68052|amount=35.32|msg=payment captured
2026-07-28T19:14:32Z|checkout|INFO|order=31535|amount=202.55|msg=order confirmed
2026-07-28T19:14:33Z|stock|INFO|order=31718|amount=200.48|msg=checkout started
2026-07-28T19:14:34Z|checkout|INFO|order=94363|amount=246.96|msg=stock reserved
2026-07-28T19:14:35Z|payment|INFO|order=51248|amount=232.83|msg=stock reserved
2026-07-28T19:14:36Z|stock|WARN|order=15373|amount=279.69|msg=stock level low
2026-07-28T19:14:37Z|stock|INFO|order=44204|amount=375.45|msg=payment captured
2026-07-28T19:14:37Z|stock|INFO|order=39167|amount=282.06|msg=checkout started
2026-07-28T19:14:38Z|stock|ERROR|order=70965|amount=385.77|msg=stock service unreachable
2026-07-28T19:14:38Z|stock|INFO|order=28091|amount=88.96|msg=invoice generated
2026-07-28T19:14:38Z|stock|ERROR|order=78142|amount=341.65|msg=order rollback
2026-07-28T19:14:39Z|checkout|WARN|order=55573|amount=89.65|msg=retrying gateway call
2026-07-28T19:14:39Z|payment|WARN|order=43114|amount=251.56|msg=slow response from bank
2026-07-28T19:14:40Z|stock|INFO|order=48199|amount=257.10|msg=invoice generated
2026-07-28T19:14:40Z|checkout|WARN|order=83257|amount=249.93|msg=stock level low
2026-07-28T19:14:41Z|checkout|INFO|order=36893|amount=311.18|msg=checkout started
2026-07-28T19:14:42Z|checkout|INFO|order=68793|amount=166.91|msg=payment captured
2026-07-28T19:14:42Z|stock|INFO|order=71945|amount=153.79|msg=payment captured
2026-07-28T19:14:43Z|payment|ERROR|order=38994|amount=239.63|msg=order rollback
2026-07-28T19:14:43Z|stock|WARN|order=73621|amount=124.33|msg=payment failed, cart preserved
2026-07-28T19:14:43Z|checkout|INFO|order=44263|amount=381.13|msg=checkout started
2026-07-28T19:14:44Z|payment|ERROR|order=86070|amount=115.19|msg=gateway timeout after 30s
2026-07-28T19:14:45Z|stock|WARN|order=56825|amount=289.10|msg=slow response from bank
2026-07-28T19:14:46Z|checkout|WARN|order=41562|amount=388.74|msg=stock level low
2026-07-28T19:14:46Z|stock|ERROR|order=85257|amount=258.70|msg=card declined
2026-07-28T19:14:49Z|payment|INFO|order=27846|amount=6.32|msg=order confirmed
2026-07-28T19:14:50Z|checkout|INFO|order=18615|amount=325.97|msg=order confirmed
2026-07-28T19:14:50Z|payment|INFO|order=71665|amount=180.58|msg=order confirmed
2026-07-28T19:14:52Z|checkout|WARN|order=50163|amount=139.80|msg=stock level low
2026-07-28T19:14:52Z|stock|INFO|order=95735|amount=147.41|msg=invoice generated
2026-07-28T19:14:53Z|checkout|INFO|order=97948|amount=204.75|msg=checkout started
2026-07-28T19:14:54Z|payment|INFO|order=62807|amount=398.27|msg=stock reserved
2026-07-28T19:14:54Z|checkout|INFO|order=14522|amount=339.50|msg=order confirmed
2026-07-28T19:14:54Z|payment|WARN|order=64525|amount=394.91|msg=stock level low
2026-07-28T19:14:54Z|stock|INFO|order=92316|amount=18.13|msg=invoice generated
2026-07-28T19:14:54Z|stock|WARN|order=10616|amount=359.58|msg=payment failed, cart preserved
2026-07-28T19:14:56Z|checkout|INFO|order=11759|amount=54.02|msg=payment captured
2026-07-28T19:14:56Z|stock|INFO|order=40940|amount=187.81|msg=payment captured
2026-07-28T19:14:57Z|payment|INFO|order=48836|amount=265.61|msg=checkout started
2026-07-28T19:14:58Z|stock|ERROR|order=16901|amount=293.07|msg=order rollback
2026-07-28T19:14:59Z|checkout|INFO|order=11662|amount=82.13|msg=stock reserved
2026-07-28T19:15:00Z|checkout|WARN|order=83864|amount=166.50|msg=stock level low
2026-07-28T19:15:00Z|payment|INFO|order=47374|amount=343.42|msg=checkout started
2026-07-28T19:15:01Z|payment|ERROR|order=86379|amount=44.89|msg=stock service unreachable
2026-07-28T19:15:02Z|checkout|INFO|order=40995|amount=295.26|msg=payment captured
2026-07-28T19:15:02Z|stock|INFO|order=10025|amount=200.56|msg=payment captured
2026-07-28T19:15:03Z|payment|INFO|order=17430|amount=120.54|msg=stock reserved
2026-07-28T19:15:03Z|checkout|INFO|order=85327|amount=288.85|msg=stock reserved
2026-07-28T19:15:04Z|payment|INFO|order=99012|amount=215.58|msg=invoice generated
2026-07-28T19:15:04Z|payment|INFO|order=26306|amount=180.82|msg=checkout started
2026-07-28T19:15:05Z|checkout|INFO|order=10683|amount=28.79|msg=payment captured
2026-07-28T19:15:06Z|stock|INFO|order=79396|amount=322.30|msg=invoice generated
2026-07-28T19:15:06Z|stock|WARN|order=74670|amount=59.67|msg=stock level low
2026-07-28T19:15:07Z|checkout|ERROR|order=73790|amount=100.06|msg=card declined
2026-07-28T19:15:07Z|checkout|INFO|order=78461|amount=296.17|msg=payment captured
2026-07-28T19:15:08Z|stock|INFO|order=47365|amount=89.65|msg=order confirmed
2026-07-28T19:15:09Z|checkout|INFO|order=84544|amount=300.04|msg=invoice generated
2026-07-28T19:15:09Z|stock|INFO|order=34349|amount=204.08|msg=payment captured
2026-07-28T19:15:10Z|checkout|INFO|order=22791|amount=168.94|msg=invoice generated
2026-07-28T19:15:15Z|checkout|INFO|order=55767|amount=224.43|msg=stock reserved
2026-07-28T19:15:15Z|stock|INFO|order=41937|amount=291.00|msg=payment captured
2026-07-28T19:15:17Z|payment|WARN|order=45767|amount=308.92|msg=slow response from bank
2026-07-28T19:15:17Z|payment|ERROR|order=35037|amount=74.01|msg=stock service unreachable
2026-07-28T19:15:17Z|checkout|INFO|order=76616|amount=376.13|msg=stock reserved
2026-07-28T19:15:18Z|checkout|INFO|order=23210|amount=347.61|msg=order confirmed
2026-07-28T19:15:18Z|checkout|INFO|order=13955|amount=350.40|msg=stock reserved
2026-07-28T19:15:19Z|checkout|INFO|order=46983|amount=325.51|msg=stock reserved
2026-07-28T19:15:20Z|checkout|INFO|order=99881|amount=34.38|msg=invoice generated
2026-07-28T19:15:21Z|stock|INFO|order=44618|amount=182.54|msg=stock reserved
2026-07-28T19:15:22Z|checkout|INFO|order=10876|amount=253.93|msg=checkout started
2026-07-28T19:15:23Z|stock|INFO|order=72623|amount=196.82|msg=invoice generated
2026-07-28T19:15:23Z|checkout|INFO|order=22865|amount=218.68|msg=order confirmed
2026-07-28T19:15:24Z|payment|INFO|order=40728|amount=228.47|msg=invoice generated
2026-07-28T19:15:25Z|stock|INFO|order=30761|amount=172.86|msg=payment captured
2026-07-28T19:15:25Z|payment|INFO|order=98277|amount=309.93|msg=stock reserved
2026-07-28T19:15:26Z|payment|INFO|order=62420|amount=244.05|msg=checkout started
2026-07-28T19:15:27Z|checkout|INFO|order=87361|amount=276.65|msg=payment captured
2026-07-28T19:15:28Z|payment|ERROR|order=78096|amount=141.03|msg=stock service unreachable
2026-07-28T19:15:29Z|payment|INFO|order=44672|amount=211.58|msg=invoice generated
2026-07-28T19:15:30Z|checkout|ERROR|order=34762|amount=231.83|msg=card declined
2026-07-28T19:15:31Z|stock|INFO|order=31372|amount=216.80|msg=stock reserved
2026-07-28T19:15:32Z|checkout|WARN|order=62829|amount=176.86|msg=payment failed, cart preserved
2026-07-28T19:15:32Z|checkout|ERROR|order=18934|amount=63.73|msg=card declined
2026-07-28T19:15:32Z|stock|INFO|order=97613|amount=45.46|msg=payment captured
2026-07-28T19:15:33Z|checkout|ERROR|order=55382|amount=217.67|msg=stock service unreachable
2026-07-28T19:15:33Z|checkout|WARN|order=69524|amount=230.17|msg=slow response from bank
2026-07-28T19:15:37Z|stock|INFO|order=94012|amount=296.00|msg=invoice generated
2026-07-28T19:15:37Z|stock|WARN|order=14195|amount=307.12|msg=slow response from bank
2026-07-28T19:15:37Z|stock|INFO|order=13820|amount=278.21|msg=payment captured
2026-07-28T19:15:38Z|payment|INFO|order=25091|amount=140.48|msg=order confirmed
2026-07-28T19:15:38Z|checkout|INFO|order=89579|amount=338.70|msg=order confirmed
2026-07-28T19:15:40Z|payment|INFO|order=42329|amount=88.19|msg=payment captured
2026-07-28T19:15:40Z|payment|INFO|order=45343|amount=345.64|msg=checkout started
2026-07-28T19:15:42Z|payment|INFO|order=63193|amount=169.27|msg=invoice generated
2026-07-28T19:15:42Z|checkout|WARN|order=32171|amount=38.21|msg=stock level low
2026-07-28T19:15:42Z|stock|WARN|order=25156|amount=270.69|msg=retrying gateway call
2026-07-28T19:15:43Z|payment|ERROR|order=|msg=
2026-07-28T19:15:45Z|payment|INFO|order=55603|amount=192.67|msg=payment captured
2026-07-28T19:15:46Z|stock|INFO|order=99232|amount=91.48|msg=stock reserved
2026-07-28T19:15:46Z|checkout|INFO|order=40972|amount=214.97|msg=payment captured
2026-07-28T19:15:46Z|payment|INFO|order=36331|amount=264.21|msg=stock reserved
2026-07-28T19:15:46Z|payment|ERROR|order=52477|amount=156.92|msg=card declined
2026-07-28T19:15:48Z|stock|INFO|order=25177|amount=75.12|msg=order confirmed
2026-07-28T19:15:48Z|stock|INFO|order=86929|amount=392.75|msg=stock reserved
2026-07-28T19:15:49Z|stock|ERROR|order=75869|amount=207.36|msg=order rollback
2026-07-28T19:15:50Z|payment|INFO|order=89830|amount=287.65|msg=stock reserved
2026-07-28T19:15:50Z|checkout|INFO|order=97340|amount=250.29|msg=stock reserved
2026-07-28T19:15:51Z|stock|ERROR|order=67802|amount=285.56|msg=stock service unreachable
2026-07-28T19:15:51Z|checkout|INFO|order=60875|amount=340.83|msg=payment captured
2026-07-28T19:15:52Z|checkout|WARN|order=18730|amount=121.00|msg=stock level low
2026-07-28T19:15:54Z|payment|WARN|order=72075|amount=398.09|msg=stock level low
2026-07-28T19:15:55Z|checkout|INFO|order=28750|amount=32.21|msg=payment captured
2026-07-28T19:15:55Z|stock|INFO|order=72211|amount=178.19|msg=stock reserved
2026-07-28T19:15:56Z|checkout|INFO|order=94591|amount=231.32|msg=invoice generated
2026-07-28T19:15:56Z|stock|INFO|order=51009|amount=255.35|msg=order confirmed
2026-07-28T19:15:58Z|stock|ERROR|order=41392|amount=358.56|msg=gateway timeout after 30s
2026-07-28T19:16:00Z|stock|INFO|order=42877|amount=38.12|msg=invoice generated
2026-07-28T19:16:00Z|payment|INFO|order=99601|amount=31.17|msg=invoice generated
2026-07-28T19:16:00Z|stock|INFO|order=39783|amount=209.58|msg=payment captured
2026-07-28T19:16:01Z|checkout|WARN|order=20544|amount=340.53|msg=slow response from bank
2026-07-28T19:16:01Z|stock|INFO|order=59314|amount=153.49|msg=invoice generated
2026-07-28T19:16:02Z|checkout|WARN|order=24770|amount=295.62|msg=payment failed, cart preserved
2026-07-28T19:16:05Z|checkout|WARN|order=49091|amount=98.05|msg=retrying gateway call
2026-07-28T19:16:05Z|payment|INFO|order=31210|amount=229.16|msg=invoice generated
2026-07-28T19:16:05Z|checkout|INFO|order=11965|amount=56.97|msg=payment captured
2026-07-28T19:16:06Z|payment|ERROR|order=|msg=
2026-07-28T19:16:06Z|stock|INFO|order=59943|amount=98.61|msg=checkout started
2026-07-28T19:16:07Z|stock|WARN|order=57278|amount=128.01|msg=slow response from bank
2026-07-28T19:16:08Z|checkout|INFO|order=65340|amount=197.83|msg=payment captured
2026-07-28T19:16:08Z|checkout|INFO|order=70044|amount=141.13|msg=stock reserved
2026-07-28T19:16:08Z|payment|INFO|order=71206|amount=73.79|msg=checkout started
2026-07-28T19:16:08Z|stock|WARN|order=12047|amount=211.49|msg=slow response from bank
2026-07-28T19:16:09Z|checkout|INFO|order=27933|amount=208.18|msg=checkout started
2026-07-28T19:16:09Z|checkout|INFO|order=46805|amount=336.56|msg=stock reserved
2026-07-28T19:16:09Z|stock|INFO|order=68492|amount=235.74|msg=invoice generated
2026-07-28T19:16:10Z|stock|INFO|order=97565|amount=377.33|msg=order confirmed
2026-07-28T19:16:11Z|payment|ERROR|order=68795|amount=366.42|msg=card declined
2026-07-28T19:16:11Z|payment|INFO|order=74592|amount=128.11|msg=stock reserved
2026-07-28T19:16:12Z|checkout|INFO|order=19896|amount=14.23|msg=stock reserved
2026-07-28T19:16:12Z|payment|INFO|order=53667|amount=37.73|msg=payment captured
2026-07-28T19:16:14Z|payment|ERROR|order=64118|amount=129.82|msg=gateway timeout after 30s
2026-07-28T19:16:14Z|checkout|INFO|order=53334|amount=216.36|msg=invoice generated
2026-07-28T19:16:15Z|payment|INFO|order=42591|amount=63.98|msg=payment captured
2026-07-28T19:16:15Z|payment|INFO|order=88781|amount=350.89|msg=checkout started
2026-07-28T19:16:15Z|stock|INFO|order=46172|amount=127.84|msg=checkout started
2026-07-28T19:16:15Z|checkout|WARN|order=32775|amount=132.73|msg=slow response from bank
2026-07-28T19:16:16Z|checkout|WARN|order=79752|amount=30.99|msg=payment failed, cart preserved
2026-07-28T19:16:17Z|checkout|INFO|order=52631|amount=382.02|msg=checkout started
2026-07-28T19:16:17Z|checkout|INFO|order=84725|amount=272.12|msg=order confirmed
2026-07-28T19:16:18Z|stock|WARN|order=50301|amount=226.49|msg=stock level low
2026-07-28T19:16:18Z|stock|ERROR|order=92986|amount=300.94|msg=gateway timeout after 30s
2026-07-28T19:16:21Z|payment|INFO|order=38201|amount=150.01|msg=payment captured
2026-07-28T19:16:22Z|stock|INFO|order=49625|amount=342.33|msg=invoice generated
2026-07-28T19:16:23Z|stock|INFO|order=90448|amount=365.60|msg=invoice generated
2026-07-28T19:16:24Z|payment|ERROR|order=58861|amount=197.29|msg=order rollback
2026-07-28T19:16:24Z|payment|ERROR|order=53511|amount=150.40|msg=order rollback
2026-07-28T19:16:25Z|payment|INFO|order=62671|amount=360.00|msg=invoice generated
2026-07-28T19:16:25Z|payment|INFO|order=26008|amount=248.55|msg=payment captured
2026-07-28T19:16:25Z|stock|INFO|order=25686|amount=306.63|msg=invoice generated
2026-07-28T19:16:25Z|payment|WARN|order=76245|amount=325.17|msg=stock level low
2026-07-28T19:16:26Z|payment|INFO|order=99230|amount=155.38|msg=stock reserved
2026-07-28T19:16:27Z|checkout|ERROR|order=21276|amount=55.92|msg=order rollback
2026-07-28T19:16:27Z|stock|WARN|order=38960|amount=346.59|msg=slow response from bank
2026-07-28T19:16:27Z|checkout|INFO|order=35342|amount=113.64|msg=invoice generated
2026-07-28T19:16:28Z|payment|WARN|order=66958|amount=392.09|msg=slow response from bank
2026-07-28T19:16:28Z|stock|INFO|order=47897|amount=337.77|msg=stock reserved
2026-07-28T19:16:29Z|checkout|INFO|order=30392|amount=36.22|msg=stock reserved
2026-07-28T19:16:29Z|payment|WARN|order=10735|amount=256.48|msg=stock level low
2026-07-28T19:16:29Z|checkout|ERROR|order=95968|amount=54.60|msg=card declined
2026-07-28T19:16:33Z|stock|ERROR|order=81161|amount=127.45|msg=order rollback
2026-07-28T19:16:33Z|payment|INFO|order=96999|amount=377.31|msg=payment captured
2026-07-28T19:16:34Z|checkout|INFO|order=75399|amount=116.75|msg=stock reserved
2026-07-28T19:16:35Z|checkout|ERROR|order=76275|amount=397.16|msg=stock service unreachable
2026-07-28T19:16:36Z|checkout|INFO|order=67533|amount=56.92|msg=payment captured
2026-07-28T19:16:36Z|stock|INFO|order=54701|amount=193.42|msg=invoice generated
2026-07-28T19:16:36Z|checkout|INFO|order=62482|amount=82.02|msg=stock reserved
2026-07-28T19:16:36Z|stock|ERROR|order=37783|amount=20.44|msg=order rollback
2026-07-28T19:16:36Z|payment|INFO|order=32296|amount=116.88|msg=stock reserved
2026-07-28T19:16:37Z|stock|INFO|order=30249|amount=273.15|msg=invoice generated
2026-07-28T19:16:37Z|checkout|WARN|order=17742|amount=199.65|msg=stock level low
2026-07-28T19:16:38Z|stock|WARN|order=70427|amount=280.83|msg=retrying gateway call
2026-07-28T19:16:38Z|payment|INFO|order=95953|amount=150.95|msg=stock reserved
2026-07-28T19:16:38Z|stock|INFO|order=88766|amount=330.95|msg=stock reserved
2026-07-28T19:16:40Z|checkout|ERROR|order=59774|amount=361.49|msg=order rollback
2026-07-28T19:16:40Z|checkout|INFO|order=81928|amount=191.77|msg=stock reserved
2026-07-28T19:16:40Z|payment|WARN|order=13297|amount=395.81|msg=stock level low
2026-07-28T19:16:40Z|payment|WARN|order=51802|amount=186.30|msg=payment failed, cart preserved
2026-07-28T19:16:40Z|stock|ERROR|order=27001|amount=291.51|msg=gateway timeout after 30s
2026-07-28T19:16:41Z|payment|WARN|order=21925|amount=19.52|msg=payment failed, cart preserved
2026-07-28T19:16:42Z|payment|INFO|order=51446|amount=307.32|msg=invoice generated
2026-07-28T19:16:42Z|checkout|INFO|order=37638|amount=379.96|msg=checkout started
2026-07-28T19:16:43Z|checkout|INFO|order=42426|amount=292.87|msg=invoice generated
2026-07-28T19:16:43Z|stock|ERROR|order=29394|amount=265.39|msg=card declined
2026-07-28T19:16:44Z|payment|INFO|order=95657|amount=51.98|msg=payment captured
2026-07-28T19:16:46Z|checkout|WARN|order=97602|amount=81.17|msg=retrying gateway call
2026-07-28T19:16:47Z|stock|INFO|order=63078|amount=356.29|msg=checkout started
2026-07-28T19:16:49Z|stock|ERROR|order=27165|amount=332.99|msg=gateway timeout after 30s
2026-07-28T19:16:49Z|stock|INFO|order=90249|amount=345.87|msg=order confirmed
2026-07-28T19:16:50Z|stock|ERROR|order=71449|amount=121.20|msg=gateway timeout after 30s
2026-07-28T19:16:51Z|checkout|INFO|order=30357|amount=371.22|msg=stock reserved
2026-07-28T19:16:51Z|stock|INFO|order=28047|amount=200.35|msg=stock reserved
2026-07-28T19:16:52Z|payment|INFO|order=68315|amount=114.52|msg=invoice generated
2026-07-28T19:16:53Z|payment|ERROR|order=12880|amount=194.42|msg=stock service unreachable
2026-07-28T19:16:53Z|stock|ERROR|order=10775|amount=126.30|msg=card declined
2026-07-28T19:16:54Z|checkout|WARN|order=50054|amount=118.40|msg=stock level low
2026-07-28T19:16:54Z|payment|FATAL-OOM
2026-07-28T19:16:54Z|stock|INFO|order=46842|amount=367.32|msg=payment captured
2026-07-28T19:16:55Z|stock|INFO|order=95002|amount=157.68|msg=order confirmed
2026-07-28T19:16:55Z|payment|INFO|order=79084|amount=324.43|msg=stock reserved
2026-07-28T19:16:55Z|checkout|WARN|order=43252|amount=326.34|msg=stock level low
2026-07-28T19:16:56Z|checkout|INFO|order=75684|amount=15.93|msg=invoice generated
2026-07-28T19:16:57Z|checkout|ERROR|order=86436|amount=123.02|msg=gateway timeout after 30s
2026-07-28T19:16:58Z|stock|INFO|order=97331|amount=97.50|msg=checkout started
2026-07-28T19:16:58Z|checkout|INFO|order=45116|amount=204.61|msg=stock reserved
2026-07-28T19:16:59Z|payment|ERROR|order=63027|amount=283.43|msg=stock service unreachable
2026-07-28T19:16:59Z|stock|INFO|order=91787|amount=218.79|msg=invoice generated
2026-07-28T19:16:59Z|checkout|INFO|order=21470|amount=61.13|msg=payment captured
2026-07-28T19:17:00Z|payment|INFO|order=49900|amount=178.08|msg=payment captured
2026-07-28T19:17:00Z|stock|INFO|order=62105|amount=360.64|msg=order confirmed
2026-07-28T19:17:00Z|payment|WARN|order=11360|amount=5.26|msg=slow response from bank
2026-07-28T19:17:01Z|stock|WARN|order=75731|amount=88.48|msg=slow response from bank
2026-07-28T19:17:02Z|stock|INFO|order=75265|amount=393.21|msg=checkout started
2026-07-28T19:17:02Z|stock|INFO|order=77782|amount=379.37|msg=checkout started
2026-07-28T19:17:03Z|checkout|WARN|order=90319|amount=310.82|msg=retrying gateway call
2026-07-28T19:17:03Z|payment|WARN|order=74457|amount=232.56|msg=payment failed, cart preserved
2026-07-28T19:17:03Z|checkout|INFO|order=47183|amount=216.33|msg=payment captured
2026-07-28T19:17:04Z|payment|INFO|order=14163|amount=129.88|msg=invoice generated
2026-07-28T19:17:05Z|stock|INFO|order=87480|amount=379.87|msg=invoice generated
2026-07-28T19:17:05Z|payment|ERROR|order=21852|amount=203.20|msg=stock service unreachable
2026-07-28T19:17:05Z|checkout|ERROR|order=61251|amount=251.08|msg=card declined
2026-07-28T19:17:06Z|stock|WARN|order=23061|amount=68.72|msg=stock level low
2026-07-28T19:17:06Z|payment|ERROR|order=48135|amount=233.66|msg=card declined
2026-07-28T19:17:07Z|payment|ERROR|order=15650|amount=165.02|msg=stock service unreachable
2026-07-28T19:17:07Z|checkout|ERROR|order=65757|amount=87.12|msg=order rollback
2026-07-28T19:17:08Z|stock|INFO|order=64525|amount=169.42|msg=stock reserved
2026-07-28T19:17:08Z|checkout|INFO|order=19750|amount=228.06|msg=stock reserved
2026-07-28T19:17:09Z|payment|ERROR|order=61741|amount=248.25|msg=card declined
2026-07-28T19:17:11Z|checkout|ERROR|order=47021|amount=199.41|msg=gateway timeout after 30s
2026-07-28T19:17:11Z|checkout|INFO|order=92650|amount=184.95|msg=stock reserved
2026-07-28T19:17:12Z|stock|WARN|order=16964|amount=285.92|msg=payment failed, cart preserved
2026-07-28T19:17:12Z|checkout|INFO|order=54734|amount=261.54|msg=checkout started
2026-07-28T19:17:13Z|payment|WARN|order=51155|amount=95.85|msg=retrying gateway call
2026-07-28T19:17:14Z|stock|ERROR|order=36015|amount=193.85|msg=card declined
2026-07-28T19:17:14Z|checkout|INFO|order=25615|amount=355.34|msg=order confirmed
2026-07-28T19:17:14Z|payment|INFO|order=25926|amount=333.67|msg=checkout started
2026-07-28T19:17:15Z|payment|INFO|order=41704|amount=361.88|msg=checkout started
2026-07-28T19:17:17Z|stock|INFO|order=59906|amount=228.87|msg=checkout started
2026-07-28T19:17:17Z|payment|ERROR|order=64537|amount=392.91|msg=card declined
2026-07-28T19:17:17Z|payment|ERROR|order=69565|amount=174.88|msg=card declined
2026-07-28T19:17:18Z|payment|ERROR|order=31647|amount=5.68|msg=order rollback
2026-07-28T19:17:18Z|checkout|ERROR|order=52332|amount=95.22|msg=order rollback
2026-07-28T19:17:19Z|stock|INFO|order=21597|amount=256.14|msg=checkout started
2026-07-28T19:17:19Z|stock|ERROR|order=32295|amount=60.62|msg=stock service unreachable
2026-07-28T19:17:19Z|checkout|INFO|order=90235|amount=358.04|msg=checkout started
2026-07-28T19:17:19Z|checkout|INFO|order=51804|amount=149.81|msg=checkout started
2026-07-28T19:17:20Z|payment|ERROR|order=62271|amount=25.44|msg=order rollback
2026-07-28T19:17:20Z|payment|WARN|order=99657|amount=249.12|msg=payment failed, cart preserved
2026-07-28T19:17:22Z|payment|INFO|order=99779|amount=361.81|msg=invoice generated
2026-07-28T19:17:22Z|payment|ERROR|order=89252|amount=369.99|msg=stock service unreachable
2026-07-28T19:17:23Z|payment|ERROR|order=69885|amount=98.18|msg=order rollback
2026-07-28T19:17:23Z|stock|WARN|order=44351|amount=11.78|msg=stock level low
2026-07-28T19:17:23Z|payment|INFO|order=87377|amount=366.12|msg=payment captured
2026-07-28T19:17:24Z|stock|INFO|order=34694|amount=76.11|msg=checkout started
2026-07-28T19:17:24Z|payment|ERROR|order=91311|amount=114.41|msg=order rollback
2026-07-28T19:17:25Z|stock|INFO|order=70406|amount=293.24|msg=order confirmed
2026-07-28T19:17:25Z|payment|INFO|order=66845|amount=174.37|msg=invoice generated
2026-07-28T19:17:27Z|checkout|INFO|order=24999|amount=90.63|msg=order confirmed
2026-07-28T19:17:27Z|payment|INFO|order=59001|amount=280.36|msg=order confirmed
2026-07-28T19:17:28Z|payment|INFO|order=91812|amount=266.09|msg=payment captured
2026-07-28T19:17:29Z|payment|ERROR|order=10793|amount=370.97|msg=order rollback
2026-07-28T19:17:29Z|stock|INFO|order=95636|amount=329.55|msg=payment captured
2026-07-28T19:17:30Z|checkout|INFO|order=76777|amount=45.23|msg=invoice generated
2026-07-28T19:17:31Z|payment|INFO|order=28768|amount=214.63|msg=order confirmed
2026-07-28T19:17:32Z|stock|WARN|order=23447|amount=377.45|msg=retrying gateway call
2026-07-28T19:17:33Z|checkout|WARN|order=70862|amount=306.89|msg=payment failed, cart preserved
2026-07-28T19:17:34Z|stock|INFO|order=21932|amount=349.10|msg=checkout started
2026-07-28T19:17:34Z|stock|INFO|order=53110|amount=340.88|msg=checkout started
2026-07-28T19:17:36Z|stock|WARN|order=89177|amount=80.77|msg=slow response from bank
2026-07-28T19:17:36Z|checkout|WARN|order=43736|amount=91.74|msg=stock level low
2026-07-28T19:17:37Z|stock|WARN|order=17007|amount=207.33|msg=stock level low
2026-07-28T19:17:37Z|payment|INFO|order=76739|amount=125.70|msg=invoice generated
2026-07-28T19:17:38Z|checkout|INFO|order=39725|amount=73.97|msg=payment captured
2026-07-28T19:17:38Z|payment|WARN|order=58375|amount=275.33|msg=retrying gateway call
2026-07-28T19:17:39Z|stock|INFO|order=93195|amount=180.06|msg=invoice generated
2026-07-28T19:17:40Z|stock|INFO|order=94837|amount=371.05|msg=order confirmed
2026-07-28T19:17:40Z|checkout|ERROR|order=60869|amount=142.54|msg=card declined
2026-07-28T19:17:40Z|checkout|INFO|order=81228|amount=199.98|msg=checkout started
2026-07-28T19:17:42Z|stock|INFO|order=93204|amount=186.42|msg=stock reserved
2026-07-28T19:17:42Z|checkout|WARN|order=51316|amount=230.08|msg=payment failed, cart preserved
2026-07-28T19:17:43Z|checkout|INFO|order=62725|amount=105.58|msg=payment captured
2026-07-28T19:17:44Z|checkout|WARN|order=13159|amount=316.82|msg=payment failed, cart preserved
2026-07-28T19:17:44Z|checkout|WARN|order=13786|amount=162.76|msg=retrying gateway call
2026-07-28T19:17:44Z|payment|INFO|order=67013|amount=318.79|msg=payment captured
2026-07-28T19:17:46Z|checkout|INFO|order=48703|amount=337.12|msg=checkout started
2026-07-28T19:17:47Z|payment|ERROR|order=96405|amount=156.00|msg=order rollback
2026-07-28T19:17:48Z|checkout|INFO|order=31152|amount=215.16|msg=order confirmed
2026-07-28T19:17:49Z|stock|WARN|order=51035|amount=327.28|msg=slow response from bank
2026-07-28T19:17:49Z|payment|INFO|order=20804|amount=260.13|msg=invoice generated
2026-07-28T19:17:49Z|payment|ERROR|order=89813|amount=43.01|msg=stock service unreachable
2026-07-28T19:17:50Z|checkout|INFO|order=85078|amount=399.38|msg=checkout started
2026-07-28T19:17:51Z|checkout|INFO|order=80876|amount=112.13|msg=stock reserved
2026-07-28T19:17:53Z|checkout|ERROR|order=34878|amount=369.90|msg=order rollback
2026-07-28T19:17:53Z|checkout|INFO|order=40509|amount=22.85|msg=invoice generated
2026-07-28T19:17:53Z|stock|WARN|order=67053|amount=237.77|msg=payment failed, cart preserved
2026-07-28T19:17:54Z|stock|INFO|order=24375|amount=363.29|msg=payment captured
2026-07-28T19:17:55Z|payment|INFO|order=17240|amount=359.52|msg=order confirmed
2026-07-28T19:17:56Z|stock|ERROR|order=55436|amount=101.23|msg=card declined
2026-07-28T19:17:56Z|checkout|INFO|order=15714|amount=123.13|msg=order confirmed
2026-07-28T19:17:57Z|checkout|INFO|order=23324|amount=158.59|msg=invoice generated
2026-07-28T19:17:57Z|payment|WARN|order=45100|amount=122.83|msg=retrying gateway call
2026-07-28T19:17:58Z|checkout|INFO|order=89702|amount=279.96|msg=checkout started
2026-07-28T19:17:58Z|stock|INFO|order=30073|amount=99.55|msg=invoice generated
2026-07-28T19:17:58Z|payment|INFO|order=92507|amount=112.17|msg=checkout started
2026-07-28T19:17:59Z|payment|INFO|order=56049|amount=10.34|msg=order confirmed
2026-07-28T19:18:00Z|stock|INFO|order=37411|amount=74.10|msg=stock reserved
2026-07-28T19:18:01Z|stock|WARN|order=23118|amount=39.81|msg=retrying gateway call
2026-07-28T19:18:01Z|checkout|INFO|order=53665|amount=50.70|msg=invoice generated
2026-07-28T19:18:02Z|stock|INFO|order=63476|amount=194.49|msg=payment captured
2026-07-28T19:18:02Z|checkout|INFO|order=91997|amount=231.47|msg=payment captured
2026-07-28T19:18:03Z|payment|INFO|order=14906|amount=60.12|msg=checkout started
2026-07-28T19:18:03Z|payment|WARN|order=65678|amount=219.18|msg=retrying gateway call
2026-07-28T19:18:04Z|stock|INFO|order=19471|amount=377.11|msg=stock reserved
2026-07-28T19:18:04Z|payment|ERROR|order=84435|amount=76.37|msg=gateway timeout after 30s
2026-07-28T19:18:05Z|payment|ERROR|order=43586|amount=204.71|msg=stock service unreachable
2026-07-28T19:18:05Z|stock|INFO|order=65218|amount=106.83|msg=invoice generated
2026-07-28T19:18:06Z|payment|ERROR|order=|msg=
2026-07-28T19:18:06Z|stock|ERROR|order=59403|amount=295.97|msg=order rollback
2026-07-28T19:18:07Z|payment|ERROR|order=12533|amount=178.36|msg=card declined
2026-07-28T19:18:07Z|checkout|WARN|order=46749|amount=359.57|msg=stock level low
2026-07-28T19:18:08Z|checkout|INFO|order=72101|amount=184.85|msg=stock reserved
2026-07-28T19:18:09Z|payment|INFO|order=91285|amount=380.81|msg=payment captured
2026-07-28T19:18:09Z|checkout|INFO|order=35002|amount=272.85|msg=invoice generated
2026-07-28T19:18:10Z|payment|FATAL-OOM
2026-07-28T19:18:10Z|payment|INFO|order=59283|amount=384.86|msg=order confirmed
2026-07-28T19:18:10Z|stock|ERROR|order=23386|amount=11.69|msg=card declined
2026-07-28T19:18:11Z|stock|WARN|order=71976|amount=87.47|msg=retrying gateway call
2026-07-28T19:18:11Z|checkout|INFO|order=84686|amount=215.84|msg=checkout started
2026-07-28T19:18:11Z|checkout|INFO|order=63594|amount=143.34|msg=stock reserved
2026-07-28T19:18:12Z|checkout|INFO|order=64607|amount=208.32|msg=stock reserved
2026-07-28T19:18:12Z|payment|ERROR|order=|msg=
2026-07-28T19:18:12Z|checkout|WARN|order=98326|amount=164.28|msg=slow response from bank
2026-07-28T19:18:13Z|payment|INFO|order=26399|amount=124.76|msg=payment captured
2026-07-28T19:18:15Z|payment|INFO|order=54952|amount=7.98|msg=payment captured
2026-07-28T19:18:15Z|stock|ERROR|order=13995|amount=303.37|msg=card declined
2026-07-28T19:18:16Z|checkout|ERROR|order=69137|amount=106.66|msg=gateway timeout after 30s
2026-07-28T19:18:18Z|checkout|ERROR|order=62079|amount=185.98|msg=gateway timeout after 30s
2026-07-28T19:18:18Z|payment|INFO|order=40594|amount=322.88|msg=invoice generated
2026-07-28T19:18:18Z|payment|INFO|order=75269|amount=237.89|msg=invoice generated
2026-07-28T19:18:18Z|checkout|INFO|order=37134|amount=219.47|msg=payment captured
2026-07-28T19:18:19Z|payment|INFO|order=86344|amount=189.06|msg=stock reserved
2026-07-28T19:18:19Z|payment|INFO|order=76318|amount=264.49|msg=stock reserved
2026-07-28T19:18:20Z|payment|INFO|order=48952|amount=394.34|msg=invoice generated
2026-07-28T19:18:21Z|payment|ERROR|order=75196|amount=146.82|msg=card declined
2026-07-28T19:18:21Z|stock|WARN|order=71141|amount=192.25|msg=stock level low
2026-07-28T19:18:22Z|payment|INFO|order=93865|amount=37.59|msg=stock reserved
2026-07-28T19:18:22Z|checkout|ERROR|order=73987|amount=118.73|msg=order rollback
2026-07-28T19:18:23Z|payment|INFO|order=86638|amount=242.38|msg=checkout started
2026-07-28T19:18:25Z|payment|INFO|order=10576|amount=45.13|msg=checkout started
2026-07-28T19:18:25Z|checkout|INFO|order=60737|amount=246.04|msg=stock reserved
2026-07-28T19:18:27Z|stock|INFO|order=21845|amount=300.07|msg=checkout started
2026-07-28T19:18:27Z|payment|INFO|order=36978|amount=53.49|msg=stock reserved
2026-07-28T19:18:28Z|payment|WARN|order=37331|amount=272.74|msg=stock level low
null
2026-07-28T19:18:29Z|payment|INFO|order=35314|amount=83.12|msg=order confirmed
2026-07-28T19:18:30Z|checkout|INFO|order=49445|amount=153.76|msg=order confirmed
2026-07-28T19:18:30Z|payment|INFO|order=19785|amount=193.60|msg=stock reserved
2026-07-28T19:18:31Z|payment|INFO|order=11060|amount=208.65|msg=invoice generated
2026-07-28T19:18:32Z|stock|INFO|order=27267|amount=364.09|msg=invoice generated
2026-07-28T19:18:32Z|checkout|INFO|order=21929|amount=127.85|msg=invoice generated
2026-07-28T19:18:32Z|checkout|ERROR|order=44200|amount=353.81|msg=gateway timeout after 30s
2026-07-28T19:18:33Z|payment|INFO|order=33498|amount=248.74|msg=invoice generated
2026-07-28T19:18:33Z|payment|INFO|order=32189|amount=149.43|msg=payment captured
2026-07-28T19:18:33Z|checkout|INFO|order=91021|amount=362.08|msg=invoice generated
2026-07-28T19:18:34Z|checkout|INFO|order=98701|amount=398.89|msg=payment captured
2026-07-28T19:18:35Z|stock|WARN|order=39230|amount=287.17|msg=payment failed, cart preserved
null
2026-07-28T19:18:36Z|stock|INFO|order=58728|amount=83.02|msg=stock reserved
2026-07-28T19:18:36Z|checkout|INFO|order=23080|amount=19.40|msg=order confirmed
2026-07-28T19:18:37Z|checkout|ERROR|order=65686|amount=398.87|msg=gateway timeout after 30s
2026-07-28T19:18:40Z|checkout|INFO|order=20429|amount=138.77|msg=invoice generated
2026-07-28T19:18:40Z|checkout|ERROR|order=51000|amount=78.32|msg=card declined
2026-07-28T19:18:43Z|checkout|WARN|order=40518|amount=258.65|msg=stock level low
2026-07-28T19:18:45Z|payment|INFO|order=11383|amount=267.27|msg=stock reserved
2026-07-28T19:18:46Z|payment|INFO|order=99906|amount=116.58|msg=checkout started
2026-07-28T19:18:47Z|checkout|ERROR|order=35221|amount=57.92|msg=stock service unreachable
2026-07-28T19:18:50Z|payment|INFO|order=87370|amount=188.54|msg=stock reserved
2026-07-28T19:18:52Z|payment|WARN|order=39786|amount=209.21|msg=slow response from bank
2026-07-28T19:18:53Z|payment|INFO|order=58934|amount=297.99|msg=invoice generated
2026-07-28T19:18:53Z|stock|WARN|order=79697|amount=320.50|msg=slow response from bank
2026-07-28T19:18:53Z|checkout|ERROR|order=17722|amount=138.91|msg=stock service unreachable
2026-07-28T19:18:53Z|payment|INFO|order=12334|amount=237.91|msg=invoice generated
2026-07-28T19:18:55Z|payment|INFO|order=39212|amount=142.94|msg=payment captured
2026-07-28T19:18:57Z|checkout|INFO|order=41276|amount=256.52|msg=payment captured
2026-07-28T19:18:57Z|stock|INFO|order=59080|amount=134.67|msg=invoice generated
2026-07-28T19:18:57Z|payment|INFO|order=23866|amount=221.67|msg=invoice generated
2026-07-28T19:18:58Z|payment|WARN|order=66145|amount=351.02|msg=retrying gateway call
2026-07-28T19:18:58Z|checkout|INFO|order=28439|amount=154.43|msg=stock reserved
2026-07-28T19:18:58Z|checkout|INFO|order=84267|amount=69.43|msg=order confirmed
2026-07-28T19:18:59Z|checkout|INFO|order=16698|amount=198.00|msg=stock reserved
2026-07-28T19:18:59Z|payment|INFO|order=51592|amount=121.70|msg=stock reserved
2026-07-28T19:18:59Z|checkout|ERROR|order=12667|amount=210.03|msg=stock service unreachable
2026-07-28T19:19:00Z|payment|INFO|order=82788|amount=104.65|msg=invoice generated
2026-07-28T19:19:01Z|checkout|INFO|order=13110|amount=261.25|msg=checkout started
2026-07-28T19:19:01Z|stock|INFO|order=90227|amount=42.46|msg=checkout started
2026-07-28T19:19:02Z|payment|INFO|order=91534|amount=291.01|msg=checkout started
2026-07-28T19:19:02Z|checkout|INFO|order=89192|amount=302.41|msg=checkout started
2026-07-28T19:19:02Z|checkout|ERROR|order=56773|amount=128.61|msg=order rollback
2026-07-28T19:19:02Z|stock|WARN|order=46001|amount=86.97|msg=payment failed, cart preserved
2026-07-28T19:19:03Z|stock|WARN|order=43407|amount=318.86|msg=payment failed, cart preserved
2026-07-28T19:19:03Z|payment|INFO|order=61289|amount=176.48|msg=payment captured
2026-07-28T19:19:05Z|checkout|INFO|order=96610|amount=89.26|msg=checkout started
2026-07-28T19:19:05Z|stock|WARN|order=87742|amount=148.47|msg=retrying gateway call
2026-07-28T19:19:06Z|checkout|ERROR|order=15671|amount=53.10|msg=stock service unreachable
2026-07-28T19:19:07Z|checkout|ERROR|order=32915|amount=193.04|msg=card declined
2026-07-28T19:19:08Z|checkout|INFO|order=21352|amount=20.83|msg=payment captured
2026-07-28T19:19:08Z|stock|INFO|order=60666|amount=260.97|msg=payment captured
2026-07-28T19:19:12Z|payment|INFO|order=87809|amount=384.76|msg=stock reserved
2026-07-28T19:19:12Z|checkout|INFO|order=52374|amount=286.35|msg=order confirmed
2026-07-28T19:19:14Z|stock|INFO|order=99100|amount=390.55|msg=invoice generated
2026-07-28T19:19:14Z|stock|INFO|order=63326|amount=396.13|msg=order confirmed
2026-07-28T19:19:14Z|checkout|INFO|order=69594|amount=232.98|msg=payment captured
2026-07-28T19:19:14Z|stock|INFO|order=81516|amount=367.45|msg=stock reserved
2026-07-28T19:19:15Z|stock|INFO|order=78806|amount=305.44|msg=invoice generated
2026-07-28T19:19:16Z|stock|INFO|order=17445|amount=23.28|msg=stock reserved
2026-07-28T19:19:18Z|stock|INFO|order=86055|amount=12.20|msg=invoice generated
2026-07-28T19:19:18Z|checkout|INFO|order=15411|amount=252.51|msg=checkout started
2026-07-28T19:19:19Z|checkout|INFO|order=44978|amount=182.76|msg=stock reserved
2026-07-28T19:19:19Z|payment|WARN|order=10278|amount=280.28|msg=slow response from bank
2026-07-28T19:19:20Z|checkout|INFO|order=43620|amount=76.62|msg=invoice generated
2026-07-28T19:19:22Z|stock|ERROR|order=35201|amount=278.05|msg=gateway timeout after 30s
2026-07-28T19:19:22Z|payment|INFO|order=50759|amount=216.08|msg=invoice generated
2026-07-28T19:19:22Z|checkout|INFO|order=98016|amount=212.19|msg=checkout started
2026-07-28T19:19:22Z|payment|INFO|order=76086|amount=319.72|msg=invoice generated
2026-07-28T19:19:23Z|payment|ERROR|order=45781|amount=374.83|msg=gateway timeout after 30s
2026-07-28T19:19:24Z|stock|INFO|order=42179|amount=172.18|msg=payment captured
2026-07-28T19:19:24Z|payment|ERROR|order=31842|amount=81.38|msg=order rollback
2026-07-28T19:19:25Z|checkout|ERROR|order=46289|amount=377.99|msg=order rollback
2026-07-28T19:19:25Z|stock|ERROR|order=50350|amount=335.43|msg=order rollback
2026-07-28T19:19:25Z|stock|INFO|order=25845|amount=44.55|msg=order confirmed
2026-07-28T19:19:25Z|stock|ERROR|order=52787|amount=393.67|msg=stock service unreachable
2026-07-28T19:19:27Z|checkout|WARN|order=86408|amount=57.28|msg=stock level low
2026-07-28T19:19:28Z|payment|INFO|order=25646|amount=108.94|msg=stock reserved
2026-07-28T19:19:29Z|checkout|INFO|order=22196|amount=70.87|msg=checkout started
2026-07-28T19:19:29Z|payment|ERROR|order=86714|amount=20.27|msg=gateway timeout after 30s
2026-07-28T19:19:30Z|payment|WARN|order=72908|amount=352.38|msg=stock level low
2026-07-28T19:19:31Z|stock|INFO|order=64401|amount=297.69|msg=order confirmed
2026-07-28T19:19:31Z|stock|INFO|order=15545|amount=167.11|msg=invoice generated
2026-07-28T19:19:32Z|checkout|INFO|order=99895|amount=51.28|msg=invoice generated
2026-07-28T19:19:33Z|payment|ERROR|order=21733|amount=7.21|msg=card declined
2026-07-28T19:19:35Z|stock|INFO|order=60507|amount=372.62|msg=payment captured
2026-07-28T19:19:36Z|payment|INFO|order=65705|amount=339.24|msg=stock reserved
2026-07-28T19:19:37Z|payment|INFO|order=85263|amount=138.62|msg=payment captured
2026-07-28T19:19:39Z|payment|ERROR|order=51969|amount=72.44|msg=stock service unreachable
2026-07-28T19:19:39Z|payment|INFO|order=23353|amount=74.87|msg=checkout started
2026-07-28T19:19:39Z|checkout|INFO|order=11843|amount=371.09|msg=checkout started
2026-07-28T19:19:40Z|stock|ERROR|order=34651|amount=39.44|msg=gateway timeout after 30s
2026-07-28T19:19:41Z|payment|INFO|order=46562|amount=71.53|msg=stock reserved
2026-07-28T19:19:41Z|payment|ERROR|order=75826|amount=56.00|msg=card declined
2026-07-28T19:19:42Z|checkout|ERROR|order=63896|amount=52.37|msg=order rollback
2026-07-28T19:19:42Z|payment|INFO|order=46706|amount=229.73|msg=invoice generated
2026-07-28T19:19:43Z|payment|INFO|order=37997|amount=362.31|msg=payment captured
2026-07-28T19:19:44Z|checkout|INFO|order=77618|amount=373.17|msg=order confirmed
2026-07-28T19:19:44Z|payment|INFO|order=25881|amount=385.96|msg=order confirmed
2026-07-28T19:19:45Z|payment|INFO|order=28331|amount=55.35|msg=invoice generated
2026-07-28T19:19:45Z|stock|INFO|order=81583|amount=244.08|msg=checkout started
2026-07-28T19:19:46Z|stock|INFO|order=36731|amount=373.67|msg=stock reserved
2026-07-28T19:19:48Z|payment|INFO|order=13153|amount=249.34|msg=stock reserved
2026-07-28T19:19:48Z|checkout|WARN|order=25657|amount=392.36|msg=retrying gateway call
2026-07-28T19:19:48Z|payment|FATAL-OOM
2026-07-28T19:19:50Z|checkout|INFO|order=67390|amount=28.17|msg=stock reserved
2026-07-28T19:19:50Z|stock|INFO|order=80200|amount=150.77|msg=order confirmed
2026-07-28T19:19:51Z|stock|INFO|order=51224|amount=111.44|msg=stock reserved
2026-07-28T19:19:51Z|payment|INFO|order=35458|amount=245.59|msg=stock reserved
2026-07-28T19:19:53Z|stock|INFO|order=48473|amount=235.16|msg=invoice generated
2026-07-28T19:19:53Z|payment|FATAL-OOM
2026-07-28T19:19:54Z|payment|INFO|order=58365|amount=273.06|msg=payment captured
2026-07-28T19:19:55Z|stock|ERROR|order=37668|amount=338.12|msg=stock service unreachable
2026-07-28T19:19:56Z|payment|INFO|order=24785|amount=315.80|msg=payment captured
2026-07-28T19:19:56Z|payment|ERROR|order=36272|amount=294.83|msg=gateway timeout after 30s
2026-07-28T19:19:56Z|checkout|WARN|order=65331|amount=234.13|msg=payment failed, cart preserved
2026-07-28T19:19:57Z|checkout|ERROR|order=21928|amount=264.14|msg=gateway timeout after 30s
2026-07-28T19:19:58Z|payment|INFO|order=16321|amount=179.48|msg=payment captured
2026-07-28T19:20:00Z|payment|INFO|order=54519|amount=36.54|msg=order confirmed
2026-07-28T19:20:01Z|payment|INFO|order=69108|amount=66.26|msg=order confirmed
2026-07-28T19:20:01Z|stock|WARN|order=81389|amount=81.25|msg=stock level low
2026-07-28T19:20:02Z|stock|INFO|order=98475|amount=292.29|msg=checkout started
2026-07-28T19:20:03Z|payment|ERROR|order=73723|amount=132.83|msg=gateway timeout after 30s
2026-07-28T19:20:03Z|payment|INFO|order=64186|amount=228.85|msg=checkout started
2026-07-28T19:20:03Z|payment|INFO|order=49110|amount=268.29|msg=invoice generated
2026-07-28T19:20:04Z|checkout|INFO|order=82911|amount=117.29|msg=payment captured
2026-07-28T19:20:04Z|stock|WARN|order=43964|amount=121.15|msg=slow response from bank
2026-07-28T19:20:04Z|payment|INFO|order=75102|amount=309.10|msg=payment captured
2026-07-28T19:20:06Z|checkout|ERROR|order=54651|amount=220.43|msg=order rollback
2026-07-28T19:20:07Z|stock|INFO|order=68657|amount=185.63|msg=stock reserved
2026-07-28T19:20:08Z|stock|INFO|order=43042|amount=388.66|msg=invoice generated
2026-07-28T19:20:09Z|payment|INFO|order=56239|amount=397.12|msg=order confirmed
2026-07-28T19:20:09Z|stock|INFO|order=58151|amount=274.95|msg=invoice generated
2026-07-28T19:20:10Z|stock|INFO|order=29974|amount=373.92|msg=payment captured
2026-07-28T19:20:10Z|stock|INFO|order=21204|amount=97.88|msg=invoice generated
2026-07-28T19:20:12Z|checkout|INFO|order=64303|amount=393.99|msg=stock reserved
2026-07-28T19:20:12Z|payment|INFO|order=48787|amount=32.48|msg=order confirmed
2026-07-28T19:20:13Z|checkout|INFO|order=46521|amount=66.04|msg=invoice generated
2026-07-28T19:20:13Z|payment|INFO|order=67530|amount=162.14|msg=order confirmed
2026-07-28T19:20:13Z|payment|ERROR|order=38655|amount=5.45|msg=stock service unreachable
2026-07-28T19:20:14Z|payment|INFO|order=96892|amount=87.37|msg=stock reserved
2026-07-28T19:20:14Z|stock|INFO|order=34096|amount=248.84|msg=checkout started
2026-07-28T19:20:15Z|payment|INFO|order=40381|amount=347.41|msg=order confirmed
2026-07-28T19:20:15Z|stock|INFO|order=68587|amount=321.78|msg=payment captured
2026-07-28T19:20:16Z|checkout|INFO|order=76867|amount=390.90|msg=invoice generated
2026-07-28T19:20:17Z|payment|INFO|order=23448|amount=291.92|msg=checkout started
2026-07-28T19:20:18Z|payment|INFO|order=11621|amount=222.02|msg=order confirmed
2026-07-28T19:20:18Z|payment|INFO|order=84201|amount=323.89|msg=invoice generated
2026-07-28T19:20:18Z|payment|WARN|order=58461|amount=74.87|msg=retrying gateway call
2026-07-28T19:20:18Z|payment|INFO|order=60943|amount=216.83|msg=checkout started
2026-07-28T19:20:19Z|payment|INFO|order=24208|amount=394.55|msg=invoice generated
2026-07-28T19:20:20Z|stock|ERROR|order=63409|amount=241.92|msg=card declined
2026-07-28T19:20:20Z|payment|INFO|order=87583|amount=308.16|msg=order confirmed
2026-07-28T19:20:20Z|stock|INFO|order=82366|amount=209.57|msg=checkout started
2026-07-28T19:20:21Z|payment|INFO|order=89906|amount=191.63|msg=stock reserved
2026-07-28T19:20:22Z|checkout|WARN|order=90936|amount=19.35|msg=stock level low
2026-07-28T19:20:22Z|payment|ERROR|order=46163|amount=235.33|msg=card declined
2026-07-28T19:20:23Z|payment|ERROR|order=20397|amount=121.93|msg=card declined
2026-07-28T19:20:24Z|payment|ERROR|order=|msg=
2026-07-28T19:20:24Z|stock|INFO|order=98279|amount=393.02|msg=checkout started
2026-07-28T19:20:25Z|payment|INFO|order=92682|amount=377.45|msg=order confirmed
2026-07-28T19:20:26Z|checkout|INFO|order=44042|amount=40.87|msg=order confirmed
2026-07-28T19:20:27Z|checkout|INFO|order=33469|amount=25.64|msg=invoice generated
2026-07-28T19:20:27Z|stock|INFO|order=35196|amount=332.83|msg=order confirmed
2026-07-28T19:20:27Z|stock|WARN|order=43574|amount=160.73|msg=payment failed, cart preserved
2026-07-28T19:20:27Z|stock|ERROR|order=45132|amount=98.85|msg=card declined
2026-07-28T19:20:29Z|stock|INFO|order=32913|amount=100.18|msg=checkout started
2026-07-28T19:20:29Z|checkout|INFO|order=53536|amount=189.00|msg=payment captured
2026-07-28T19:20:30Z|stock|INFO|order=59307|amount=157.45|msg=order confirmed
2026-07-28T19:20:31Z|checkout|ERROR|order=43100|amount=114.61|msg=stock service unreachable
2026-07-28T19:20:32Z|stock|INFO|order=76128|amount=138.17|msg=invoice generated
2026-07-28T19:20:33Z|payment|INFO|order=87902|amount=356.83|msg=checkout started
2026-07-28T19:20:35Z|checkout|INFO|order=54466|amount=61.15|msg=payment captured
2026-07-28T19:20:35Z|payment|INFO|order=61669|amount=340.03|msg=invoice generated
2026-07-28T19:20:35Z|stock|INFO|order=33438|amount=6.55|msg=checkout started
2026-07-28T19:20:36Z|checkout|ERROR|order=26270|amount=120.56|msg=card declined
2026-07-28T19:20:36Z|payment|INFO|order=16394|amount=161.80|msg=order confirmed
2026-07-28T19:20:37Z|payment|WARN|order=24489|amount=121.18|msg=retrying gateway call
2026-07-28T19:20:37Z|stock|INFO|order=11597|amount=115.48|msg=checkout started
2026-07-28T19:20:38Z|stock|WARN|order=88714|amount=9.52|msg=stock level low
2026-07-28T19:20:41Z|stock|ERROR|order=96657|amount=134.20|msg=card declined
2026-07-28T19:20:41Z|checkout|INFO|order=39591|amount=83.24|msg=checkout started
2026-07-28T19:20:42Z|checkout|WARN|order=30697|amount=115.86|msg=stock level low
2026-07-28T19:20:43Z|checkout|INFO|order=56470|amount=211.99|msg=stock reserved
2026-07-28T19:20:43Z|stock|ERROR|order=37061|amount=156.48|msg=stock service unreachable
2026-07-28T19:20:45Z|stock|ERROR|order=51669|amount=59.44|msg=stock service unreachable
2026-07-28T19:20:46Z|stock|INFO|order=93954|amount=202.58|msg=checkout started
2026-07-28T19:20:46Z|payment|ERROR|order=26876|amount=307.59|msg=order rollback
2026-07-28T19:20:47Z|payment|INFO|order=81912|amount=156.32|msg=stock reserved
2026-07-28T19:20:47Z|stock|WARN|order=76449|amount=345.03|msg=slow response from bank
2026-07-28T19:20:49Z|payment|FATAL-OOM
2026-07-28T19:20:49Z|stock|ERROR|order=55295|amount=335.97|msg=card declined
2026-07-28T19:20:49Z|payment|INFO|order=59803|amount=141.55|msg=order confirmed
2026-07-28T19:20:50Z|payment|INFO|order=73225|amount=52.21|msg=checkout started
2026-07-28T19:20:50Z|payment|INFO|order=47203|amount=56.46|msg=invoice generated
2026-07-28T19:20:50Z|payment|INFO|order=19948|amount=60.63|msg=stock reserved
2026-07-28T19:20:52Z|checkout|INFO|order=17664|amount=230.26|msg=checkout started
2026-07-28T19:20:53Z|payment|INFO|order=54741|amount=308.76|msg=payment captured
2026-07-28T19:20:54Z|stock|WARN|order=26939|amount=35.86|msg=retrying gateway call
2026-07-28T19:20:54Z|checkout|ERROR|order=19386|amount=135.78|msg=card declined
2026-07-28T19:20:55Z|stock|INFO|order=61593|amount=103.10|msg=invoice generated
2026-07-28T19:20:55Z|payment|INFO|order=89120|amount=165.53|msg=invoice generated
2026-07-28T19:20:56Z|stock|INFO|order=94027|amount=36.53|msg=payment captured
2026-07-28T19:20:56Z|checkout|ERROR|order=68410|amount=260.83|msg=gateway timeout after 30s
2026-07-28T19:20:57Z|payment|ERROR|order=36683|amount=160.70|msg=card declined
2026-07-28T19:20:57Z|stock|ERROR|order=35887|amount=40.41|msg=order rollback
2026-07-28T19:20:57Z|payment|WARN|order=13961|amount=111.59|msg=stock level low
2026-07-28T19:20:58Z|checkout|INFO|order=39651|amount=104.09|msg=invoice generated
2026-07-28T19:20:58Z|checkout|INFO|order=20901|amount=79.78|msg=payment captured
2026-07-28T19:20:58Z|stock|INFO|order=41247|amount=190.64|msg=invoice generated
2026-07-28T19:20:59Z|stock|INFO|order=61940|amount=369.19|msg=stock reserved
2026-07-28T19:21:00Z|stock|WARN|order=50281|amount=5.08|msg=retrying gateway call
2026-07-28T19:21:01Z|stock|INFO|order=65587|amount=246.94|msg=order confirmed
2026-07-28T19:21:01Z|stock|INFO|order=11343|amount=240.52|msg=order confirmed
2026-07-28T19:21:02Z|payment|ERROR|order=94379|amount=229.89|msg=stock service unreachable
2026-07-28T19:21:03Z|checkout|INFO|order=57354|amount=293.63|msg=order confirmed
2026-07-28T19:21:03Z|stock|WARN|order=73608|amount=395.22|msg=payment failed, cart preserved
2026-07-28T19:21:05Z|payment|WARN|order=49467|amount=127.93|msg=payment failed, cart preserved
2026-07-28T19:21:06Z|checkout|ERROR|order=43003|amount=86.15|msg=order rollback
2026-07-28T19:21:07Z|checkout|INFO|order=39315|amount=372.25|msg=payment captured
2026-07-28T19:21:08Z|payment|ERROR|order=78216|amount=387.39|msg=card declined
2026-07-28T19:21:10Z|checkout|INFO|order=27400|amount=8.59|msg=payment captured
2026-07-28T19:21:11Z|checkout|INFO|order=89286|amount=29.42|msg=invoice generated
2026-07-28T19:21:12Z|checkout|INFO|order=71438|amount=123.96|msg=payment captured
2026-07-28T19:21:13Z|checkout|INFO|order=26380|amount=115.24|msg=stock reserved
2026-07-28T19:21:13Z|stock|INFO|order=90858|amount=331.25|msg=invoice generated
2026-07-28T19:21:14Z|stock|WARN|order=49830|amount=398.64|msg=slow response from bank
2026-07-28T19:21:14Z|checkout|INFO|order=55031|amount=100.38|msg=checkout started
2026-07-28T19:21:14Z|stock|WARN|order=92550|amount=219.70|msg=slow response from bank
2026-07-28T19:21:15Z|checkout|INFO|order=45904|amount=81.29|msg=order confirmed
2026-07-28T19:21:15Z|checkout|ERROR|order=66035|amount=321.57|msg=stock service unreachable
2026-07-28T19:21:16Z|checkout|ERROR|order=64925|amount=173.05|msg=order rollback
2026-07-28T19:21:16Z|stock|INFO|order=84780|amount=54.79|msg=invoice generated
2026-07-28T19:21:17Z|payment|ERROR|order=67836|amount=193.69|msg=order rollback
2026-07-28T19:21:18Z|stock|WARN|order=86498|amount=260.22|msg=payment failed, cart preserved
2026-07-28T19:21:19Z|payment|ERROR|order=|msg=
2026-07-28T19:21:19Z|payment|ERROR|order=30287|amount=211.93|msg=order rollback
2026-07-28T19:21:20Z|stock|WARN|order=95563|amount=17.06|msg=payment failed, cart preserved
2026-07-28T19:21:21Z|checkout|INFO|order=11376|amount=35.01|msg=order confirmed
2026-07-28T19:21:22Z|stock|INFO|order=28421|amount=388.45|msg=payment captured
2026-07-28T19:21:22Z|stock|WARN|order=21185|amount=382.99|msg=retrying gateway call
2026-07-28T19:21:23Z|payment|INFO|order=20955|amount=134.17|msg=payment captured
2026-07-28T19:21:23Z|checkout|INFO|order=69136|amount=281.92|msg=payment captured
2026-07-28T19:21:25Z|stock|ERROR|order=29811|amount=218.86|msg=order rollback
2026-07-28T19:21:25Z|stock|INFO|order=23119|amount=36.10|msg=payment captured
2026-07-28T19:21:26Z|checkout|ERROR|order=82089|amount=79.44|msg=gateway timeout after 30s
2026-07-28T19:21:27Z|stock|INFO|order=84562|amount=64.46|msg=stock reserved
2026-07-28T19:21:27Z|stock|INFO|order=29536|amount=399.96|msg=order confirmed
2026-07-28T19:21:28Z|checkout|INFO|order=85698|amount=368.09|msg=checkout started
2026-07-28T19:21:28Z|stock|ERROR|order=11490|amount=226.63|msg=stock service unreachable
2026-07-28T19:21:29Z|payment|INFO|order=64874|amount=313.64|msg=order confirmed
2026-07-28T19:21:29Z|payment|INFO|order=92739|amount=250.81|msg=payment captured
2026-07-28T19:21:30Z|payment|INFO|order=84393|amount=69.57|msg=payment captured
2026-07-28T19:21:31Z|payment|ERROR|order=|msg=
2026-07-28T19:21:31Z|checkout|ERROR|order=24798|amount=167.07|msg=stock service unreachable
2026-07-28T19:21:31Z|payment|INFO|order=35189|amount=354.78|msg=order confirmed
2026-07-28T19:21:32Z|checkout|INFO|order=76752|amount=315.96|msg=order confirmed
2026-07-28T19:21:33Z|stock|INFO|order=91416|amount=389.42|msg=payment captured
2026-07-28T19:21:33Z|stock|INFO|order=68347|amount=390.48|msg=invoice generated
2026-07-28T19:21:35Z|payment|INFO|order=70388|amount=271.32|msg=stock reserved
2026-07-28T19:21:35Z|payment|INFO|order=90638|amount=214.84|msg=invoice generated
2026-07-28T19:21:37Z|payment|INFO|order=52801|amount=307.83|msg=checkout started
2026-07-28T19:21:37Z|payment|INFO|order=86773|amount=51.28|msg=invoice generated
2026-07-28T19:21:38Z|checkout|INFO|order=72392|amount=222.45|msg=invoice generated
2026-07-28T19:21:39Z|checkout|INFO|order=42426|amount=360.94|msg=checkout started
2026-07-28T19:21:40Z|stock|ERROR|order=59585|amount=311.69|msg=stock service unreachable
2026-07-28T19:21:40Z|stock|INFO|order=16332|amount=83.59|msg=checkout started
2026-07-28T19:21:40Z|checkout|ERROR|order=88647|amount=14.05|msg=gateway timeout after 30s
2026-07-28T19:21:41Z|checkout|INFO|order=40388|amount=105.34|msg=order confirmed
2026-07-28T19:21:42Z|checkout|ERROR|order=71788|amount=56.74|msg=stock service unreachable
2026-07-28T19:21:42Z|checkout|WARN|order=34664|amount=359.24|msg=payment failed, cart preserved
2026-07-28T19:21:42Z|payment|WARN|order=79104|amount=56.73|msg=payment failed, cart preserved
2026-07-28T19:21:44Z|stock|INFO|order=56628|amount=288.31|msg=order confirmed
2026-07-28T19:21:44Z|checkout|ERROR|order=92920|amount=178.76|msg=card declined
2026-07-28T19:21:45Z|payment|INFO|order=63553|amount=204.35|msg=order confirmed
2026-07-28T19:21:45Z|stock|WARN|order=82419|amount=26.74|msg=slow response from bank
2026-07-28T19:21:45Z|checkout|WARN|order=77891|amount=172.70|msg=stock level low
2026-07-28T19:21:46Z|payment|INFO|order=41636|amount=267.01|msg=stock reserved
2026-07-28T19:21:47Z|payment|INFO|order=22460|amount=218.04|msg=checkout started
2026-07-28T19:21:47Z|payment|WARN|order=35692|amount=222.94|msg=stock level low
2026-07-28T19:21:48Z|payment|INFO|order=52978|amount=34.51|msg=order confirmed
2026-07-28T19:21:49Z|payment|ERROR|order=12988|amount=263.40|msg=order rollback
2026-07-28T19:21:49Z|checkout|INFO|order=18244|amount=270.80|msg=stock reserved
2026-07-28T19:21:50Z|stock|INFO|order=44074|amount=227.18|msg=payment captured
2026-07-28T19:21:50Z|payment|INFO|order=74084|amount=399.44|msg=invoice generated
2026-07-28T19:21:52Z|checkout|ERROR|order=88425|amount=308.92|msg=card declined
2026-07-28T19:21:53Z|stock|INFO|order=79606|amount=225.99|msg=stock reserved
2026-07-28T19:21:54Z|checkout|INFO|order=48488|amount=281.79|msg=stock reserved
2026-07-28T19:21:56Z|payment|INFO|order=87287|amount=46.08|msg=stock reserved
2026-07-28T19:21:57Z|checkout|INFO|order=30773|amount=210.31|msg=stock reserved
2026-07-28T19:21:57Z|payment|FATAL-OOM
2026-07-28T19:21:57Z|checkout|INFO|order=60997|amount=221.84|msg=invoice generated
2026-07-28T19:21:57Z|stock|INFO|order=89775|amount=113.44|msg=invoice generated
2026-07-28T19:21:58Z|stock|INFO|order=49086|amount=294.89|msg=stock reserved
2026-07-28T19:21:58Z|checkout|ERROR|order=22336|amount=72.04|msg=card declined
2026-07-28T19:21:59Z|stock|INFO|order=15831|amount=358.91|msg=order confirmed
2026-07-28T19:22:00Z|payment|INFO|order=45334|amount=92.69|msg=stock reserved
2026-07-28T19:22:00Z|checkout|INFO|order=34377|amount=229.82|msg=order confirmed
2026-07-28T19:22:01Z|payment|ERROR|order=80359|amount=370.89|msg=card declined
2026-07-28T19:22:01Z|payment|INFO|order=42239|amount=201.55|msg=checkout started
2026-07-28T19:22:02Z|stock|INFO|order=64833|amount=396.87|msg=payment captured
2026-07-28T19:22:02Z|stock|ERROR|order=19157|amount=276.28|msg=card declined
2026-07-28T19:22:03Z|stock|INFO|order=98064|amount=297.62|msg=checkout started
2026-07-28T19:22:04Z|payment|INFO|order=78964|amount=126.30|msg=order confirmed
2026-07-28T19:22:05Z|stock|ERROR|order=99759|amount=30.79|msg=order rollback
2026-07-28T19:22:05Z|stock|INFO|order=75976|amount=131.13|msg=checkout started
2026-07-28T19:22:06Z|checkout|ERROR|order=89361|amount=62.69|msg=stock service unreachable
2026-07-28T19:22:06Z|checkout|WARN|order=26337|amount=373.03|msg=retrying gateway call
2026-07-28T19:22:06Z|stock|INFO|order=98236|amount=142.44|msg=stock reserved
2026-07-28T19:22:06Z|stock|INFO|order=37947|amount=297.90|msg=order confirmed
2026-07-28T19:22:07Z|stock|ERROR|order=14094|amount=277.46|msg=order rollback
2026-07-28T19:22:07Z|checkout|WARN|order=33356|amount=333.83|msg=stock level low
2026-07-28T19:22:08Z|payment|ERROR|order=57906|amount=259.06|msg=card declined
2026-07-28T19:22:09Z|payment|INFO|order=27285|amount=372.60|msg=checkout started
2026-07-28T19:22:10Z|payment|INFO|order=22623|amount=183.16|msg=stock reserved
2026-07-28T19:22:10Z|stock|ERROR|order=59635|amount=168.46|msg=gateway timeout after 30s
2026-07-28T19:22:11Z|stock|WARN|order=33875|amount=221.34|msg=payment failed, cart preserved
2026-07-28T19:22:11Z|checkout|INFO|order=46083|amount=236.01|msg=stock reserved
2026-07-28T19:22:11Z|payment|INFO|order=62514|amount=309.12|msg=invoice generated
2026-07-28T19:22:11Z|payment|INFO|order=89670|amount=117.10|msg=payment captured
2026-07-28T19:22:12Z|checkout|ERROR|order=21290|amount=10.63|msg=gateway timeout after 30s
2026-07-28T19:22:12Z|stock|INFO|order=14981|amount=7.45|msg=invoice generated
2026-07-28T19:22:12Z|stock|ERROR|order=60281|amount=277.19|msg=card declined
2026-07-28T19:22:13Z|stock|INFO|order=50362|amount=370.30|msg=checkout started
2026-07-28T19:22:14Z|stock|ERROR|order=38144|amount=175.31|msg=gateway timeout after 30s
2026-07-28T19:22:15Z|stock|ERROR|order=16593|amount=193.86|msg=order rollback
2026-07-28T19:22:16Z|stock|ERROR|order=95070|amount=41.03|msg=gateway timeout after 30s
2026-07-28T19:22:16Z|checkout|INFO|order=12513|amount=52.27|msg=invoice generated
2026-07-28T19:22:17Z|checkout|ERROR|order=19233|amount=398.59|msg=card declined
2026-07-28T19:22:18Z|stock|INFO|order=19160|amount=298.88|msg=stock reserved
2026-07-28T19:22:19Z|payment|INFO|order=87670|amount=206.15|msg=order confirmed
2026-07-28T19:22:19Z|checkout|WARN|order=80794|amount=91.75|msg=slow response from bank
2026-07-28T19:22:19Z|checkout|ERROR|order=60271|amount=239.48|msg=stock service unreachable
2026-07-28T19:22:20Z|stock|INFO|order=16898|amount=363.41|msg=checkout started
2026-07-28T19:22:20Z|checkout|INFO|order=28517|amount=24.53|msg=stock reserved
2026-07-28T19:22:22Z|stock|ERROR|order=52175|amount=62.73|msg=order rollback
2026-07-28T19:22:24Z|payment|WARN|order=20638|amount=271.02|msg=payment failed, cart preserved
2026-07-28T19:22:24Z|payment|INFO|order=11984|amount=163.60|msg=payment captured
2026-07-28T19:22:24Z|payment|INFO|order=57594|amount=22.34|msg=invoice generated
2026-07-28T19:22:24Z|stock|INFO|order=94649|amount=177.91|msg=invoice generated
2026-07-28T19:22:26Z|stock|ERROR|order=31751|amount=239.78|msg=card declined
2026-07-28T19:22:26Z|checkout|INFO|order=33248|amount=335.85|msg=stock reserved
2026-07-28T19:22:29Z|checkout|INFO|order=40922|amount=172.10|msg=invoice generated
2026-07-28T19:22:29Z|payment|INFO|order=25750|amount=28.99|msg=invoice generated
2026-07-28T19:22:29Z|payment|INFO|order=43673|amount=140.08|msg=stock reserved
2026-07-28T19:22:30Z|stock|INFO|order=91735|amount=274.91|msg=invoice generated
2026-07-28T19:22:32Z|stock|WARN|order=26183|amount=52.03|msg=stock level low
null
2026-07-28T19:22:33Z|stock|INFO|order=42699|amount=155.31|msg=stock reserved
2026-07-28T19:22:34Z|payment|INFO|order=59583|amount=359.48|msg=stock reserved
2026-07-28T19:22:35Z|checkout|INFO|order=40076|amount=97.54|msg=stock reserved
2026-07-28T19:22:37Z|checkout|INFO|order=73106|amount=50.03|msg=stock reserved
2026-07-28T19:22:38Z|stock|INFO|order=36649|amount=20.39|msg=checkout started
2026-07-28T19:22:38Z|stock|INFO|order=23376|amount=190.49|msg=checkout started
2026-07-28T19:22:38Z|payment|ERROR|order=|msg=
2026-07-28T19:22:41Z|payment|WARN|order=15484|amount=379.82|msg=stock level low
2026-07-28T19:22:41Z|stock|INFO|order=81979|amount=149.70|msg=checkout started
2026-07-28T19:22:44Z|payment|ERROR|order=92084|amount=315.87|msg=gateway timeout after 30s
2026-07-28T19:22:46Z|payment|INFO|order=18821|amount=144.47|msg=stock reserved
2026-07-28T19:22:47Z|stock|WARN|order=72296|amount=214.28|msg=retrying gateway call
2026-07-28T19:22:47Z|payment|INFO|order=68379|amount=320.55|msg=checkout started
2026-07-28T19:22:48Z|payment|INFO|order=55374|amount=231.46|msg=payment captured
2026-07-28T19:22:49Z|stock|ERROR|order=35448|amount=60.35|msg=card declined
2026-07-28T19:22:49Z|payment|INFO|order=68016|amount=137.00|msg=stock reserved
2026-07-28T19:22:50Z|stock|INFO|order=11067|amount=140.80|msg=order confirmed
2026-07-28T19:22:51Z|payment|INFO|order=99118|amount=281.81|msg=order confirmed
2026-07-28T19:22:53Z|payment|ERROR|order=78919|amount=116.04|msg=card declined
2026-07-28T19:22:54Z|payment|INFO|order=25013|amount=101.16|msg=payment captured
2026-07-28T19:22:55Z|stock|ERROR|order=98787|amount=31.55|msg=order rollback
2026-07-28T19:22:55Z|stock|WARN|order=21779|amount=85.65|msg=payment failed, cart preserved
2026-07-28T19:22:57Z|payment|INFO|order=88184|amount=260.23|msg=checkout started
2026-07-28T19:22:57Z|payment|INFO|order=59918|amount=121.08|msg=invoice generated
2026-07-28T19:22:59Z|payment|FATAL-OOM
2026-07-28T19:22:59Z|stock|WARN|order=92844|amount=383.17|msg=stock level low
2026-07-28T19:23:01Z|payment|ERROR|order=69355|amount=53.07|msg=order rollback
2026-07-28T19:23:01Z|checkout|INFO|order=27623|amount=365.73|msg=checkout started
2026-07-28T19:23:02Z|stock|WARN|order=12909|amount=388.83|msg=stock level low
2026-07-28T19:23:02Z|stock|INFO|order=93933|amount=205.19|msg=checkout started
2026-07-28T19:23:04Z|stock|INFO|order=29078|amount=293.03|msg=payment captured
2026-07-28T19:23:05Z|stock|ERROR|order=97037|amount=5.44|msg=card declined
2026-07-28T19:23:07Z|checkout|WARN|order=29141|amount=123.40|msg=retrying gateway call
2026-07-28T19:23:07Z|payment|INFO|order=48872|amount=342.04|msg=payment captured
2026-07-28T19:23:08Z|stock|INFO|order=36030|amount=51.89|msg=checkout started
2026-07-28T19:23:09Z|payment|INFO|order=22771|amount=136.87|msg=invoice generated
2026-07-28T19:23:10Z|stock|WARN|order=92656|amount=339.41|msg=retrying gateway call
2026-07-28T19:23:10Z|checkout|INFO|order=77544|amount=128.47|msg=stock reserved
2026-07-28T19:23:10Z|payment|INFO|order=96693|amount=43.14|msg=order confirmed
2026-07-28T19:23:11Z|checkout|INFO|order=61381|amount=287.89|msg=checkout started
2026-07-28T19:23:12Z|payment|INFO|order=58125|amount=303.48|msg=order confirmed
2026-07-28T19:23:12Z|payment|INFO|order=10454|amount=111.37|msg=invoice generated
2026-07-28T19:23:14Z|checkout|ERROR|order=50601|amount=54.26|msg=order rollback
2026-07-28T19:23:15Z|payment|INFO|order=18792|amount=84.13|msg=checkout started
2026-07-28T19:23:16Z|stock|WARN|order=90312|amount=53.40|msg=retrying gateway call
2026-07-28T19:23:16Z|checkout|INFO|order=44672|amount=154.99|msg=checkout started
2026-07-28T19:23:16Z|checkout|INFO|order=36592|amount=99.78|msg=checkout started
2026-07-28T19:23:16Z|stock|WARN|order=12463|amount=103.45|msg=stock level low
2026-07-28T19:23:17Z|stock|ERROR|order=71579|amount=231.47|msg=order rollback
2026-07-28T19:23:17Z|checkout|INFO|order=19279|amount=245.43|msg=checkout started
2026-07-28T19:23:19Z|payment|ERROR|order=53264|amount=338.39|msg=order rollback
2026-07-28T19:23:20Z|stock|INFO|order=33954|amount=151.63|msg=payment captured
2026-07-28T19:23:20Z|payment|WARN|order=55594|amount=72.30|msg=stock level low
2026-07-28T19:23:21Z|payment|WARN|order=42221|amount=371.89|msg=payment failed, cart preserved
2026-07-28T19:23:21Z|checkout|ERROR|order=19905|amount=186.59|msg=gateway timeout after 30s
2026-07-28T19:23:22Z|stock|INFO|order=66916|amount=107.47|msg=invoice generated
2026-07-28T19:23:24Z|checkout|INFO|order=65171|amount=59.58|msg=order confirmed
2026-07-28T19:23:25Z|checkout|INFO|order=47079|amount=159.99|msg=checkout started
2026-07-28T19:23:26Z|payment|ERROR|order=14704|amount=16.00|msg=stock service unreachable
2026-07-28T19:23:27Z|checkout|INFO|order=58125|amount=350.29|msg=checkout started
2026-07-28T19:23:27Z|payment|INFO|order=30924|amount=220.33|msg=stock reserved
2026-07-28T19:23:28Z|stock|INFO|order=45221|amount=217.85|msg=checkout started
2026-07-28T19:23:29Z|stock|INFO|order=96774|amount=356.06|msg=checkout started
2026-07-28T19:23:29Z|stock|WARN|order=96954|amount=97.59|msg=slow response from bank
2026-07-28T19:23:30Z|payment|INFO|order=70751|amount=94.44|msg=order confirmed
2026-07-28T19:23:31Z|checkout|INFO|order=30661|amount=119.07|msg=payment captured
2026-07-28T19:23:31Z|payment|INFO|order=54520|amount=65.59|msg=invoice generated
2026-07-28T19:23:31Z|checkout|WARN|order=86118|amount=147.21|msg=payment failed, cart preserved
2026-07-28T19:23:32Z|payment|INFO|order=75771|amount=123.65|msg=invoice generated
2026-07-28T19:23:32Z|stock|INFO|order=83665|amount=385.40|msg=payment captured
2026-07-28T19:23:32Z|payment|INFO|order=15594|amount=41.98|msg=invoice generated
2026-07-28T19:23:32Z|payment|ERROR|order=42770|amount=186.38|msg=stock service unreachable
2026-07-28T19:23:33Z|checkout|INFO|order=73550|amount=220.52|msg=invoice generated
2026-07-28T19:23:33Z|stock|WARN|order=49539|amount=24.34|msg=retrying gateway call
2026-07-28T19:23:34Z|payment|INFO|order=97948|amount=257.81|msg=checkout started
2026-07-28T19:23:34Z|stock|INFO|order=65713|amount=52.08|msg=checkout started
2026-07-28T19:23:34Z|checkout|INFO|order=85466|amount=96.33|msg=stock reserved
2026-07-28T19:23:35Z|payment|ERROR|order=35800|amount=316.95|msg=card declined
2026-07-28T19:23:35Z|payment|INFO|order=97048|amount=166.87|msg=invoice generated
2026-07-28T19:23:35Z|stock|INFO|order=12117|amount=118.52|msg=payment captured
2026-07-28T19:23:36Z|payment|ERROR|order=51564|amount=366.50|msg=card declined
2026-07-28T19:23:38Z|stock|WARN|order=97495|amount=399.66|msg=slow response from bank
2026-07-28T19:23:39Z|stock|INFO|order=71604|amount=135.34|msg=stock reserved
2026-07-28T19:23:41Z|stock|ERROR|order=94754|amount=170.82|msg=stock service unreachable
2026-07-28T19:23:41Z|payment|INFO|order=67752|amount=178.54|msg=order confirmed
2026-07-28T19:23:41Z|stock|INFO|order=77774|amount=153.27|msg=invoice generated
2026-07-28T19:23:41Z|stock|WARN|order=65485|amount=242.66|msg=slow response from bank
2026-07-28T19:23:43Z|checkout|WARN|order=27085|amount=317.04|msg=slow response from bank
2026-07-28T19:23:43Z|checkout|INFO|order=42526|amount=219.08|msg=order confirmed
2026-07-28T19:23:44Z|checkout|INFO|order=58336|amount=321.81|msg=invoice generated
2026-07-28T19:23:45Z|stock|INFO|order=53241|amount=113.73|msg=order confirmed
2026-07-28T19:23:45Z|payment|INFO|order=26220|amount=44.47|msg=checkout started
2026-07-28T19:23:45Z|checkout|WARN|order=95422|amount=131.08|msg=payment failed, cart preserved
2026-07-28T19:23:46Z|stock|WARN|order=75321|amount=352.02|msg=stock level low
2026-07-28T19:23:46Z|stock|INFO|order=97825|amount=278.65|msg=stock reserved
2026-07-28T19:23:47Z|payment|ERROR|order=45062|amount=284.96|msg=order rollback
2026-07-28T19:23:47Z|stock|INFO|order=43926|amount=284.96|msg=stock reserved
2026-07-28T19:23:48Z|checkout|INFO|order=32138|amount=312.89|msg=payment captured
2026-07-28T19:23:48Z|payment|INFO|order=16107|amount=138.36|msg=payment captured
2026-07-28T19:23:48Z|checkout|INFO|order=67725|amount=243.12|msg=checkout started
2026-07-28T19:23:48Z|checkout|ERROR|order=50233|amount=42.67|msg=card declined
2026-07-28T19:23:48Z|stock|INFO|order=80172|amount=222.55|msg=order confirmed
2026-07-28T19:23:49Z|checkout|INFO|order=88349|amount=203.29|msg=order confirmed
2026-07-28T19:23:50Z|payment|INFO|order=47497|amount=80.44|msg=payment captured
2026-07-28T19:23:50Z|checkout|INFO|order=85563|amount=149.59|msg=invoice generated
2026-07-28T19:23:50Z|stock|INFO|order=22356|amount=297.56|msg=checkout started
2026-07-28T19:23:51Z|payment|INFO|order=81681|amount=19.57|msg=checkout started
2026-07-28T19:23:52Z|stock|INFO|order=47939|amount=235.49|msg=checkout started
2026-07-28T19:23:52Z|payment|INFO|order=42740|amount=284.92|msg=invoice generated
2026-07-28T19:23:52Z|checkout|INFO|order=68340|amount=201.26|msg=checkout started
2026-07-28T19:23:53Z|payment|INFO|order=65086|amount=363.95|msg=order confirmed
2026-07-28T19:23:53Z|payment|INFO|order=89472|amount=113.30|msg=checkout started
2026-07-28T19:23:53Z|checkout|INFO|order=44184|amount=355.07|msg=stock reserved
2026-07-28T19:23:54Z|stock|INFO|order=21980|amount=333.73|msg=stock reserved
2026-07-28T19:23:54Z|stock|INFO|order=65727|amount=243.90|msg=invoice generated
2026-07-28T19:23:55Z|stock|INFO|order=26925|amount=36.65|msg=checkout started
2026-07-28T19:23:56Z|stock|INFO|order=95917|amount=397.29|msg=stock reserved
2026-07-28T19:23:56Z|checkout|WARN|order=80241|amount=94.57|msg=payment failed, cart preserved
2026-07-28T19:23:56Z|payment|ERROR|order=20739|amount=150.84|msg=card declined
2026-07-28T19:23:57Z|payment|INFO|order=97451|amount=167.04|msg=payment captured
2026-07-28T19:23:58Z|stock|INFO|order=70656|amount=57.51|msg=checkout started
2026-07-28T19:23:59Z|checkout|INFO|order=87890|amount=256.47|msg=checkout started
2026-07-28T19:23:59Z|stock|INFO|order=72326|amount=248.82|msg=stock reserved
2026-07-28T19:24:00Z|checkout|INFO|order=50248|amount=208.78|msg=checkout started
2026-07-28T19:24:02Z|payment|INFO|order=80708|amount=397.19|msg=order confirmed
2026-07-28T19:24:04Z|payment|INFO|order=11462|amount=236.79|msg=checkout started
2026-07-28T19:24:04Z|stock|INFO|order=50345|amount=276.44|msg=invoice generated
2026-07-28T19:24:05Z|payment|INFO|order=81257|amount=389.09|msg=checkout started
2026-07-28T19:24:06Z|payment|INFO|order=28747|amount=381.38|msg=order confirmed
2026-07-28T19:24:07Z|checkout|ERROR|order=20193|amount=222.21|msg=order rollback
2026-07-28T19:24:08Z|stock|ERROR|order=46443|amount=131.72|msg=card declined
2026-07-28T19:24:08Z|checkout|INFO|order=82032|amount=143.73|msg=order confirmed
2026-07-28T19:24:09Z|stock|ERROR|order=76181|amount=57.64|msg=card declined
2026-07-28T19:24:09Z|checkout|ERROR|order=64241|amount=363.36|msg=card declined
2026-07-28T19:24:10Z|payment|INFO|order=27791|amount=148.35|msg=stock reserved
2026-07-28T19:24:12Z|stock|INFO|order=45196|amount=323.83|msg=invoice generated
2026-07-28T19:24:12Z|checkout|INFO|order=65548|amount=281.08|msg=payment captured
2026-07-28T19:24:13Z|checkout|ERROR|order=83614|amount=30.49|msg=order rollback
2026-07-28T19:24:13Z|payment|INFO|order=65258|amount=122.47|msg=payment captured
2026-07-28T19:24:14Z|checkout|WARN|order=41213|amount=237.33|msg=slow response from bank
2026-07-28T19:24:14Z|stock|INFO|order=30995|amount=239.09|msg=invoice generated
2026-07-28T19:24:15Z|payment|INFO|order=24490|amount=360.67|msg=payment captured
2026-07-28T19:24:16Z|stock|INFO|order=34542|amount=96.50|msg=invoice generated
2026-07-28T19:24:17Z|checkout|INFO|order=36835|amount=161.60|msg=checkout started
2026-07-28T19:24:17Z|checkout|INFO|order=80565|amount=176.65|msg=stock reserved
2026-07-28T19:24:19Z|stock|INFO|order=60910|amount=82.27|msg=order confirmed
2026-07-28T19:24:19Z|checkout|INFO|order=90986|amount=313.34|msg=checkout started
2026-07-28T19:24:19Z|checkout|INFO|order=66631|amount=349.65|msg=invoice generated
2026-07-28T19:24:19Z|checkout|ERROR|order=40801|amount=39.72|msg=card declined
2026-07-28T19:24:20Z|payment|INFO|order=44220|amount=140.40|msg=stock reserved
2026-07-28T19:24:21Z|payment|INFO|order=13474|amount=33.69|msg=invoice generated
2026-07-28T19:24:21Z|payment|ERROR|order=26475|amount=254.52|msg=order rollback
2026-07-28T19:24:21Z|checkout|WARN|order=38574|amount=394.96|msg=stock level low
2026-07-28T19:24:22Z|checkout|WARN|order=64267|amount=155.38|msg=stock level low
2026-07-28T19:24:22Z|payment|ERROR|order=|msg=
2026-07-28T19:24:23Z|checkout|ERROR|order=57592|amount=131.16|msg=card declined
2026-07-28T19:24:24Z|stock|ERROR|order=72551|amount=152.31|msg=gateway timeout after 30s
2026-07-28T19:24:25Z|payment|INFO|order=59029|amount=162.55|msg=invoice generated
2026-07-28T19:24:25Z|checkout|INFO|order=30168|amount=162.03|msg=checkout started
2026-07-28T19:24:26Z|payment|ERROR|order=56278|amount=274.19|msg=order rollback
2026-07-28T19:24:26Z|payment|ERROR|order=96036|amount=293.43|msg=gateway timeout after 30s
2026-07-28T19:24:27Z|payment|INFO|order=48785|amount=46.59|msg=payment captured
2026-07-28T19:24:28Z|stock|WARN|order=19076|amount=26.38|msg=payment failed, cart preserved
2026-07-28T19:24:30Z|payment|WARN|order=96484|amount=293.57|msg=payment failed, cart preserved
2026-07-28T19:24:30Z|stock|INFO|order=13945|amount=274.79|msg=payment captured
2026-07-28T19:24:31Z|stock|INFO|order=24558|amount=228.98|msg=order confirmed
2026-07-28T19:24:31Z|checkout|INFO|order=84146|amount=323.31|msg=invoice generated
2026-07-28T19:24:31Z|payment|INFO|order=49456|amount=229.06|msg=stock reserved
2026-07-28T19:24:31Z|payment|ERROR|order=|msg=
2026-07-28T19:24:32Z|stock|ERROR|order=87684|amount=341.06|msg=gateway timeout after 30s
2026-07-28T19:24:32Z|checkout|WARN|order=35019|amount=76.44|msg=payment failed, cart preserved
2026-07-28T19:24:32Z|checkout|INFO|order=50631|amount=303.20|msg=stock reserved
2026-07-28T19:24:32Z|stock|INFO|order=10327|amount=233.44|msg=order confirmed
2026-07-28T19:24:33Z|stock|ERROR|order=49136|amount=152.93|msg=stock service unreachable
2026-07-28T19:24:34Z|checkout|ERROR|order=17624|amount=176.14|msg=stock service unreachable
2026-07-28T19:24:35Z|stock|ERROR|order=24347|amount=190.88|msg=card declined
2026-07-28T19:24:35Z|checkout|ERROR|order=87656|amount=78.40|msg=card declined
2026-07-28T19:24:36Z|payment|WARN|order=82249|amount=190.74|msg=stock level low
2026-07-28T19:24:36Z|checkout|WARN|order=83716|amount=260.75|msg=retrying gateway call
2026-07-28T19:24:37Z|payment|INFO|order=23245|amount=358.48|msg=payment captured
2026-07-28T19:24:40Z|payment|INFO|order=76434|amount=263.71|msg=invoice generated
null
2026-07-28T19:24:40Z|payment|INFO|order=32742|amount=320.09|msg=invoice generated
2026-07-28T19:24:41Z|payment|INFO|order=41426|amount=330.80|msg=checkout started
2026-07-28T19:24:42Z|stock|INFO|order=73905|amount=327.70|msg=invoice generated
2026-07-28T19:24:43Z|checkout|INFO|order=90709|amount=104.62|msg=stock reserved
2026-07-28T19:24:43Z|payment|INFO|order=96049|amount=389.44|msg=order confirmed
2026-07-28T19:24:43Z|stock|INFO|order=41977|amount=345.62|msg=payment captured
2026-07-28T19:24:44Z|stock|ERROR|order=63738|amount=67.58|msg=gateway timeout after 30s
2026-07-28T19:24:44Z|stock|ERROR|order=53179|amount=147.56|msg=order rollback
2026-07-28T19:24:44Z|payment|INFO|order=93072|amount=69.72|msg=checkout started
2026-07-28T19:24:45Z|payment|ERROR|order=32007|amount=244.38|msg=order rollback
2026-07-28T19:24:46Z|payment|INFO|order=76578|amount=180.80|msg=payment captured
2026-07-28T19:24:46Z|stock|INFO|order=51683|amount=168.58|msg=payment captured
2026-07-28T19:24:47Z|stock|INFO|order=93838|amount=178.01|msg=payment captured
null
2026-07-28T19:24:49Z|payment|INFO|order=37606|amount=281.42|msg=order confirmed
2026-07-28T19:24:50Z|payment|ERROR|order=43089|amount=353.15|msg=order rollback
2026-07-28T19:24:50Z|checkout|ERROR|order=58566|amount=96.39|msg=card declined
2026-07-28T19:24:51Z|checkout|INFO|order=93276|amount=267.55|msg=payment captured
2026-07-28T19:24:51Z|stock|INFO|order=43681|amount=71.05|msg=checkout started
2026-07-28T19:24:53Z|checkout|WARN|order=12970|amount=155.31|msg=stock level low
2026-07-28T19:24:54Z|payment|INFO|order=49676|amount=157.91|msg=invoice generated
2026-07-28T19:24:55Z|payment|ERROR|order=99191|amount=108.47|msg=gateway timeout after 30s
2026-07-28T19:24:55Z|stock|ERROR|order=67775|amount=243.68|msg=card declined
2026-07-28T19:24:56Z|payment|INFO|order=66253|amount=398.61|msg=order confirmed
2026-07-28T19:24:56Z|stock|ERROR|order=29470|amount=79.85|msg=gateway timeout after 30s
2026-07-28T19:24:57Z|payment|INFO|order=80249|amount=389.04|msg=payment captured
2026-07-28T19:24:57Z|stock|INFO|order=36310|amount=195.82|msg=order confirmed
2026-07-28T19:24:58Z|checkout|INFO|order=77245|amount=41.58|msg=stock reserved
2026-07-28T19:24:58Z|checkout|INFO|order=29337|amount=197.13|msg=stock reserved
2026-07-28T19:24:58Z|payment|INFO|order=53140|amount=171.22|msg=payment captured
2026-07-28T19:24:59Z|payment|INFO|order=19225|amount=271.98|msg=payment captured
2026-07-28T19:25:00Z|checkout|INFO|order=76358|amount=356.91|msg=payment captured
2026-07-28T19:25:00Z|payment|INFO|order=51231|amount=211.66|msg=order confirmed
2026-07-28T19:25:00Z|payment|INFO|order=11302|amount=47.80|msg=payment captured
2026-07-28T19:25:01Z|payment|ERROR|order=|msg=
2026-07-28T19:25:02Z|checkout|ERROR|order=46321|amount=328.47|msg=card declined
2026-07-28T19:25:02Z|stock|WARN|order=82849|amount=373.67|msg=retrying gateway call
2026-07-28T19:25:03Z|checkout|INFO|order=55051|amount=207.63|msg=order confirmed
2026-07-28T19:25:03Z|stock|INFO|order=49203|amount=182.20|msg=checkout started
2026-07-28T19:25:03Z|stock|ERROR|order=81532|amount=237.53|msg=gateway timeout after 30s
2026-07-28T19:25:03Z|stock|ERROR|order=45652|amount=140.82|msg=gateway timeout after 30s
2026-07-28T19:25:05Z|checkout|INFO|order=35679|amount=101.93|msg=order confirmed
2026-07-28T19:25:06Z|payment|INFO|order=16826|amount=271.11|msg=stock reserved
2026-07-28T19:25:06Z|payment|INFO|order=53726|amount=20.02|msg=invoice generated
2026-07-28T19:25:07Z|stock|INFO|order=53634|amount=396.39|msg=stock reserved
2026-07-28T19:25:07Z|checkout|INFO|order=46653|amount=70.41|msg=invoice generated
2026-07-28T19:25:07Z|stock|INFO|order=30774|amount=380.76|msg=order confirmed
2026-07-28T19:25:08Z|stock|INFO|order=84378|amount=366.85|msg=order confirmed
2026-07-28T19:25:08Z|checkout|INFO|order=97237|amount=212.99|msg=payment captured
2026-07-28T19:25:09Z|checkout|INFO|order=51436|amount=114.41|msg=order confirmed
2026-07-28T19:25:09Z|stock|INFO|order=28394|amount=259.25|msg=invoice generated
2026-07-28T19:25:09Z|checkout|INFO|order=65647|amount=336.46|msg=invoice generated
2026-07-28T19:25:09Z|checkout|WARN|order=68658|amount=365.27|msg=stock level low
2026-07-28T19:25:10Z|payment|INFO|order=91817|amount=191.16|msg=checkout started
2026-07-28T19:25:10Z|payment|INFO|order=35635|amount=53.46|msg=stock reserved
2026-07-28T19:25:11Z|stock|INFO|order=46487|amount=264.92|msg=payment captured
2026-07-28T19:25:12Z|checkout|INFO|order=60471|amount=270.99|msg=payment captured
2026-07-28T19:25:12Z|checkout|INFO|order=94560|amount=204.82|msg=order confirmed
2026-07-28T19:25:13Z|checkout|INFO|order=83212|amount=267.24|msg=invoice generated
2026-07-28T19:25:13Z|payment|INFO|order=98847|amount=86.83|msg=stock reserved
2026-07-28T19:25:13Z|stock|ERROR|order=78597|amount=177.47|msg=stock service unreachable
2026-07-28T19:25:13Z|checkout|INFO|order=48955|amount=396.64|msg=payment captured
2026-07-28T19:25:14Z|stock|WARN|order=10808|amount=232.18|msg=retrying gateway call
2026-07-28T19:25:14Z|payment|INFO|order=47316|amount=79.05|msg=payment captured
2026-07-28T19:25:14Z|checkout|INFO|order=87550|amount=8.74|msg=invoice generated
2026-07-28T19:25:15Z|checkout|INFO|order=70759|amount=318.88|msg=order confirmed
2026-07-28T19:25:15Z|checkout|INFO|order=71510|amount=106.68|msg=payment captured
2026-07-28T19:25:16Z|stock|ERROR|order=74563|amount=382.08|msg=card declined
2026-07-28T19:25:17Z|checkout|INFO|order=20534|amount=372.34|msg=invoice generated
2026-07-28T19:25:17Z|checkout|WARN|order=60217|amount=317.45|msg=retrying gateway call
2026-07-28T19:25:19Z|payment|INFO|order=95416|amount=324.81|msg=payment captured
2026-07-28T19:25:19Z|payment|INFO|order=10143|amount=109.42|msg=invoice generated
2026-07-28T19:25:19Z|stock|ERROR|order=48835|amount=370.76|msg=stock service unreachable
2026-07-28T19:25:19Z|stock|INFO|order=39023|amount=375.16|msg=checkout started
2026-07-28T19:25:20Z|payment|INFO|order=78707|amount=349.47|msg=payment captured
2026-07-28T19:25:20Z|checkout|ERROR|order=45010|amount=113.50|msg=gateway timeout after 30s
2026-07-28T19:25:21Z|payment|INFO|order=98222|amount=231.20|msg=stock reserved
2026-07-28T19:25:22Z|checkout|INFO|order=60933|amount=284.82|msg=checkout started
2026-07-28T19:25:22Z|stock|ERROR|order=28434|amount=71.35|msg=gateway timeout after 30s
2026-07-28T19:25:22Z|checkout|INFO|order=72865|amount=102.53|msg=payment captured
2026-07-28T19:25:23Z|stock|INFO|order=83755|amount=272.65|msg=payment captured
2026-07-28T19:25:23Z|checkout|ERROR|order=57425|amount=307.18|msg=gateway timeout after 30s
2026-07-28T19:25:24Z|checkout|INFO|order=57233|amount=325.07|msg=payment captured
2026-07-28T19:25:24Z|checkout|INFO|order=30430|amount=38.23|msg=stock reserved
2026-07-28T19:25:24Z|payment|WARN|order=57388|amount=344.25|msg=payment failed, cart preserved
2026-07-28T19:25:25Z|stock|WARN|order=96109|amount=395.40|msg=slow response from bank
2026-07-28T19:25:25Z|payment|INFO|order=95987|amount=33.13|msg=order confirmed
2026-07-28T19:25:26Z|stock|INFO|order=65494|amount=295.71|msg=invoice generated
2026-07-28T19:25:26Z|stock|ERROR|order=71482|amount=218.56|msg=stock service unreachable
2026-07-28T19:25:27Z|stock|ERROR|order=47742|amount=33.68|msg=stock service unreachable
2026-07-28T19:25:28Z|payment|ERROR|order=|msg=
2026-07-28T19:25:29Z|payment|ERROR|order=50168|amount=128.50|msg=card declined
2026-07-28T19:25:30Z|stock|INFO|order=88190|amount=324.60|msg=order confirmed
2026-07-28T19:25:30Z|checkout|INFO|order=25699|amount=56.37|msg=order confirmed
2026-07-28T19:25:31Z|checkout|INFO|order=33667|amount=262.74|msg=checkout started
2026-07-28T19:25:32Z|checkout|ERROR|order=66392|amount=111.47|msg=order rollback
2026-07-28T19:25:33Z|payment|INFO|order=50290|amount=82.43|msg=stock reserved
2026-07-28T19:25:33Z|checkout|ERROR|order=97225|amount=235.48|msg=order rollback
2026-07-28T19:25:34Z|checkout|INFO|order=73367|amount=38.00|msg=checkout started
2026-07-28T19:25:34Z|stock|ERROR|order=17575|amount=370.04|msg=order rollback
2026-07-28T19:25:34Z|checkout|ERROR|order=21152|amount=331.23|msg=stock service unreachable
2026-07-28T19:25:34Z|stock|INFO|order=25560|amount=265.94|msg=stock reserved
2026-07-28T19:25:35Z|payment|ERROR|order=73168|amount=69.89|msg=gateway timeout after 30s
2026-07-28T19:25:35Z|payment|ERROR|order=40931|amount=341.95|msg=stock service unreachable
2026-07-28T19:25:35Z|checkout|INFO|order=26895|amount=41.13|msg=invoice generated
2026-07-28T19:25:36Z|checkout|INFO|order=36930|amount=131.61|msg=checkout started
2026-07-28T19:25:36Z|payment|ERROR|order=39802|amount=388.70|msg=card declined
2026-07-28T19:25:37Z|stock|INFO|order=55274|amount=155.98|msg=stock reserved
2026-07-28T19:25:37Z|stock|ERROR|order=59636|amount=337.85|msg=card declined
2026-07-28T19:25:38Z|checkout|INFO|order=37818|amount=10.74|msg=stock reserved
2026-07-28T19:25:38Z|checkout|INFO|order=15642|amount=92.70|msg=checkout started
2026-07-28T19:25:39Z|checkout|INFO|order=38110|amount=11.47|msg=stock reserved
2026-07-28T19:25:39Z|stock|INFO|order=67572|amount=11.91|msg=checkout started
2026-07-28T19:25:40Z|stock|WARN|order=57632|amount=261.78|msg=payment failed, cart preserved
2026-07-28T19:25:40Z|payment|INFO|order=88663|amount=170.28|msg=stock reserved
2026-07-28T19:25:43Z|payment|INFO|order=63917|amount=50.29|msg=invoice generated
2026-07-28T19:25:43Z|checkout|INFO|order=61285|amount=79.10|msg=stock reserved
2026-07-28T19:25:43Z|checkout|INFO|order=56502|amount=51.82|msg=payment captured
2026-07-28T19:25:44Z|payment|INFO|order=40458|amount=227.11|msg=invoice generated
2026-07-28T19:25:45Z|stock|INFO|order=56821|amount=126.44|msg=order confirmed
2026-07-28T19:25:45Z|payment|INFO|order=42689|amount=371.34|msg=invoice generated
2026-07-28T19:25:46Z|checkout|INFO|order=44274|amount=228.15|msg=invoice generated
2026-07-28T19:25:47Z|checkout|INFO|order=98997|amount=263.02|msg=payment captured
2026-07-28T19:25:48Z|checkout|ERROR|order=11120|amount=357.16|msg=stock service unreachable
2026-07-28T19:25:48Z|payment|ERROR|order=71688|amount=274.07|msg=gateway timeout after 30s
2026-07-28T19:25:48Z|stock|INFO|order=12740|amount=76.63|msg=payment captured
2026-07-28T19:25:48Z|stock|ERROR|order=88996|amount=253.90|msg=gateway timeout after 30s
2026-07-28T19:25:49Z|checkout|INFO|order=73411|amount=300.37|msg=stock reserved
2026-07-28T19:25:49Z|checkout|ERROR|order=34333|amount=334.35|msg=order rollback
2026-07-28T19:25:50Z|checkout|ERROR|order=94117|amount=258.05|msg=card declined
2026-07-28T19:25:52Z|payment|ERROR|order=60834|amount=123.77|msg=card declined
2026-07-28T19:25:52Z|stock|WARN|order=57912|amount=333.31|msg=payment failed, cart preserved
2026-07-28T19:25:52Z|stock|WARN|order=72405|amount=185.21|msg=retrying gateway call
2026-07-28T19:25:53Z|payment|WARN|order=60241|amount=107.82|msg=slow response from bank
2026-07-28T19:25:54Z|payment|ERROR|order=65375|amount=161.09|msg=order rollback
2026-07-28T19:25:55Z|stock|WARN|order=45738|amount=181.02|msg=stock level low
2026-07-28T19:25:56Z|payment|INFO|order=45144|amount=343.79|msg=checkout started
2026-07-28T19:25:57Z|stock|ERROR|order=16112|amount=266.09|msg=gateway timeout after 30s
2026-07-28T19:25:57Z|payment|ERROR|order=12200|amount=383.02|msg=stock service unreachable
2026-07-28T19:25:58Z|stock|INFO|order=28015|amount=374.08|msg=stock reserved
2026-07-28T19:25:59Z|checkout|INFO|order=80528|amount=35.57|msg=payment captured
2026-07-28T19:25:59Z|checkout|WARN|order=22358|amount=269.88|msg=retrying gateway call
2026-07-28T19:26:00Z|checkout|INFO|order=45893|amount=289.50|msg=stock reserved
2026-07-28T19:26:00Z|checkout|ERROR|order=68887|amount=73.41|msg=order rollback
2026-07-28T19:26:00Z|payment|INFO|order=43089|amount=396.67|msg=checkout started
2026-07-28T19:26:02Z|stock|INFO|order=59666|amount=252.25|msg=invoice generated
2026-07-28T19:26:02Z|stock|INFO|order=99648|amount=362.82|msg=stock reserved
2026-07-28T19:26:04Z|payment|INFO|order=12424|amount=256.85|msg=invoice generated
2026-07-28T19:26:04Z|payment|WARN|order=66732|amount=262.47|msg=retrying gateway call
2026-07-28T19:26:05Z|payment|INFO|order=35311|amount=257.25|msg=invoice generated
2026-07-28T19:26:06Z|payment|INFO|order=75987|amount=290.30|msg=invoice generated
2026-07-28T19:26:06Z|stock|INFO|order=56637|amount=382.33|msg=invoice generated
2026-07-28T19:26:07Z|payment|INFO|order=10085|amount=143.07|msg=order confirmed
null
2026-07-28T19:26:08Z|stock|WARN|order=43456|amount=61.86|msg=retrying gateway call
2026-07-28T19:26:09Z|payment|ERROR|order=27459|amount=80.65|msg=order rollback
2026-07-28T19:26:09Z|payment|WARN|order=84522|amount=380.37|msg=retrying gateway call
2026-07-28T19:26:10Z|checkout|WARN|order=89006|amount=117.79|msg=payment failed, cart preserved
2026-07-28T19:26:10Z|checkout|INFO|order=80838|amount=83.87|msg=order confirmed
2026-07-28T19:26:10Z|payment|INFO|order=58446|amount=329.10|msg=order confirmed
2026-07-28T19:26:11Z|payment|WARN|order=20538|amount=60.31|msg=slow response from bank
2026-07-28T19:26:12Z|stock|INFO|order=19295|amount=100.93|msg=payment captured
2026-07-28T19:26:12Z|stock|INFO|order=58099|amount=53.84|msg=stock reserved
2026-07-28T19:26:13Z|payment|INFO|order=45859|amount=389.40|msg=payment captured
2026-07-28T19:26:15Z|checkout|ERROR|order=55817|amount=356.38|msg=gateway timeout after 30s
2026-07-28T19:26:16Z|stock|INFO|order=79720|amount=362.28|msg=order confirmed
2026-07-28T19:26:16Z|payment|WARN|order=96614|amount=381.30|msg=slow response from bank
2026-07-28T19:26:16Z|payment|INFO|order=61333|amount=252.35|msg=stock reserved
2026-07-28T19:26:17Z|stock|INFO|order=44593|amount=166.61|msg=invoice generated
2026-07-28T19:26:17Z|stock|INFO|order=54605|amount=50.10|msg=invoice generated
2026-07-28T19:26:18Z|payment|WARN|order=90876|amount=269.30|msg=retrying gateway call
2026-07-28T19:26:18Z|stock|INFO|order=84182|amount=181.34|msg=invoice generated
2026-07-28T19:26:19Z|checkout|ERROR|order=67022|amount=355.44|msg=gateway timeout after 30s
2026-07-28T19:26:19Z|checkout|INFO|order=99541|amount=145.96|msg=invoice generated
2026-07-28T19:26:19Z|payment|INFO|order=61332|amount=353.12|msg=payment captured
2026-07-28T19:26:19Z|checkout|WARN|order=91806|amount=69.01|msg=retrying gateway call
2026-07-28T19:26:20Z|payment|INFO|order=40456|amount=302.95|msg=invoice generated
2026-07-28T19:26:20Z|payment|ERROR|order=78685|amount=252.53|msg=stock service unreachable
2026-07-28T19:26:21Z|checkout|WARN|order=44466|amount=48.66|msg=slow response from bank
2026-07-28T19:26:23Z|checkout|ERROR|order=94160|amount=336.16|msg=stock service unreachable
2026-07-28T19:26:23Z|payment|INFO|order=20644|amount=146.65|msg=checkout started
2026-07-28T19:26:23Z|stock|INFO|order=94157|amount=204.17|msg=payment captured
2026-07-28T19:26:24Z|payment|ERROR|order=83081|amount=39.02|msg=card declined
2026-07-28T19:26:25Z|checkout|INFO|order=14717|amount=308.60|msg=payment captured
2026-07-28T19:26:25Z|payment|INFO|order=26122|amount=326.83|msg=order confirmed
2026-07-28T19:26:26Z|payment|INFO|order=26009|amount=324.02|msg=checkout started
2026-07-28T19:26:28Z|payment|INFO|order=18421|amount=303.59|msg=order confirmed
2026-07-28T19:26:30Z|payment|INFO|order=63901|amount=90.08|msg=stock reserved
2026-07-28T19:26:33Z|stock|INFO|order=37309|amount=149.50|msg=payment captured
2026-07-28T19:26:34Z|checkout|WARN|order=11316|amount=381.85|msg=stock level low
2026-07-28T19:26:35Z|checkout|INFO|order=60439|amount=380.93|msg=payment captured
2026-07-28T19:26:35Z|payment|INFO|order=50770|amount=124.37|msg=invoice generated
2026-07-28T19:26:37Z|stock|INFO|order=71780|amount=371.60|msg=invoice generated
null
2026-07-28T19:26:38Z|stock|INFO|order=90914|amount=292.15|msg=stock reserved
2026-07-28T19:26:38Z|checkout|WARN|order=16794|amount=54.38|msg=slow response from bank
2026-07-28T19:26:38Z|checkout|WARN|order=60256|amount=168.75|msg=retrying gateway call
2026-07-28T19:26:40Z|checkout|ERROR|order=86089|amount=329.89|msg=gateway timeout after 30s
2026-07-28T19:26:40Z|payment|WARN|order=85111|amount=247.08|msg=retrying gateway call
2026-07-28T19:26:42Z|stock|WARN|order=47323|amount=300.30|msg=slow response from bank
2026-07-28T19:26:42Z|stock|INFO|order=32892|amount=175.19|msg=stock reserved
2026-07-28T19:26:43Z|stock|INFO|order=37213|amount=42.58|msg=payment captured
2026-07-28T19:26:44Z|payment|INFO|order=70149|amount=124.88|msg=stock reserved
2026-07-28T19:26:44Z|payment|INFO|order=72520|amount=57.84|msg=checkout started
2026-07-28T19:26:45Z|checkout|INFO|order=46052|amount=60.46|msg=stock reserved
null
2026-07-28T19:26:46Z|payment|INFO|order=41322|amount=137.94|msg=checkout started
2026-07-28T19:26:47Z|stock|ERROR|order=12534|amount=167.03|msg=order rollback
2026-07-28T19:26:47Z|checkout|INFO|order=79718|amount=170.56|msg=order confirmed
2026-07-28T19:26:48Z|payment|ERROR|order=25565|amount=170.21|msg=order rollback
2026-07-28T19:26:48Z|stock|ERROR|order=48764|amount=186.94|msg=order rollback
2026-07-28T19:26:48Z|payment|INFO|order=66838|amount=387.97|msg=checkout started
2026-07-28T19:26:49Z|payment|INFO|order=47749|amount=298.45|msg=stock reserved
2026-07-28T19:26:50Z|payment|INFO|order=17526|amount=11.91|msg=stock reserved
2026-07-28T19:26:51Z|payment|INFO|order=94682|amount=202.33|msg=checkout started
2026-07-28T19:26:52Z|payment|INFO|order=13620|amount=50.93|msg=payment captured
2026-07-28T19:26:52Z|checkout|ERROR|order=37756|amount=335.31|msg=stock service unreachable
2026-07-28T19:26:52Z|payment|INFO|order=61367|amount=373.91|msg=order confirmed
2026-07-28T19:26:52Z|stock|INFO|order=55456|amount=308.56|msg=invoice generated
2026-07-28T19:26:52Z|checkout|ERROR|order=91909|amount=117.15|msg=order rollback
2026-07-28T19:26:53Z|checkout|ERROR|order=46010|amount=370.59|msg=stock service unreachable
2026-07-28T19:26:53Z|checkout|INFO|order=97852|amount=153.26|msg=stock reserved
2026-07-28T19:26:55Z|stock|INFO|order=43210|amount=325.27|msg=payment captured
2026-07-28T19:26:55Z|checkout|INFO|order=29007|amount=320.54|msg=stock reserved
2026-07-28T19:26:56Z|payment|INFO|order=46401|amount=157.96|msg=payment captured
2026-07-28T19:26:57Z|payment|INFO|order=70631|amount=183.70|msg=payment captured
2026-07-28T19:26:57Z|checkout|INFO|order=49635|amount=261.41|msg=payment captured
2026-07-28T19:26:58Z|checkout|ERROR|order=52436|amount=25.54|msg=gateway timeout after 30s
2026-07-28T19:26:58Z|checkout|ERROR|order=31257|amount=144.22|msg=card declined
2026-07-28T19:26:59Z|stock|INFO|order=94852|amount=73.79|msg=order confirmed
2026-07-28T19:27:00Z|checkout|INFO|order=94941|amount=182.20|msg=order confirmed
2026-07-28T19:27:00Z|checkout|WARN|order=90950|amount=383.49|msg=stock level low
2026-07-28T19:27:01Z|checkout|INFO|order=19241|amount=208.02|msg=stock reserved
2026-07-28T19:27:01Z|payment|INFO|order=68667|amount=395.76|msg=invoice generated
2026-07-28T19:27:02Z|payment|INFO|order=69155|amount=42.76|msg=payment captured
2026-07-28T19:27:02Z|stock|INFO|order=37488|amount=216.63|msg=order confirmed
2026-07-28T19:27:02Z|stock|ERROR|order=68588|amount=230.10|msg=order rollback
2026-07-28T19:27:02Z|checkout|INFO|order=39529|amount=39.92|msg=checkout started
2026-07-28T19:27:03Z|stock|ERROR|order=66058|amount=296.42|msg=stock service unreachable
2026-07-28T19:27:04Z|checkout|WARN|order=11671|amount=280.42|msg=payment failed, cart preserved
2026-07-28T19:27:05Z|stock|ERROR|order=62773|amount=308.03|msg=gateway timeout after 30s
2026-07-28T19:27:05Z|checkout|ERROR|order=97337|amount=137.59|msg=gateway timeout after 30s
2026-07-28T19:27:07Z|checkout|INFO|order=10399|amount=193.78|msg=payment captured
2026-07-28T19:27:08Z|checkout|INFO|order=35183|amount=120.85|msg=stock reserved
2026-07-28T19:27:08Z|checkout|INFO|order=61249|amount=146.67|msg=order confirmed
2026-07-28T19:27:09Z|stock|INFO|order=90982|amount=303.37|msg=order confirmed
2026-07-28T19:27:09Z|payment|INFO|order=24155|amount=192.51|msg=order confirmed
2026-07-28T19:27:09Z|stock|INFO|order=87188|amount=163.61|msg=payment captured
2026-07-28T19:27:09Z|payment|INFO|order=86282|amount=204.30|msg=stock reserved
2026-07-28T19:27:10Z|stock|INFO|order=49169|amount=150.27|msg=payment captured
2026-07-28T19:27:10Z|checkout|WARN|order=20546|amount=197.52|msg=retrying gateway call
2026-07-28T19:27:10Z|payment|ERROR|order=28750|amount=378.46|msg=card declined
2026-07-28T19:27:11Z|checkout|INFO|order=56503|amount=265.66|msg=payment captured
2026-07-28T19:27:13Z|payment|INFO|order=90847|amount=278.72|msg=order confirmed
2026-07-28T19:27:14Z|checkout|INFO|order=28791|amount=378.86|msg=payment captured
2026-07-28T19:27:14Z|checkout|INFO|order=94593|amount=348.29|msg=payment captured
2026-07-28T19:27:15Z|checkout|INFO|order=22787|amount=143.49|msg=invoice generated
2026-07-28T19:27:16Z|payment|ERROR|order=83707|amount=7.13|msg=stock service unreachable
2026-07-28T19:27:16Z|checkout|INFO|order=67249|amount=334.96|msg=order confirmed
2026-07-28T19:27:17Z|checkout|INFO|order=27411|amount=273.25|msg=invoice generated
2026-07-28T19:27:17Z|payment|INFO|order=45563|amount=254.19|msg=payment captured
2026-07-28T19:27:17Z|stock|WARN|order=71818|amount=90.07|msg=stock level low
2026-07-28T19:27:17Z|stock|INFO|order=82532|amount=269.06|msg=payment captured
2026-07-28T19:27:17Z|stock|INFO|order=55884|amount=249.21|msg=order confirmed
2026-07-28T19:27:18Z|payment|WARN|order=90627|amount=314.19|msg=stock level low
2026-07-28T19:27:19Z|payment|INFO|order=10432|amount=323.35|msg=order confirmed
2026-07-28T19:27:19Z|checkout|WARN|order=96948|amount=148.02|msg=retrying gateway call
2026-07-28T19:27:19Z|checkout|WARN|order=24880|amount=31.52|msg=stock level low
2026-07-28T19:27:20Z|checkout|ERROR|order=65568|amount=389.70|msg=stock service unreachable
2026-07-28T19:27:20Z|checkout|INFO|order=56729|amount=153.46|msg=invoice generated
2026-07-28T19:27:21Z|checkout|WARN|order=80487|amount=255.21|msg=stock level low
2026-07-28T19:27:22Z|stock|INFO|order=38941|amount=388.31|msg=payment captured
2026-07-28T19:27:23Z|checkout|INFO|order=26857|amount=238.90|msg=order confirmed
2026-07-28T19:27:23Z|checkout|INFO|order=78981|amount=280.35|msg=payment captured
2026-07-28T19:27:24Z|checkout|INFO|order=29618|amount=127.38|msg=checkout started
2026-07-28T19:27:24Z|payment|INFO|order=37075|amount=148.91|msg=payment captured
2026-07-28T19:27:25Z|checkout|INFO|order=50304|amount=174.22|msg=checkout started
2026-07-28T19:27:26Z|stock|INFO|order=77635|amount=364.37|msg=checkout started
2026-07-28T19:27:26Z|payment|WARN|order=76849|amount=172.29|msg=slow response from bank
2026-07-28T19:27:26Z|payment|INFO|order=59775|amount=274.47|msg=payment captured
2026-07-28T19:27:26Z|payment|WARN|order=28160|amount=361.95|msg=slow response from bank
2026-07-28T19:27:27Z|payment|INFO|order=73155|amount=370.33|msg=checkout started
2026-07-28T19:27:28Z|payment|WARN|order=67643|amount=20.50|msg=slow response from bank
2026-07-28T19:27:28Z|checkout|WARN|order=18211|amount=171.56|msg=slow response from bank
2026-07-28T19:27:28Z|checkout|INFO|order=54109|amount=97.02|msg=payment captured
2026-07-28T19:27:28Z|checkout|INFO|order=73637|amount=316.60|msg=payment captured
2026-07-28T19:27:31Z|checkout|INFO|order=40278|amount=28.34|msg=checkout started
2026-07-28T19:27:32Z|checkout|INFO|order=48668|amount=201.54|msg=order confirmed
2026-07-28T19:27:35Z|checkout|INFO|order=77788|amount=261.63|msg=order confirmed
2026-07-28T19:27:35Z|checkout|WARN|order=77637|amount=104.95|msg=retrying gateway call
2026-07-28T19:27:36Z|payment|INFO|order=65864|amount=193.93|msg=checkout started
2026-07-28T19:27:37Z|stock|INFO|order=27657|amount=343.95|msg=stock reserved
2026-07-28T19:27:37Z|stock|WARN|order=68276|amount=314.89|msg=stock level low
2026-07-28T19:27:37Z|payment|INFO|order=52994|amount=62.53|msg=invoice generated
2026-07-28T19:27:37Z|checkout|INFO|order=86871|amount=50.22|msg=stock reserved
2026-07-28T19:27:38Z|payment|INFO|order=19978|amount=254.90|msg=invoice generated
2026-07-28T19:27:40Z|payment|INFO|order=62652|amount=283.24|msg=payment captured
2026-07-28T19:27:40Z|checkout|INFO|order=88917|amount=84.10|msg=order confirmed
2026-07-28T19:27:41Z|payment|INFO|order=90339|amount=141.71|msg=order confirmed
2026-07-28T19:27:42Z|checkout|INFO|order=63090|amount=72.27|msg=invoice generated
2026-07-28T19:27:43Z|checkout|ERROR|order=62974|amount=399.41|msg=stock service unreachable
2026-07-28T19:27:43Z|payment|INFO|order=23365|amount=76.75|msg=stock reserved
2026-07-28T19:27:44Z|checkout|INFO|order=53602|amount=83.08|msg=payment captured
2026-07-28T19:27:46Z|checkout|INFO|order=55490|amount=33.32|msg=order confirmed
2026-07-28T19:27:47Z|payment|WARN|order=59829|amount=371.73|msg=stock level low
2026-07-28T19:27:47Z|stock|INFO|order=85823|amount=55.76|msg=stock reserved
2026-07-28T19:27:48Z|stock|INFO|order=10014|amount=96.35|msg=payment captured
2026-07-28T19:27:48Z|payment|INFO|order=23518|amount=302.94|msg=invoice generated
2026-07-28T19:27:48Z|stock|INFO|order=88845|amount=185.87|msg=stock reserved
2026-07-28T19:27:49Z|payment|INFO|order=47869|amount=25.82|msg=checkout started
2026-07-28T19:27:49Z|checkout|INFO|order=36184|amount=390.53|msg=order confirmed
2026-07-28T19:27:49Z|stock|WARN|order=91935|amount=29.73|msg=slow response from bank
2026-07-28T19:27:49Z|payment|INFO|order=63173|amount=22.39|msg=invoice generated
2026-07-28T19:27:50Z|payment|INFO|order=81288|amount=174.77|msg=checkout started
2026-07-28T19:27:50Z|stock|INFO|order=51481|amount=153.02|msg=invoice generated
2026-07-28T19:27:52Z|stock|INFO|order=53445|amount=285.22|msg=checkout started
2026-07-28T19:27:53Z|checkout|INFO|order=56149|amount=73.83|msg=checkout started
2026-07-28T19:27:53Z|stock|INFO|order=27522|amount=185.37|msg=checkout started
2026-07-28T19:27:54Z|payment|INFO|order=89927|amount=106.48|msg=payment captured
2026-07-28T19:27:54Z|payment|ERROR|order=22841|amount=151.85|msg=gateway timeout after 30s
2026-07-28T19:27:55Z|checkout|INFO|order=33569|amount=120.52|msg=stock reserved
2026-07-28T19:27:57Z|checkout|INFO|order=16199|amount=65.31|msg=payment captured
2026-07-28T19:27:57Z|payment|INFO|order=35369|amount=121.27|msg=invoice generated
2026-07-28T19:27:58Z|checkout|INFO|order=51057|amount=305.78|msg=checkout started
2026-07-28T19:27:59Z|payment|ERROR|order=43228|amount=132.30|msg=order rollback
2026-07-28T19:28:00Z|checkout|WARN|order=16302|amount=52.47|msg=slow response from bank
2026-07-28T19:28:00Z|checkout|INFO|order=31414|amount=275.89|msg=invoice generated
2026-07-28T19:28:01Z|stock|INFO|order=73672|amount=17.75|msg=order confirmed
2026-07-28T19:28:02Z|stock|ERROR|order=13764|amount=287.26|msg=gateway timeout after 30s
2026-07-28T19:28:02Z|stock|ERROR|order=92494|amount=184.76|msg=gateway timeout after 30s
2026-07-28T19:28:02Z|checkout|INFO|order=70517|amount=178.46|msg=invoice generated
null
2026-07-28T19:28:04Z|payment|INFO|order=52989|amount=144.99|msg=invoice generated
2026-07-28T19:28:06Z|stock|INFO|order=85599|amount=186.85|msg=checkout started
2026-07-28T19:28:07Z|stock|INFO|order=11908|amount=23.82|msg=stock reserved
2026-07-28T19:28:07Z|checkout|INFO|order=41907|amount=381.67|msg=invoice generated
2026-07-28T19:28:08Z|checkout|INFO|order=75769|amount=259.12|msg=invoice generated
2026-07-28T19:28:09Z|payment|INFO|order=85674|amount=34.69|msg=checkout started
2026-07-28T19:28:10Z|checkout|INFO|order=17977|amount=32.93|msg=checkout started
2026-07-28T19:28:10Z|stock|ERROR|order=91931|amount=195.45|msg=stock service unreachable
2026-07-28T19:28:10Z|payment|ERROR|order=82816|amount=282.03|msg=card declined
2026-07-28T19:28:11Z|payment|INFO|order=48018|amount=143.39|msg=stock reserved
2026-07-28T19:28:11Z|stock|INFO|order=38842|amount=180.17|msg=order confirmed
2026-07-28T19:28:12Z|checkout|ERROR|order=88748|amount=244.41|msg=card declined
2026-07-28T19:28:12Z|payment|INFO|order=70595|amount=200.27|msg=payment captured
2026-07-28T19:28:13Z|checkout|INFO|order=26080|amount=243.54|msg=payment captured
2026-07-28T19:28:13Z|checkout|INFO|order=51825|amount=225.96|msg=checkout started
2026-07-28T19:28:14Z|payment|INFO|order=76068|amount=374.47|msg=invoice generated
2026-07-28T19:28:14Z|payment|INFO|order=15000|amount=110.01|msg=payment captured
2026-07-28T19:28:15Z|payment|INFO|order=16458|amount=96.87|msg=checkout started
2026-07-28T19:28:15Z|payment|INFO|order=98417|amount=138.02|msg=payment captured
2026-07-28T19:28:16Z|stock|INFO|order=99106|amount=382.02|msg=invoice generated
2026-07-28T19:28:17Z|stock|ERROR|order=13731|amount=167.74|msg=stock service unreachable
2026-07-28T19:28:17Z|payment|WARN|order=59164|amount=272.75|msg=slow response from bank
2026-07-28T19:28:17Z|stock|ERROR|order=30817|amount=131.35|msg=order rollback
2026-07-28T19:28:18Z|checkout|INFO|order=19183|amount=212.81|msg=stock reserved
2026-07-28T19:28:19Z|checkout|INFO|order=40802|amount=225.12|msg=invoice generated
2026-07-28T19:28:20Z|checkout|INFO|order=42579|amount=131.02|msg=order confirmed
2026-07-28T19:28:20Z|stock|INFO|order=46045|amount=297.80|msg=order confirmed
2026-07-28T19:28:21Z|stock|ERROR|order=90257|amount=227.83|msg=gateway timeout after 30s
2026-07-28T19:28:21Z|stock|INFO|order=97133|amount=94.05|msg=payment captured
2026-07-28T19:28:22Z|payment|INFO|order=20761|amount=40.36|msg=payment captured
2026-07-28T19:28:23Z|checkout|INFO|order=17122|amount=121.62|msg=checkout started
2026-07-28T19:28:24Z|payment|WARN|order=70304|amount=165.45|msg=slow response from bank
2026-07-28T19:28:25Z|checkout|INFO|order=16161|amount=365.67|msg=order confirmed
2026-07-28T19:28:25Z|payment|INFO|order=58513|amount=313.41|msg=stock reserved
2026-07-28T19:28:26Z|payment|INFO|order=45854|amount=268.78|msg=order confirmed
2026-07-28T19:28:27Z|checkout|INFO|order=67568|amount=248.08|msg=stock reserved
2026-07-28T19:28:29Z|stock|INFO|order=62222|amount=45.69|msg=checkout started
2026-07-28T19:28:29Z|checkout|ERROR|order=98221|amount=329.47|msg=gateway timeout after 30s
2026-07-28T19:28:29Z|payment|INFO|order=71347|amount=398.63|msg=checkout started
2026-07-28T19:28:29Z|payment|INFO|order=51644|amount=249.13|msg=checkout started
2026-07-28T19:28:30Z|payment|INFO|order=87514|amount=43.14|msg=checkout started
2026-07-28T19:28:32Z|checkout|INFO|order=42058|amount=102.85|msg=payment captured
2026-07-28T19:28:32Z|stock|INFO|order=47199|amount=119.88|msg=invoice generated
2026-07-28T19:28:33Z|stock|ERROR|order=79020|amount=37.22|msg=stock service unreachable
2026-07-28T19:28:34Z|checkout|INFO|order=60857|amount=90.00|msg=invoice generated
2026-07-28T19:28:34Z|checkout|INFO|order=18319|amount=41.21|msg=order confirmed
2026-07-28T19:28:35Z|checkout|INFO|order=95498|amount=351.51|msg=payment captured
2026-07-28T19:28:36Z|stock|WARN|order=95835|amount=162.72|msg=stock level low
2026-07-28T19:28:36Z|stock|WARN|order=59833|amount=370.27|msg=payment failed, cart preserved
2026-07-28T19:28:37Z|payment|WARN|order=46217|amount=392.24|msg=retrying gateway call
2026-07-28T19:28:37Z|checkout|WARN|order=78695|amount=234.82|msg=slow response from bank
2026-07-28T19:28:38Z|checkout|INFO|order=44684|amount=162.37|msg=stock reserved
2026-07-28T19:28:39Z|checkout|ERROR|order=66443|amount=193.69|msg=gateway timeout after 30s
2026-07-28T19:28:39Z|payment|INFO|order=55659|amount=193.98|msg=stock reserved
2026-07-28T19:28:40Z|checkout|ERROR|order=36679|amount=297.77|msg=stock service unreachable
2026-07-28T19:28:40Z|stock|INFO|order=46330|amount=26.43|msg=payment captured
2026-07-28T19:28:41Z|stock|INFO|order=12783|amount=166.36|msg=checkout started
2026-07-28T19:28:41Z|payment|ERROR|order=15922|amount=273.80|msg=card declined
2026-07-28T19:28:42Z|stock|INFO|order=61899|amount=71.79|msg=order confirmed
2026-07-28T19:28:43Z|checkout|WARN|order=39634|amount=286.53|msg=stock level low
2026-07-28T19:28:43Z|checkout|ERROR|order=64550|amount=285.20|msg=stock service unreachable
2026-07-28T19:28:45Z|checkout|INFO|order=12671|amount=372.79|msg=invoice generated
2026-07-28T19:28:46Z|stock|INFO|order=39537|amount=197.65|msg=stock reserved
2026-07-28T19:28:47Z|checkout|INFO|order=30994|amount=320.91|msg=payment captured
2026-07-28T19:28:47Z|payment|INFO|order=41763|amount=314.16|msg=payment captured
2026-07-28T19:28:49Z|payment|ERROR|order=|msg=
2026-07-28T19:28:49Z|checkout|INFO|order=30945|amount=190.37|msg=checkout started
2026-07-28T19:28:49Z|checkout|WARN|order=48719|amount=153.04|msg=retrying gateway call
2026-07-28T19:28:50Z|stock|INFO|order=84874|amount=347.13|msg=order confirmed
2026-07-28T19:28:50Z|stock|INFO|order=80561|amount=121.14|msg=stock reserved
2026-07-28T19:28:52Z|stock|INFO|order=60900|amount=310.37|msg=checkout started
2026-07-28T19:28:52Z|stock|INFO|order=73201|amount=195.26|msg=stock reserved
2026-07-28T19:28:52Z|stock|INFO|order=90109|amount=242.93|msg=checkout started
2026-07-28T19:28:53Z|payment|ERROR|order=99727|amount=314.02|msg=gateway timeout after 30s
2026-07-28T19:28:53Z|stock|ERROR|order=48263|amount=22.56|msg=gateway timeout after 30s
2026-07-28T19:28:54Z|payment|WARN|order=75561|amount=119.09|msg=stock level low
2026-07-28T19:28:54Z|payment|INFO|order=56711|amount=270.09|msg=checkout started
2026-07-28T19:28:54Z|stock|INFO|order=45711|amount=112.70|msg=checkout started
2026-07-28T19:28:55Z|payment|ERROR|order=15497|amount=355.72|msg=order rollback
2026-07-28T19:28:56Z|payment|INFO|order=56410|amount=52.42|msg=invoice generated
2026-07-28T19:28:56Z|payment|INFO|order=77437|amount=323.66|msg=payment captured
2026-07-28T19:28:56Z|stock|INFO|order=36341|amount=86.09|msg=stock reserved
2026-07-28T19:28:57Z|payment|FATAL-OOM
2026-07-28T19:28:58Z|payment|INFO|order=61971|amount=230.57|msg=invoice generated
2026-07-28T19:28:58Z|checkout|ERROR|order=57200|amount=58.92|msg=stock service unreachable
2026-07-28T19:28:59Z|checkout|INFO|order=83462|amount=217.49|msg=stock reserved
2026-07-28T19:29:01Z|checkout|WARN|order=60335|amount=13.12|msg=retrying gateway call
2026-07-28T19:29:02Z|payment|WARN|order=99492|amount=335.37|msg=retrying gateway call
2026-07-28T19:29:03Z|payment|INFO|order=21873|amount=329.41|msg=payment captured
2026-07-28T19:29:03Z|stock|INFO|order=81850|amount=29.31|msg=order confirmed
2026-07-28T19:29:06Z|payment|WARN|order=56660|amount=373.44|msg=payment failed, cart preserved
2026-07-28T19:29:07Z|checkout|INFO|order=71426|amount=35.59|msg=stock reserved
2026-07-28T19:29:07Z|stock|INFO|order=84572|amount=149.93|msg=payment captured
2026-07-28T19:29:08Z|checkout|INFO|order=26149|amount=260.47|msg=stock reserved
2026-07-28T19:29:09Z|payment|INFO|order=96527|amount=207.60|msg=checkout started
2026-07-28T19:29:10Z|checkout|ERROR|order=91851|amount=85.03|msg=gateway timeout after 30s
2026-07-28T19:29:10Z|checkout|INFO|order=52493|amount=338.80|msg=stock reserved
2026-07-28T19:29:10Z|checkout|INFO|order=10158|amount=154.87|msg=order confirmed
2026-07-28T19:29:10Z|payment|INFO|order=82674|amount=127.77|msg=checkout started
2026-07-28T19:29:11Z|checkout|INFO|order=20588|amount=105.26|msg=payment captured
2026-07-28T19:29:11Z|stock|WARN|order=74405|amount=146.15|msg=payment failed, cart preserved
2026-07-28T19:29:12Z|stock|INFO|order=85809|amount=113.30|msg=invoice generated
2026-07-28T19:29:14Z|checkout|WARN|order=75857|amount=85.90|msg=retrying gateway call
2026-07-28T19:29:14Z|checkout|INFO|order=28687|amount=176.45|msg=stock reserved
2026-07-28T19:29:15Z|stock|INFO|order=45095|amount=392.06|msg=order confirmed
2026-07-28T19:29:15Z|payment|INFO|order=85257|amount=249.86|msg=payment captured
2026-07-28T19:29:16Z|payment|WARN|order=56908|amount=350.45|msg=slow response from bank
2026-07-28T19:29:17Z|checkout|WARN|order=69995|amount=116.98|msg=slow response from bank
2026-07-28T19:29:18Z|payment|INFO|order=51780|amount=105.42|msg=checkout started
2026-07-28T19:29:18Z|checkout|INFO|order=24248|amount=13.78|msg=stock reserved
2026-07-28T19:29:19Z|checkout|INFO|order=53132|amount=67.35|msg=checkout started
2026-07-28T19:29:19Z|checkout|WARN|order=16440|amount=246.79|msg=retrying gateway call
2026-07-28T19:29:21Z|stock|INFO|order=65096|amount=188.74|msg=stock reserved
2026-07-28T19:29:21Z|payment|INFO|order=87248|amount=395.85|msg=checkout started
2026-07-28T19:29:21Z|stock|WARN|order=51975|amount=13.41|msg=retrying gateway call
2026-07-28T19:29:22Z|checkout|INFO|order=95016|amount=302.58|msg=checkout started
2026-07-28T19:29:22Z|payment|ERROR|order=79985|amount=310.21|msg=card declined
2026-07-28T19:29:23Z|payment|INFO|order=74617|amount=66.57|msg=stock reserved
2026-07-28T19:29:24Z|checkout|INFO|order=99563|amount=204.20|msg=payment captured
2026-07-28T19:29:24Z|checkout|INFO|order=46437|amount=105.46|msg=stock reserved
2026-07-28T19:29:24Z|stock|INFO|order=96055|amount=370.75|msg=checkout started
2026-07-28T19:29:24Z|checkout|INFO|order=15873|amount=88.27|msg=checkout started
2026-07-28T19:29:25Z|stock|INFO|order=30356|amount=58.48|msg=payment captured
2026-07-28T19:29:25Z|payment|ERROR|order=10701|amount=77.36|msg=stock service unreachable
2026-07-28T19:29:25Z|payment|INFO|order=76761|amount=167.36|msg=order confirmed
2026-07-28T19:29:26Z|payment|INFO|order=88024|amount=204.52|msg=checkout started
2026-07-28T19:29:27Z|payment|INFO|order=79370|amount=333.33|msg=stock reserved
2026-07-28T19:29:27Z|checkout|WARN|order=88580|amount=148.68|msg=payment failed, cart preserved
2026-07-28T19:29:28Z|checkout|ERROR|order=22147|amount=87.77|msg=stock service unreachable
2026-07-28T19:29:29Z|checkout|INFO|order=59663|amount=208.44|msg=payment captured
2026-07-28T19:29:30Z|stock|INFO|order=64880|amount=151.45|msg=invoice generated
2026-07-28T19:29:31Z|checkout|INFO|order=47527|amount=385.37|msg=payment captured
2026-07-28T19:29:31Z|payment|ERROR|order=94064|amount=394.00|msg=card declined
2026-07-28T19:29:31Z|stock|INFO|order=64310|amount=257.97|msg=stock reserved
2026-07-28T19:29:34Z|payment|ERROR|order=12214|amount=84.96|msg=stock service unreachable
2026-07-28T19:29:35Z|stock|INFO|order=71809|amount=395.28|msg=stock reserved
2026-07-28T19:29:36Z|checkout|INFO|order=88334|amount=308.73|msg=invoice generated
2026-07-28T19:29:37Z|checkout|INFO|order=38601|amount=263.90|msg=checkout started
2026-07-28T19:29:38Z|payment|INFO|order=74713|amount=121.50|msg=stock reserved
2026-07-28T19:29:38Z|payment|INFO|order=68563|amount=73.06|msg=invoice generated
2026-07-28T19:29:38Z|checkout|INFO|order=25192|amount=101.84|msg=order confirmed
2026-07-28T19:29:39Z|payment|INFO|order=95167|amount=154.46|msg=stock reserved
2026-07-28T19:29:39Z|payment|ERROR|order=80214|amount=211.43|msg=card declined
2026-07-28T19:29:40Z|checkout|INFO|order=40859|amount=190.50|msg=order confirmed
2026-07-28T19:29:42Z|checkout|ERROR|order=36993|amount=17.69|msg=card declined
2026-07-28T19:29:43Z|checkout|WARN|order=50001|amount=45.37|msg=retrying gateway call
2026-07-28T19:29:43Z|stock|INFO|order=76099|amount=143.97|msg=payment captured
2026-07-28T19:29:47Z|stock|INFO|order=85265|amount=65.65|msg=invoice generated
2026-07-28T19:29:47Z|payment|INFO|order=34678|amount=341.05|msg=invoice generated
2026-07-28T19:29:48Z|payment|INFO|order=48457|amount=12.85|msg=payment captured
2026-07-28T19:29:49Z|checkout|INFO|order=99879|amount=366.50|msg=order confirmed
2026-07-28T19:29:50Z|stock|ERROR|order=48551|amount=211.72|msg=order rollback
2026-07-28T19:29:51Z|payment|INFO|order=82831|amount=197.63|msg=checkout started
2026-07-28T19:29:52Z|checkout|INFO|order=83336|amount=92.61|msg=stock reserved
2026-07-28T19:29:52Z|checkout|INFO|order=78453|amount=93.05|msg=payment captured
2026-07-28T19:29:53Z|checkout|INFO|order=63233|amount=383.98|msg=order confirmed
2026-07-28T19:29:54Z|payment|INFO|order=60059|amount=49.09|msg=checkout started
2026-07-28T19:29:54Z|payment|ERROR|order=86354|amount=67.06|msg=gateway timeout after 30s
2026-07-28T19:29:55Z|checkout|INFO|order=12518|amount=208.90|msg=invoice generated
2026-07-28T19:29:55Z|payment|ERROR|order=84325|amount=361.90|msg=order rollback
2026-07-28T19:29:56Z|stock|INFO|order=39681|amount=266.36|msg=stock reserved
2026-07-28T19:29:57Z|stock|INFO|order=81640|amount=50.92|msg=order confirmed
2026-07-28T19:29:57Z|stock|INFO|order=78255|amount=126.01|msg=stock reserved
2026-07-28T19:29:57Z|payment|INFO|order=90452|amount=63.80|msg=stock reserved
2026-07-28T19:29:57Z|checkout|INFO|order=96650|amount=232.12|msg=payment captured
2026-07-28T19:29:58Z|checkout|INFO|order=85155|amount=262.22|msg=payment captured
2026-07-28T19:29:58Z|payment|FATAL-OOM
2026-07-28T19:29:59Z|stock|INFO|order=93522|amount=116.31|msg=order confirmed
2026-07-28T19:29:59Z|checkout|WARN|order=93595|amount=350.88|msg=payment failed, cart preserved
2026-07-28T19:30:00Z|stock|INFO|order=86764|amount=359.82|msg=invoice generated
2026-07-28T19:30:01Z|checkout|WARN|order=76539|amount=68.09|msg=retrying gateway call
2026-07-28T19:30:01Z|stock|INFO|order=54363|amount=380.96|msg=stock reserved
2026-07-28T19:30:01Z|payment|INFO|order=71272|amount=351.43|msg=checkout started
2026-07-28T19:30:02Z|payment|INFO|order=30448|amount=380.21|msg=stock reserved
2026-07-28T19:30:02Z|stock|INFO|order=52639|amount=236.65|msg=checkout started
2026-07-28T19:30:02Z|payment|ERROR|order=65446|amount=204.15|msg=card declined
2026-07-28T19:30:03Z|payment|INFO|order=14556|amount=314.44|msg=invoice generated
2026-07-28T19:30:03Z|stock|INFO|order=21291|amount=342.10|msg=checkout started
2026-07-28T19:30:03Z|checkout|INFO|order=64824|amount=124.70|msg=stock reserved
2026-07-28T19:30:04Z|payment|ERROR|order=34534|amount=361.92|msg=card declined
2026-07-28T19:30:05Z|stock|WARN|order=95558|amount=122.44|msg=slow response from bank
2026-07-28T19:30:05Z|stock|INFO|order=34406|amount=94.90|msg=order confirmed
2026-07-28T19:30:05Z|payment|WARN|order=54930|amount=264.69|msg=stock level low
2026-07-28T19:30:06Z|payment|INFO|order=98730|amount=202.23|msg=payment captured
2026-07-28T19:30:06Z|checkout|INFO|order=92936|amount=218.75|msg=stock reserved
2026-07-28T19:30:06Z|stock|ERROR|order=89516|amount=12.65|msg=gateway timeout after 30s
2026-07-28T19:30:07Z|checkout|INFO|order=41457|amount=311.96|msg=checkout started
2026-07-28T19:30:07Z|checkout|INFO|order=83971|amount=385.08|msg=invoice generated
2026-07-28T19:30:07Z|payment|WARN|order=64870|amount=47.09|msg=slow response from bank
2026-07-28T19:30:07Z|payment|WARN|order=93131|amount=34.81|msg=stock level low
2026-07-28T19:30:08Z|stock|INFO|order=48301|amount=152.56|msg=invoice generated
2026-07-28T19:30:08Z|stock|WARN|order=53629|amount=60.03|msg=retrying gateway call
2026-07-28T19:30:09Z|checkout|ERROR|order=18150|amount=234.25|msg=card declined
2026-07-28T19:30:09Z|checkout|INFO|order=76024|amount=373.49|msg=checkout started
2026-07-28T19:30:09Z|stock|WARN|order=47821|amount=275.22|msg=stock level low
2026-07-28T19:30:09Z|checkout|INFO|order=95894|amount=353.50|msg=stock reserved
2026-07-28T19:30:10Z|checkout|INFO|order=42804|amount=16.33|msg=stock reserved
2026-07-28T19:30:10Z|checkout|INFO|order=67965|amount=258.88|msg=order confirmed
2026-07-28T19:30:11Z|stock|INFO|order=80803|amount=248.81|msg=checkout started
2026-07-28T19:30:12Z|stock|WARN|order=54024|amount=200.97|msg=stock level low
2026-07-28T19:30:12Z|stock|ERROR|order=23809|amount=13.21|msg=stock service unreachable
2026-07-28T19:30:13Z|stock|ERROR|order=90188|amount=47.86|msg=stock service unreachable
2026-07-28T19:30:13Z|checkout|INFO|order=44886|amount=270.71|msg=invoice generated
2026-07-28T19:30:14Z|stock|INFO|order=60906|amount=180.49|msg=invoice generated
2026-07-28T19:30:15Z|payment|ERROR|order=39225|amount=94.11|msg=stock service unreachable
2026-07-28T19:30:19Z|checkout|INFO|order=38025|amount=129.10|msg=stock reserved
2026-07-28T19:30:19Z|payment|INFO|order=42368|amount=345.13|msg=payment captured
2026-07-28T19:30:21Z|checkout|INFO|order=71088|amount=188.87|msg=stock reserved
2026-07-28T19:30:21Z|stock|INFO|order=11395|amount=315.86|msg=checkout started
2026-07-28T19:30:21Z|checkout|INFO|order=63762|amount=302.29|msg=invoice generated
2026-07-28T19:30:22Z|payment|INFO|order=24525|amount=338.14|msg=order confirmed
2026-07-28T19:30:23Z|stock|WARN|order=96541|amount=340.79|msg=stock level low
2026-07-28T19:30:24Z|checkout|WARN|order=33711|amount=41.33|msg=slow response from bank
2026-07-28T19:30:25Z|checkout|INFO|order=60442|amount=281.11|msg=stock reserved
2026-07-28T19:30:25Z|checkout|ERROR|order=34806|amount=336.62|msg=gateway timeout after 30s
2026-07-28T19:30:26Z|checkout|INFO|order=95458|amount=343.70|msg=order confirmed
2026-07-28T19:30:26Z|checkout|INFO|order=44699|amount=65.82|msg=invoice generated
2026-07-28T19:30:26Z|payment|INFO|order=95093|amount=326.67|msg=invoice generated
2026-07-28T19:30:27Z|stock|INFO|order=59793|amount=315.70|msg=stock reserved
2026-07-28T19:30:27Z|payment|INFO|order=45603|amount=182.64|msg=checkout started
2026-07-28T19:30:27Z|checkout|ERROR|order=14485|amount=226.61|msg=card declined
2026-07-28T19:30:28Z|stock|INFO|order=11729|amount=46.39|msg=checkout started
2026-07-28T19:30:28Z|stock|INFO|order=99674|amount=8.53|msg=stock reserved
2026-07-28T19:30:31Z|payment|INFO|order=93925|amount=329.54|msg=checkout started
2026-07-28T19:30:31Z|checkout|WARN|order=68892|amount=261.02|msg=stock level low
2026-07-28T19:30:31Z|stock|INFO|order=48804|amount=57.33|msg=payment captured
2026-07-28T19:30:31Z|checkout|INFO|order=58307|amount=376.42|msg=order confirmed
2026-07-28T19:30:32Z|stock|ERROR|order=24474|amount=29.24|msg=gateway timeout after 30s
2026-07-28T19:30:33Z|payment|ERROR|order=81437|amount=383.56|msg=order rollback
2026-07-28T19:30:33Z|payment|INFO|order=26584|amount=326.10|msg=checkout started
2026-07-28T19:30:34Z|checkout|ERROR|order=28321|amount=295.00|msg=card declined
2026-07-28T19:30:37Z|payment|ERROR|order=11404|amount=165.75|msg=gateway timeout after 30s
2026-07-28T19:30:38Z|payment|WARN|order=59622|amount=166.54|msg=slow response from bank
2026-07-28T19:30:38Z|checkout|INFO|order=81222|amount=272.97|msg=checkout started
null
2026-07-28T19:30:40Z|checkout|INFO|order=89640|amount=68.19|msg=invoice generated
2026-07-28T19:30:40Z|payment|INFO|order=16782|amount=250.79|msg=order confirmed
2026-07-28T19:30:40Z|stock|INFO|order=41807|amount=114.88|msg=order confirmed
2026-07-28T19:30:41Z|checkout|INFO|order=68262|amount=18.00|msg=invoice generated
2026-07-28T19:30:41Z|checkout|ERROR|order=61403|amount=114.06|msg=stock service unreachable
2026-07-28T19:30:42Z|checkout|WARN|order=14394|amount=8.98|msg=retrying gateway call
2026-07-28T19:30:42Z|payment|ERROR|order=80269|amount=179.55|msg=stock service unreachable
2026-07-28T19:30:42Z|stock|WARN|order=56679|amount=312.37|msg=payment failed, cart preserved
2026-07-28T19:30:43Z|stock|ERROR|order=19506|amount=6.66|msg=gateway timeout after 30s
2026-07-28T19:30:44Z|checkout|INFO|order=20625|amount=157.74|msg=invoice generated
2026-07-28T19:30:44Z|payment|INFO|order=66532|amount=212.98|msg=stock reserved
2026-07-28T19:30:45Z|checkout|INFO|order=35609|amount=306.09|msg=invoice generated
2026-07-28T19:30:45Z|checkout|ERROR|order=57327|amount=159.11|msg=card declined
2026-07-28T19:30:45Z|checkout|INFO|order=94473|amount=332.88|msg=payment captured
2026-07-28T19:30:46Z|payment|INFO|order=52840|amount=224.85|msg=payment captured
2026-07-28T19:30:46Z|payment|WARN|order=75497|amount=280.64|msg=slow response from bank
2026-07-28T19:30:47Z|stock|ERROR|order=38011|amount=392.34|msg=stock service unreachable
2026-07-28T19:30:49Z|payment|WARN|order=33540|amount=371.62|msg=retrying gateway call
2026-07-28T19:30:49Z|payment|INFO|order=35770|amount=195.43|msg=order confirmed
2026-07-28T19:30:50Z|payment|INFO|order=32570|amount=366.68|msg=stock reserved
2026-07-28T19:30:51Z|checkout|WARN|order=11663|amount=360.51|msg=slow response from bank
2026-07-28T19:30:51Z|payment|INFO|order=50548|amount=22.08|msg=invoice generated
2026-07-28T19:30:52Z|stock|ERROR|order=20788|amount=118.57|msg=stock service unreachable
2026-07-28T19:30:54Z|checkout|INFO|order=16886|amount=144.62|msg=stock reserved
2026-07-28T19:30:55Z|payment|INFO|order=48193|amount=52.41|msg=stock reserved
2026-07-28T19:30:56Z|payment|INFO|order=95841|amount=43.56|msg=invoice generated
2026-07-28T19:30:57Z|payment|INFO|order=82575|amount=60.62|msg=checkout started
2026-07-28T19:30:57Z|checkout|INFO|order=31105|amount=309.18|msg=checkout started
2026-07-28T19:30:57Z|stock|INFO|order=19787|amount=308.17|msg=payment captured
2026-07-28T19:30:57Z|payment|INFO|order=84555|amount=161.50|msg=order confirmed
2026-07-28T19:30:58Z|payment|INFO|order=14370|amount=261.62|msg=checkout started
2026-07-28T19:30:59Z|checkout|INFO|order=57494|amount=21.30|msg=payment captured
2026-07-28T19:31:00Z|checkout|INFO|order=98036|amount=348.34|msg=checkout started
2026-07-28T19:31:01Z|stock|INFO|order=37450|amount=271.25|msg=invoice generated
2026-07-28T19:31:02Z|stock|INFO|order=88228|amount=391.15|msg=checkout started
2026-07-28T19:31:03Z|payment|INFO|order=33709|amount=161.70|msg=order confirmed
2026-07-28T19:31:03Z|checkout|ERROR|order=51509|amount=173.46|msg=stock service unreachable
2026-07-28T19:31:04Z|payment|WARN|order=82926|amount=67.77|msg=payment failed, cart preserved
2026-07-28T19:31:06Z|checkout|WARN|order=88425|amount=40.32|msg=retrying gateway call
2026-07-28T19:31:07Z|payment|INFO|order=51004|amount=52.56|msg=payment captured
2026-07-28T19:31:08Z|payment|ERROR|order=91404|amount=363.35|msg=card declined
2026-07-28T19:31:09Z|stock|INFO|order=94164|amount=242.40|msg=order confirmed
2026-07-28T19:31:09Z|checkout|WARN|order=59953|amount=213.33|msg=retrying gateway call
2026-07-28T19:31:11Z|payment|INFO|order=49065|amount=195.51|msg=checkout started
2026-07-28T19:31:11Z|stock|INFO|order=68744|amount=373.42|msg=checkout started
2026-07-28T19:31:12Z|checkout|ERROR|order=20004|amount=268.68|msg=order rollback
2026-07-28T19:31:12Z|stock|ERROR|order=25737|amount=181.29|msg=card declined
2026-07-28T19:31:13Z|checkout|INFO|order=88676|amount=313.30|msg=checkout started
2026-07-28T19:31:14Z|payment|INFO|order=38263|amount=129.42|msg=payment captured
2026-07-28T19:31:14Z|payment|INFO|order=39292|amount=100.46|msg=checkout started
2026-07-28T19:31:15Z|checkout|INFO|order=98430|amount=370.98|msg=stock reserved
2026-07-28T19:31:15Z|stock|ERROR|order=98793|amount=64.39|msg=card declined
2026-07-28T19:31:16Z|payment|WARN|order=61474|amount=252.29|msg=stock level low
2026-07-28T19:31:16Z|stock|INFO|order=25616|amount=48.18|msg=order confirmed
2026-07-28T19:31:17Z|checkout|INFO|order=12569|amount=294.43|msg=invoice generated
2026-07-28T19:31:18Z|payment|INFO|order=91303|amount=304.88|msg=stock reserved
2026-07-28T19:31:18Z|checkout|ERROR|order=62934|amount=79.98|msg=stock service unreachable
2026-07-28T19:31:19Z|checkout|INFO|order=24479|amount=302.80|msg=order confirmed
2026-07-28T19:31:19Z|checkout|INFO|order=84708|amount=277.48|msg=order confirmed
2026-07-28T19:31:20Z|checkout|ERROR|order=97089|amount=193.70|msg=order rollback
2026-07-28T19:31:21Z|payment|INFO|order=35597|amount=139.29|msg=invoice generated
2026-07-28T19:31:22Z|stock|ERROR|order=65005|amount=350.12|msg=gateway timeout after 30s
2026-07-28T19:31:22Z|stock|WARN|order=49196|amount=28.52|msg=retrying gateway call
2026-07-28T19:31:22Z|stock|INFO|order=88407|amount=185.46|msg=invoice generated
2026-07-28T19:31:23Z|payment|ERROR|order=|msg=
2026-07-28T19:31:24Z|checkout|INFO|order=24239|amount=79.36|msg=invoice generated
2026-07-28T19:31:25Z|stock|WARN|order=47181|amount=263.29|msg=retrying gateway call
2026-07-28T19:31:26Z|payment|ERROR|order=26532|amount=348.93|msg=card declined
2026-07-28T19:31:27Z|payment|INFO|order=70936|amount=378.33|msg=order confirmed
2026-07-28T19:31:27Z|payment|INFO|order=93645|amount=380.61|msg=invoice generated
2026-07-28T19:31:30Z|stock|INFO|order=46293|amount=208.18|msg=payment captured
2026-07-28T19:31:31Z|stock|INFO|order=92865|amount=14.68|msg=payment captured
2026-07-28T19:31:32Z|payment|ERROR|order=|msg=
2026-07-28T19:31:33Z|stock|INFO|order=18041|amount=373.48|msg=payment captured
2026-07-28T19:31:33Z|stock|WARN|order=69525|amount=193.93|msg=stock level low
2026-07-28T19:31:34Z|checkout|WARN|order=63496|amount=203.63|msg=slow response from bank
2026-07-28T19:31:34Z|stock|INFO|order=65337|amount=339.71|msg=checkout started
2026-07-28T19:31:34Z|stock|INFO|order=91472|amount=153.92|msg=stock reserved
2026-07-28T19:31:35Z|checkout|INFO|order=55193|amount=363.84|msg=invoice generated
2026-07-28T19:31:36Z|checkout|ERROR|order=38128|amount=349.63|msg=gateway timeout after 30s
2026-07-28T19:31:36Z|payment|INFO|order=43221|amount=109.72|msg=order confirmed
2026-07-28T19:31:36Z|checkout|INFO|order=57956|amount=341.48|msg=invoice generated
2026-07-28T19:31:37Z|payment|INFO|order=35817|amount=171.57|msg=stock reserved
2026-07-28T19:31:38Z|payment|INFO|order=52153|amount=48.44|msg=checkout started
2026-07-28T19:31:40Z|payment|WARN|order=92271|amount=336.50|msg=payment failed, cart preserved
2026-07-28T19:31:41Z|stock|ERROR|order=38805|amount=120.54|msg=stock service unreachable
2026-07-28T19:31:43Z|payment|INFO|order=68999|amount=312.82|msg=payment captured
2026-07-28T19:31:43Z|payment|WARN|order=49358|amount=392.03|msg=stock level low
2026-07-28T19:31:45Z|payment|INFO|order=17783|amount=321.07|msg=invoice generated
2026-07-28T19:31:46Z|stock|ERROR|order=37470|amount=169.09|msg=card declined
2026-07-28T19:31:47Z|stock|INFO|order=51353|amount=395.91|msg=stock reserved
2026-07-28T19:31:48Z|stock|INFO|order=14067|amount=384.96|msg=order confirmed
2026-07-28T19:31:49Z|payment|INFO|order=95504|amount=345.48|msg=checkout started
2026-07-28T19:31:49Z|checkout|INFO|order=81000|amount=265.24|msg=invoice generated
2026-07-28T19:31:50Z|payment|INFO|order=90025|amount=54.06|msg=checkout started
2026-07-28T19:31:50Z|payment|INFO|order=13847|amount=228.93|msg=checkout started
2026-07-28T19:31:51Z|payment|INFO|order=16618|amount=154.32|msg=invoice generated
2026-07-28T19:31:52Z|stock|INFO|order=11858|amount=303.18|msg=checkout started
2026-07-28T19:31:54Z|stock|ERROR|order=79031|amount=303.86|msg=card declined
2026-07-28T19:31:54Z|checkout|INFO|order=61860|amount=41.52|msg=invoice generated
2026-07-28T19:31:55Z|stock|INFO|order=62825|amount=83.90|msg=stock reserved
2026-07-28T19:31:55Z|payment|INFO|order=82246|amount=180.94|msg=invoice generated
2026-07-28T19:31:56Z|checkout|INFO|order=77075|amount=393.34|msg=checkout started
2026-07-28T19:31:56Z|checkout|INFO|order=18350|amount=362.71|msg=order confirmed
2026-07-28T19:31:57Z|checkout|INFO|order=78854|amount=63.65|msg=stock reserved
2026-07-28T19:31:57Z|payment|INFO|order=38320|amount=320.01|msg=checkout started
2026-07-28T19:31:57Z|checkout|INFO|order=25905|amount=215.00|msg=stock reserved
2026-07-28T19:31:58Z|checkout|ERROR|order=97461|amount=129.46|msg=stock service unreachable
2026-07-28T19:31:59Z|checkout|INFO|order=73442|amount=91.30|msg=order confirmed
2026-07-28T19:31:59Z|payment|INFO|order=85095|amount=215.78|msg=checkout started
2026-07-28T19:31:59Z|payment|INFO|order=19105|amount=58.79|msg=invoice generated
2026-07-28T19:32:00Z|checkout|WARN|order=64493|amount=393.97|msg=payment failed, cart preserved
2026-07-28T19:32:00Z|stock|ERROR|order=74736|amount=27.20|msg=order rollback
2026-07-28T19:32:00Z|checkout|INFO|order=57707|amount=267.29|msg=stock reserved
2026-07-28T19:32:01Z|checkout|ERROR|order=23117|amount=182.09|msg=card declined
2026-07-28T19:32:02Z|stock|INFO|order=76881|amount=162.18|msg=invoice generated
2026-07-28T19:32:02Z|payment|WARN|order=28907|amount=191.62|msg=stock level low
2026-07-28T19:32:04Z|payment|ERROR|order=54628|amount=237.55|msg=card declined
2026-07-28T19:32:05Z|stock|INFO|order=44671|amount=319.02|msg=stock reserved
2026-07-28T19:32:06Z|payment|INFO|order=18053|amount=322.11|msg=order confirmed
2026-07-28T19:32:08Z|stock|INFO|order=50878|amount=141.02|msg=payment captured
2026-07-28T19:32:08Z|payment|INFO|order=77762|amount=16.17|msg=stock reserved
2026-07-28T19:32:10Z|checkout|WARN|order=96792|amount=104.96|msg=retrying gateway call
2026-07-28T19:32:10Z|payment|INFO|order=44532|amount=231.53|msg=checkout started
2026-07-28T19:32:11Z|payment|INFO|order=54963|amount=368.90|msg=checkout started
2026-07-28T19:32:11Z|stock|INFO|order=25301|amount=271.65|msg=invoice generated
2026-07-28T19:32:12Z|payment|INFO|order=78522|amount=278.33|msg=order confirmed
2026-07-28T19:32:12Z|payment|INFO|order=71921|amount=211.67|msg=payment captured
2026-07-28T19:32:13Z|payment|INFO|order=18486|amount=61.59|msg=invoice generated
2026-07-28T19:32:13Z|checkout|INFO|order=63937|amount=58.91|msg=order confirmed
2026-07-28T19:32:13Z|payment|INFO|order=25444|amount=248.23|msg=payment captured
2026-07-28T19:32:14Z|checkout|INFO|order=90559|amount=161.22|msg=invoice generated
2026-07-28T19:32:15Z|payment|INFO|order=27441|amount=278.51|msg=stock reserved
2026-07-28T19:32:16Z|stock|WARN|order=45424|amount=222.07|msg=slow response from bank
2026-07-28T19:32:16Z|payment|INFO|order=59939|amount=366.45|msg=invoice generated
2026-07-28T19:32:17Z|stock|WARN|order=60760|amount=203.80|msg=stock level low
2026-07-28T19:32:18Z|stock|INFO|order=69412|amount=390.46|msg=checkout started
2026-07-28T19:32:18Z|stock|INFO|order=21006|amount=263.95|msg=stock reserved
2026-07-28T19:32:20Z|stock|INFO|order=28346|amount=329.91|msg=order confirmed
2026-07-28T19:32:20Z|checkout|INFO|order=64968|amount=336.74|msg=stock reserved
2026-07-28T19:32:21Z|stock|INFO|order=79790|amount=11.62|msg=stock reserved
2026-07-28T19:32:21Z|payment|INFO|order=69423|amount=42.14|msg=payment captured
2026-07-28T19:32:21Z|checkout|INFO|order=40883|amount=364.38|msg=order confirmed
2026-07-28T19:32:22Z|checkout|WARN|order=48563|amount=300.37|msg=stock level low
2026-07-28T19:32:22Z|checkout|INFO|order=36770|amount=211.23|msg=checkout started
2026-07-28T19:32:22Z|payment|ERROR|order=82235|amount=54.73|msg=order rollback
2026-07-28T19:32:23Z|stock|INFO|order=30620|amount=55.19|msg=invoice generated
2026-07-28T19:32:24Z|payment|WARN|order=91811|amount=147.51|msg=payment failed, cart preserved
2026-07-28T19:32:24Z|checkout|INFO|order=15895|amount=257.78|msg=payment captured
2026-07-28T19:32:24Z|checkout|WARN|order=29307|amount=141.51|msg=retrying gateway call
2026-07-28T19:32:25Z|stock|INFO|order=12061|amount=374.72|msg=invoice generated
2026-07-28T19:32:25Z|checkout|WARN|order=21842|amount=13.18|msg=retrying gateway call
2026-07-28T19:32:26Z|payment|INFO|order=78369|amount=171.47|msg=payment captured
2026-07-28T19:32:27Z|stock|WARN|order=59613|amount=29.14|msg=slow response from bank
2026-07-28T19:32:28Z|stock|INFO|order=89303|amount=247.76|msg=order confirmed
2026-07-28T19:32:29Z|stock|INFO|order=60152|amount=161.13|msg=order confirmed
2026-07-28T19:32:29Z|stock|INFO|order=45962|amount=301.05|msg=checkout started
2026-07-28T19:32:31Z|stock|INFO|order=34822|amount=149.95|msg=stock reserved
2026-07-28T19:32:31Z|checkout|INFO|order=98415|amount=99.34|msg=stock reserved
2026-07-28T19:32:32Z|payment|INFO|order=13616|amount=391.86|msg=order confirmed
2026-07-28T19:32:33Z|checkout|WARN|order=86877|amount=72.03|msg=stock level low
2026-07-28T19:32:34Z|stock|INFO|order=69147|amount=68.76|msg=invoice generated
2026-07-28T19:32:35Z|payment|INFO|order=31205|amount=74.73|msg=checkout started
2026-07-28T19:32:35Z|stock|INFO|order=84702|amount=30.64|msg=order confirmed
2026-07-28T19:32:37Z|checkout|INFO|order=43355|amount=133.89|msg=checkout started
2026-07-28T19:32:37Z|checkout|ERROR|order=30672|amount=396.45|msg=card declined
2026-07-28T19:32:38Z|checkout|INFO|order=37853|amount=84.19|msg=stock reserved
2026-07-28T19:32:38Z|stock|INFO|order=18380|amount=87.15|msg=stock reserved
2026-07-28T19:32:39Z|checkout|ERROR|order=29606|amount=31.53|msg=stock service unreachable
2026-07-28T19:32:39Z|payment|INFO|order=98594|amount=204.59|msg=order confirmed
2026-07-28T19:32:40Z|stock|INFO|order=39280|amount=391.72|msg=checkout started
2026-07-28T19:32:41Z|checkout|WARN|order=21789|amount=216.57|msg=payment failed, cart preserved
2026-07-28T19:32:42Z|payment|WARN|order=51213|amount=6.88|msg=slow response from bank
2026-07-28T19:32:43Z|stock|INFO|order=17715|amount=166.15|msg=invoice generated
2026-07-28T19:32:43Z|checkout|INFO|order=46251|amount=86.46|msg=order confirmed
2026-07-28T19:32:44Z|payment|INFO|order=42900|amount=361.78|msg=payment captured
2026-07-28T19:32:45Z|payment|INFO|order=13222|amount=164.35|msg=payment captured
2026-07-28T19:32:45Z|stock|INFO|order=71193|amount=325.82|msg=stock reserved
2026-07-28T19:32:46Z|stock|ERROR|order=90801|amount=279.85|msg=order rollback
2026-07-28T19:32:46Z|stock|INFO|order=72813|amount=162.27|msg=invoice generated
2026-07-28T19:32:47Z|checkout|WARN|order=34211|amount=344.51|msg=stock level low
2026-07-28T19:32:48Z|checkout|INFO|order=42118|amount=95.89|msg=stock reserved
2026-07-28T19:32:49Z|checkout|INFO|order=79482|amount=196.61|msg=invoice generated
2026-07-28T19:32:49Z|payment|INFO|order=75451|amount=243.87|msg=stock reserved
2026-07-28T19:32:49Z|checkout|WARN|order=68048|amount=155.00|msg=stock level low
2026-07-28T19:32:49Z|payment|INFO|order=32447|amount=40.91|msg=order confirmed
2026-07-28T19:32:50Z|stock|INFO|order=31753|amount=320.49|msg=invoice generated
2026-07-28T19:32:51Z|stock|INFO|order=88448|amount=285.76|msg=stock reserved
2026-07-28T19:32:55Z|stock|WARN|order=43181|amount=200.03|msg=payment failed, cart preserved
2026-07-28T19:32:56Z|checkout|INFO|order=70274|amount=279.18|msg=invoice generated
2026-07-28T19:32:56Z|stock|ERROR|order=69719|amount=376.87|msg=stock service unreachable
2026-07-28T19:32:56Z|checkout|ERROR|order=29640|amount=256.20|msg=order rollback
2026-07-28T19:33:00Z|stock|INFO|order=97089|amount=99.03|msg=payment captured
2026-07-28T19:33:01Z|payment|INFO|order=57825|amount=247.95|msg=invoice generated
2026-07-28T19:33:02Z|checkout|INFO|order=59454|amount=279.89|msg=invoice generated
2026-07-28T19:33:02Z|stock|INFO|order=19460|amount=145.14|msg=order confirmed
2026-07-28T19:33:03Z|checkout|INFO|order=12215|amount=271.70|msg=stock reserved
2026-07-28T19:33:03Z|stock|WARN|order=89936|amount=282.98|msg=slow response from bank
2026-07-28T19:33:03Z|checkout|INFO|order=38164|amount=178.05|msg=payment captured
2026-07-28T19:33:05Z|checkout|INFO|order=52923|amount=60.55|msg=checkout started
2026-07-28T19:33:06Z|payment|INFO|order=86300|amount=168.78|msg=checkout started
2026-07-28T19:33:07Z|payment|ERROR|order=84011|amount=339.23|msg=stock service unreachable
2026-07-28T19:33:08Z|payment|ERROR|order=48430|amount=385.38|msg=gateway timeout after 30s
2026-07-28T19:33:08Z|payment|INFO|order=81157|amount=23.66|msg=order confirmed
2026-07-28T19:33:08Z|payment|INFO|order=22201|amount=219.20|msg=payment captured
2026-07-28T19:33:09Z|checkout|INFO|order=67076|amount=294.82|msg=stock reserved
2026-07-28T19:33:10Z|payment|INFO|order=98244|amount=258.58|msg=stock reserved
2026-07-28T19:33:10Z|stock|ERROR|order=79628|amount=115.62|msg=gateway timeout after 30s
2026-07-28T19:33:11Z|payment|WARN|order=65016|amount=130.38|msg=slow response from bank
2026-07-28T19:33:12Z|stock|INFO|order=74638|amount=151.53|msg=payment captured
2026-07-28T19:33:15Z|stock|ERROR|order=85581|amount=22.88|msg=gateway timeout after 30s
2026-07-28T19:33:16Z|checkout|INFO|order=78332|amount=177.16|msg=payment captured
2026-07-28T19:33:16Z|payment|ERROR|order=10731|amount=154.39|msg=gateway timeout after 30s
2026-07-28T19:33:17Z|checkout|INFO|order=38551|amount=71.19|msg=stock reserved
2026-07-28T19:33:17Z|payment|ERROR|order=32823|amount=330.67|msg=stock service unreachable
2026-07-28T19:33:18Z|checkout|INFO|order=60813|amount=149.13|msg=checkout started
2026-07-28T19:33:18Z|checkout|INFO|order=12101|amount=316.97|msg=payment captured
2026-07-28T19:33:19Z|stock|INFO|order=71337|amount=226.54|msg=stock reserved
2026-07-28T19:33:19Z|stock|INFO|order=39822|amount=308.07|msg=checkout started
2026-07-28T19:33:20Z|stock|INFO|order=32121|amount=134.91|msg=stock reserved
2026-07-28T19:33:20Z|checkout|INFO|order=26557|amount=187.35|msg=invoice generated
2026-07-28T19:33:20Z|stock|INFO|order=59743|amount=111.88|msg=payment captured
2026-07-28T19:33:21Z|stock|ERROR|order=72778|amount=68.02|msg=gateway timeout after 30s
2026-07-28T19:33:22Z|stock|INFO|order=47611|amount=376.21|msg=order confirmed
2026-07-28T19:33:22Z|stock|INFO|order=40506|amount=132.47|msg=checkout started
2026-07-28T19:33:22Z|payment|INFO|order=31155|amount=318.35|msg=payment captured
2026-07-28T19:33:23Z|checkout|INFO|order=72906|amount=94.10|msg=payment captured
2026-07-28T19:33:23Z|stock|INFO|order=20763|amount=259.34|msg=invoice generated
2026-07-28T19:33:24Z|checkout|INFO|order=22715|amount=117.70|msg=order confirmed
2026-07-28T19:33:25Z|stock|ERROR|order=28381|amount=393.38|msg=card declined
2026-07-28T19:33:26Z|checkout|INFO|order=49345|amount=262.64|msg=stock reserved
2026-07-28T19:33:27Z|checkout|WARN|order=22551|amount=105.65|msg=payment failed, cart preserved
2026-07-28T19:33:27Z|payment|INFO|order=74489|amount=86.44|msg=checkout started
2026-07-28T19:33:28Z|payment|INFO|order=24249|amount=286.08|msg=stock reserved
2026-07-28T19:33:28Z|checkout|INFO|order=48857|amount=92.68|msg=stock reserved
2026-07-28T19:33:28Z|checkout|INFO|order=86174|amount=367.81|msg=checkout started
2026-07-28T19:33:29Z|checkout|INFO|order=12801|amount=229.62|msg=order confirmed
2026-07-28T19:33:30Z|stock|INFO|order=71499|amount=89.11|msg=checkout started
2026-07-28T19:33:30Z|stock|INFO|order=25274|amount=44.47|msg=checkout started
2026-07-28T19:33:30Z|checkout|INFO|order=68887|amount=206.84|msg=payment captured
2026-07-28T19:33:31Z|payment|WARN|order=70116|amount=217.57|msg=slow response from bank
2026-07-28T19:33:33Z|payment|WARN|order=16514|amount=54.95|msg=retrying gateway call
2026-07-28T19:33:34Z|payment|ERROR|order=69098|amount=353.76|msg=stock service unreachable
2026-07-28T19:33:35Z|payment|ERROR|order=|msg=
2026-07-28T19:33:35Z|payment|INFO|order=39323|amount=221.90|msg=order confirmed
2026-07-28T19:33:36Z|payment|INFO|order=27133|amount=172.16|msg=checkout started
2026-07-28T19:33:37Z|checkout|INFO|order=87078|amount=239.50|msg=stock reserved
2026-07-28T19:33:37Z|checkout|INFO|order=42723|amount=282.99|msg=stock reserved
2026-07-28T19:33:38Z|stock|INFO|order=62501|amount=395.50|msg=order confirmed
2026-07-28T19:33:38Z|payment|INFO|order=19070|amount=99.09|msg=payment captured
2026-07-28T19:33:39Z|stock|INFO|order=39386|amount=265.46|msg=stock reserved
2026-07-28T19:33:40Z|checkout|INFO|order=69271|amount=183.17|msg=order confirmed
2026-07-28T19:33:41Z|checkout|INFO|order=67015|amount=234.36|msg=order confirmed
2026-07-28T19:33:41Z|stock|WARN|order=32421|amount=161.90|msg=slow response from bank
2026-07-28T19:33:42Z|payment|INFO|order=57964|amount=169.54|msg=payment captured
2026-07-28T19:33:43Z|stock|WARN|order=50199|amount=336.58|msg=stock level low
2026-07-28T19:33:43Z|stock|ERROR|order=91645|amount=167.71|msg=gateway timeout after 30s
2026-07-28T19:33:43Z|payment|INFO|order=25312|amount=210.18|msg=payment captured
2026-07-28T19:33:44Z|payment|INFO|order=27614|amount=7.97|msg=stock reserved
2026-07-28T19:33:44Z|stock|INFO|order=86300|amount=180.02|msg=checkout started
2026-07-28T19:33:46Z|checkout|INFO|order=79206|amount=364.65|msg=stock reserved
2026-07-28T19:33:46Z|stock|WARN|order=25921|amount=165.50|msg=payment failed, cart preserved
2026-07-28T19:33:47Z|stock|ERROR|order=39988|amount=342.90|msg=stock service unreachable
2026-07-28T19:33:48Z|stock|INFO|order=16847|amount=337.05|msg=stock reserved
2026-07-28T19:33:48Z|stock|INFO|order=13027|amount=315.05|msg=stock reserved
2026-07-28T19:33:49Z|checkout|WARN|order=67908|amount=178.24|msg=payment failed, cart preserved
2026-07-28T19:33:50Z|payment|WARN|order=91399|amount=258.05|msg=slow response from bank
2026-07-28T19:33:52Z|checkout|WARN|order=43479|amount=219.04|msg=retrying gateway call
2026-07-28T19:33:53Z|payment|INFO|order=72817|amount=169.61|msg=payment captured
2026-07-28T19:33:53Z|payment|INFO|order=56444|amount=187.44|msg=order confirmed
2026-07-28T19:33:54Z|checkout|INFO|order=45820|amount=46.10|msg=checkout started
2026-07-28T19:33:54Z|checkout|WARN|order=95625|amount=284.89|msg=retrying gateway call
2026-07-28T19:33:55Z|stock|INFO|order=41775|amount=89.60|msg=checkout started
2026-07-28T19:33:55Z|checkout|WARN|order=52899|amount=110.68|msg=retrying gateway call
2026-07-28T19:33:55Z|stock|INFO|order=60095|amount=65.11|msg=payment captured
2026-07-28T19:33:55Z|stock|ERROR|order=29060|amount=285.40|msg=card declined
2026-07-28T19:33:56Z|payment|INFO|order=13465|amount=110.42|msg=payment captured
2026-07-28T19:33:56Z|stock|INFO|order=13570|amount=12.34|msg=payment captured
2026-07-28T19:33:56Z|payment|ERROR|order=|msg=
2026-07-28T19:33:57Z|stock|WARN|order=15049|amount=197.42|msg=retrying gateway call
2026-07-28T19:33:57Z|checkout|WARN|order=13690|amount=187.06|msg=retrying gateway call
2026-07-28T19:33:58Z|stock|INFO|order=29142|amount=248.80|msg=payment captured
2026-07-28T19:33:58Z|checkout|INFO|order=31536|amount=128.61|msg=stock reserved
2026-07-28T19:33:58Z|payment|ERROR|order=15381|amount=384.23|msg=card declined
2026-07-28T19:33:59Z|payment|INFO|order=29467|amount=62.93|msg=order confirmed
2026-07-28T19:33:59Z|stock|INFO|order=42527|amount=230.96|msg=stock reserved
2026-07-28T19:34:00Z|stock|ERROR|order=28171|amount=35.13|msg=stock service unreachable
2026-07-28T19:34:00Z|payment|INFO|order=56211|amount=218.64|msg=payment captured
2026-07-28T19:34:01Z|checkout|INFO|order=58265|amount=399.64|msg=stock reserved
2026-07-28T19:34:02Z|checkout|INFO|order=94540|amount=219.99|msg=payment captured
2026-07-28T19:34:03Z|checkout|INFO|order=23712|amount=197.75|msg=checkout started
2026-07-28T19:34:03Z|payment|FATAL-OOM
2026-07-28T19:34:05Z|payment|WARN|order=15128|amount=279.14|msg=stock level low
2026-07-28T19:34:05Z|stock|INFO|order=88266|amount=192.86|msg=payment captured
2026-07-28T19:34:06Z|payment|INFO|order=95028|amount=230.54|msg=stock reserved
2026-07-28T19:34:06Z|payment|ERROR|order=|msg=
2026-07-28T19:34:08Z|payment|ERROR|order=65515|amount=231.06|msg=card declined
2026-07-28T19:34:08Z|checkout|INFO|order=72029|amount=211.97|msg=order confirmed
2026-07-28T19:34:08Z|payment|INFO|order=33751|amount=243.78|msg=order confirmed
2026-07-28T19:34:09Z|stock|INFO|order=71806|amount=50.44|msg=payment captured
2026-07-28T19:34:10Z|payment|FATAL-OOM
2026-07-28T19:34:10Z|payment|INFO|order=19389|amount=102.00|msg=order confirmed
2026-07-28T19:34:12Z|stock|INFO|order=60889|amount=121.54|msg=order confirmed
2026-07-28T19:34:12Z|stock|INFO|order=98106|amount=200.45|msg=invoice generated
2026-07-28T19:34:13Z|stock|INFO|order=11429|amount=83.49|msg=order confirmed
2026-07-28T19:34:13Z|stock|ERROR|order=34052|amount=153.17|msg=card declined
2026-07-28T19:34:14Z|stock|ERROR|order=21232|amount=220.23|msg=order rollback
2026-07-28T19:34:15Z|checkout|INFO|order=61848|amount=208.67|msg=stock reserved
2026-07-28T19:34:15Z|stock|ERROR|order=97996|amount=249.06|msg=gateway timeout after 30s
2026-07-28T19:34:15Z|stock|INFO|order=25267|amount=207.97|msg=checkout started
2026-07-28T19:34:16Z|stock|INFO|order=27056|amount=11.82|msg=stock reserved
2026-07-28T19:34:16Z|stock|INFO|order=93287|amount=295.28|msg=invoice generated
2026-07-28T19:34:19Z|checkout|INFO|order=58004|amount=146.11|msg=payment captured
2026-07-28T19:34:20Z|stock|INFO|order=24925|amount=391.78|msg=payment captured
2026-07-28T19:34:20Z|checkout|INFO|order=34271|amount=282.12|msg=stock reserved
2026-07-28T19:34:23Z|stock|INFO|order=34177|amount=158.99|msg=order confirmed
2026-07-28T19:34:23Z|payment|WARN|order=32897|amount=320.29|msg=payment failed, cart preserved
2026-07-28T19:34:24Z|checkout|INFO|order=25909|amount=333.40|msg=stock reserved
2026-07-28T19:34:25Z|checkout|INFO|order=90249|amount=299.82|msg=payment captured
2026-07-28T19:34:26Z|payment|ERROR|order=65895|amount=237.44|msg=stock service unreachable
2026-07-28T19:34:27Z|payment|INFO|order=43758|amount=97.22|msg=checkout started
2026-07-28T19:34:27Z|payment|INFO|order=65641|amount=254.82|msg=invoice generated
2026-07-28T19:34:28Z|payment|INFO|order=48875|amount=51.87|msg=checkout started
2026-07-28T19:34:29Z|payment|INFO|order=51408|amount=138.94|msg=order confirmed
2026-07-28T19:34:30Z|checkout|INFO|order=45318|amount=167.53|msg=invoice generated
2026-07-28T19:34:30Z|stock|INFO|order=62879|amount=371.79|msg=invoice generated
2026-07-28T19:34:31Z|stock|INFO|order=25356|amount=134.86|msg=order confirmed
2026-07-28T19:34:31Z|checkout|INFO|order=92428|amount=128.46|msg=stock reserved
2026-07-28T19:34:32Z|checkout|INFO|order=82464|amount=47.02|msg=invoice generated
2026-07-28T19:34:32Z|stock|ERROR|order=88778|amount=222.47|msg=order rollback
2026-07-28T19:34:32Z|payment|INFO|order=81028|amount=22.49|msg=invoice generated
2026-07-28T19:34:33Z|payment|INFO|order=79008|amount=226.02|msg=order confirmed
2026-07-28T19:34:33Z|payment|WARN|order=63602|amount=214.64|msg=payment failed, cart preserved
2026-07-28T19:34:34Z|checkout|INFO|order=27837|amount=291.65|msg=invoice generated
2026-07-28T19:34:34Z|stock|WARN|order=99738|amount=197.44|msg=retrying gateway call
2026-07-28T19:34:35Z|checkout|WARN|order=31209|amount=42.44|msg=slow response from bank
2026-07-28T19:34:36Z|stock|INFO|order=23036|amount=119.74|msg=payment captured
2026-07-28T19:34:38Z|payment|INFO|order=84895|amount=228.16|msg=invoice generated
2026-07-28T19:34:38Z|stock|INFO|order=32938|amount=259.31|msg=order confirmed
2026-07-28T19:34:38Z|payment|WARN|order=75419|amount=223.33|msg=stock level low
2026-07-28T19:34:40Z|payment|ERROR|order=88496|amount=102.29|msg=card declined
2026-07-28T19:34:41Z|payment|ERROR|order=75581|amount=61.70|msg=gateway timeout after 30s
2026-07-28T19:34:42Z|payment|INFO|order=39789|amount=300.02|msg=invoice generated
2026-07-28T19:34:42Z|checkout|INFO|order=66502|amount=274.86|msg=checkout started
2026-07-28T19:34:43Z|payment|INFO|order=84796|amount=314.15|msg=stock reserved
2026-07-28T19:34:44Z|stock|INFO|order=53604|amount=82.32|msg=order confirmed
2026-07-28T19:34:44Z|payment|WARN|order=48911|amount=141.29|msg=slow response from bank
2026-07-28T19:34:45Z|checkout|INFO|order=82621|amount=76.28|msg=payment captured
2026-07-28T19:34:46Z|stock|WARN|order=18593|amount=88.30|msg=stock level low
2026-07-28T19:34:46Z|payment|WARN|order=95710|amount=312.32|msg=retrying gateway call
2026-07-28T19:34:47Z|payment|INFO|order=49113|amount=166.80|msg=payment captured
2026-07-28T19:34:47Z|stock|INFO|order=36563|amount=251.27|msg=order confirmed
2026-07-28T19:34:47Z|checkout|INFO|order=11605|amount=236.27|msg=invoice generated
2026-07-28T19:34:48Z|stock|WARN|order=97279|amount=212.29|msg=stock level low
2026-07-28T19:34:49Z|payment|WARN|order=18739|amount=216.18|msg=payment failed, cart preserved
2026-07-28T19:34:49Z|payment|ERROR|order=35212|amount=133.35|msg=order rollback
2026-07-28T19:34:50Z|stock|INFO|order=75996|amount=340.65|msg=payment captured
2026-07-28T19:34:51Z|checkout|INFO|order=44269|amount=89.50|msg=payment captured
2026-07-28T19:34:52Z|checkout|INFO|order=74376|amount=22.11|msg=payment captured
2026-07-28T19:34:54Z|stock|WARN|order=29552|amount=165.01|msg=stock level low
2026-07-28T19:34:54Z|payment|INFO|order=68463|amount=388.81|msg=order confirmed
2026-07-28T19:34:54Z|stock|ERROR|order=43844|amount=379.64|msg=order rollback
2026-07-28T19:34:54Z|stock|WARN|order=55345|amount=129.59|msg=payment failed, cart preserved
2026-07-28T19:34:55Z|stock|INFO|order=56412|amount=49.37|msg=checkout started
2026-07-28T19:34:57Z|stock|INFO|order=86072|amount=336.49|msg=stock reserved
2026-07-28T19:34:57Z|payment|ERROR|order=61809|amount=389.36|msg=gateway timeout after 30s
2026-07-28T19:34:57Z|stock|ERROR|order=77474|amount=65.89|msg=card declined
2026-07-28T19:34:58Z|payment|INFO|order=42706|amount=200.79|msg=checkout started
2026-07-28T19:34:59Z|stock|INFO|order=74251|amount=110.56|msg=order confirmed
2026-07-28T19:35:00Z|checkout|INFO|order=71370|amount=5.36|msg=order confirmed
2026-07-28T19:35:02Z|payment|INFO|order=53744|amount=82.80|msg=invoice generated
2026-07-28T19:35:03Z|payment|ERROR|order=76830|amount=113.05|msg=stock service unreachable
2026-07-28T19:35:04Z|stock|ERROR|order=16172|amount=170.05|msg=card declined
2026-07-28T19:35:04Z|payment|INFO|order=99680|amount=264.45|msg=payment captured
2026-07-28T19:35:04Z|stock|INFO|order=33560|amount=210.78|msg=stock reserved
2026-07-28T19:35:05Z|checkout|INFO|order=71657|amount=103.00|msg=order confirmed
2026-07-28T19:35:05Z|payment|INFO|order=39182|amount=274.68|msg=checkout started
2026-07-28T19:35:05Z|checkout|INFO|order=36028|amount=269.72|msg=order confirmed
2026-07-28T19:35:06Z|payment|ERROR|order=|msg=
2026-07-28T19:35:06Z|stock|INFO|order=53812|amount=94.56|msg=payment captured
2026-07-28T19:35:07Z|stock|INFO|order=37419|amount=243.75|msg=order confirmed
2026-07-28T19:35:07Z|stock|INFO|order=46463|amount=240.54|msg=order confirmed
2026-07-28T19:35:07Z|checkout|INFO|order=63723|amount=213.89|msg=order confirmed
2026-07-28T19:35:08Z|stock|INFO|order=12477|amount=274.64|msg=stock reserved
2026-07-28T19:35:08Z|payment|INFO|order=41334|amount=204.16|msg=checkout started
2026-07-28T19:35:08Z|checkout|INFO|order=48829|amount=378.31|msg=payment captured
2026-07-28T19:35:09Z|checkout|INFO|order=67125|amount=88.99|msg=order confirmed
2026-07-28T19:35:10Z|stock|INFO|order=54171|amount=94.51|msg=payment captured
2026-07-28T19:35:11Z|checkout|ERROR|order=96641|amount=57.59|msg=card declined
2026-07-28T19:35:11Z|stock|INFO|order=64761|amount=24.74|msg=order confirmed
2026-07-28T19:35:13Z|checkout|INFO|order=17953|amount=241.85|msg=payment captured
2026-07-28T19:35:13Z|stock|INFO|order=55577|amount=226.52|msg=stock reserved
2026-07-28T19:35:14Z|stock|INFO|order=60256|amount=230.92|msg=stock reserved
2026-07-28T19:35:15Z|payment|INFO|order=18610|amount=112.48|msg=stock reserved
2026-07-28T19:35:15Z|stock|WARN|order=63043|amount=110.79|msg=payment failed, cart preserved
2026-07-28T19:35:16Z|stock|INFO|order=81803|amount=174.61|msg=checkout started
2026-07-28T19:35:16Z|payment|INFO|order=89914|amount=374.25|msg=stock reserved
2026-07-28T19:35:17Z|checkout|WARN|order=90909|amount=378.47|msg=stock level low
2026-07-28T19:35:19Z|stock|INFO|order=54171|amount=104.57|msg=checkout started
2026-07-28T19:35:20Z|checkout|INFO|order=75857|amount=348.68|msg=invoice generated
2026-07-28T19:35:21Z|payment|INFO|order=32965|amount=30.76|msg=payment captured
2026-07-28T19:35:22Z|stock|INFO|order=64298|amount=129.21|msg=stock reserved
2026-07-28T19:35:22Z|checkout|WARN|order=24543|amount=352.38|msg=retrying gateway call
2026-07-28T19:35:23Z|checkout|INFO|order=41250|amount=42.25|msg=checkout started
2026-07-28T19:35:23Z|stock|ERROR|order=25791|amount=321.89|msg=gateway timeout after 30s
2026-07-28T19:35:23Z|stock|ERROR|order=43516|amount=387.21|msg=card declined
2026-07-28T19:35:24Z|checkout|INFO|order=30549|amount=36.06|msg=invoice generated
2026-07-28T19:35:25Z|stock|ERROR|order=98444|amount=378.74|msg=order rollback
2026-07-28T19:35:25Z|stock|ERROR|order=82024|amount=205.34|msg=card declined
2026-07-28T19:35:27Z|checkout|INFO|order=66938|amount=51.34|msg=payment captured
2026-07-28T19:35:27Z|stock|INFO|order=59702|amount=241.37|msg=invoice generated
2026-07-28T19:35:27Z|stock|ERROR|order=67053|amount=181.77|msg=card declined
2026-07-28T19:35:28Z|checkout|INFO|order=20372|amount=108.36|msg=invoice generated
2026-07-28T19:35:29Z|payment|INFO|order=48616|amount=397.64|msg=order confirmed
2026-07-28T19:35:30Z|payment|WARN|order=65318|amount=266.63|msg=slow response from bank
2026-07-28T19:35:30Z|payment|INFO|order=22009|amount=59.28|msg=stock reserved
2026-07-28T19:35:31Z|checkout|INFO|order=34548|amount=354.39|msg=checkout started
2026-07-28T19:35:31Z|checkout|INFO|order=62643|amount=100.58|msg=stock reserved
2026-07-28T19:35:32Z|stock|ERROR|order=65292|amount=238.50|msg=gateway timeout after 30s
2026-07-28T19:35:34Z|checkout|ERROR|order=84953|amount=73.69|msg=card declined
2026-07-28T19:35:34Z|checkout|ERROR|order=87501|amount=154.18|msg=card declined
2026-07-28T19:35:35Z|checkout|INFO|order=79819|amount=199.35|msg=checkout started
2026-07-28T19:35:35Z|payment|INFO|order=66530|amount=303.62|msg=stock reserved
2026-07-28T19:35:35Z|payment|INFO|order=51538|amount=186.47|msg=invoice generated
2026-07-28T19:35:36Z|checkout|INFO|order=80757|amount=118.29|msg=invoice generated
2026-07-28T19:35:38Z|stock|WARN|order=96689|amount=107.70|msg=slow response from bank
2026-07-28T19:35:38Z|payment|INFO|order=10442|amount=307.83|msg=stock reserved
2026-07-28T19:35:38Z|stock|INFO|order=92864|amount=358.62|msg=checkout started
2026-07-28T19:35:39Z|payment|ERROR|order=77975|amount=144.33|msg=card declined
2026-07-28T19:35:39Z|checkout|INFO|order=98548|amount=105.70|msg=stock reserved
2026-07-28T19:35:39Z|payment|ERROR|order=|msg=
2026-07-28T19:35:40Z|stock|INFO|order=48580|amount=56.11|msg=payment captured
2026-07-28T19:35:40Z|stock|ERROR|order=86712|amount=99.36|msg=stock service unreachable
2026-07-28T19:35:41Z|payment|INFO|order=35587|amount=183.62|msg=checkout started
2026-07-28T19:35:41Z|stock|ERROR|order=12210|amount=13.24|msg=stock service unreachable
2026-07-28T19:35:42Z|checkout|INFO|order=18986|amount=367.16|msg=payment captured
2026-07-28T19:35:42Z|stock|WARN|order=15576|amount=164.10|msg=retrying gateway call
2026-07-28T19:35:43Z|stock|WARN|order=37729|amount=169.90|msg=payment failed, cart preserved
2026-07-28T19:35:43Z|stock|INFO|order=11739|amount=142.93|msg=invoice generated
2026-07-28T19:35:45Z|stock|WARN|order=27543|amount=273.16|msg=payment failed, cart preserved
2026-07-28T19:35:46Z|checkout|INFO|order=99135|amount=146.24|msg=order confirmed
2026-07-28T19:35:48Z|stock|INFO|order=33341|amount=39.77|msg=checkout started
2026-07-28T19:35:48Z|stock|ERROR|order=31563|amount=207.53|msg=gateway timeout after 30s
2026-07-28T19:35:49Z|stock|INFO|order=88370|amount=129.18|msg=checkout started
2026-07-28T19:35:50Z|checkout|INFO|order=77770|amount=241.21|msg=order confirmed
2026-07-28T19:35:50Z|payment|WARN|order=89635|amount=372.52|msg=slow response from bank
2026-07-28T19:35:51Z|payment|ERROR|order=73027|amount=315.15|msg=stock service unreachable
2026-07-28T19:35:53Z|stock|INFO|order=35460|amount=282.13|msg=payment captured
2026-07-28T19:35:53Z|payment|INFO|order=34333|amount=82.00|msg=checkout started
2026-07-28T19:35:53Z|stock|INFO|order=99143|amount=194.81|msg=payment captured
2026-07-28T19:35:54Z|checkout|ERROR|order=38102|amount=381.88|msg=card declined
2026-07-28T19:35:56Z|checkout|WARN|order=74058|amount=377.32|msg=payment failed, cart preserved
2026-07-28T19:35:56Z|checkout|INFO|order=86966|amount=326.55|msg=checkout started
2026-07-28T19:35:56Z|payment|INFO|order=31919|amount=309.61|msg=stock reserved
2026-07-28T19:35:57Z|stock|INFO|order=43461|amount=302.91|msg=invoice generated
2026-07-28T19:35:58Z|payment|INFO|order=75072|amount=375.33|msg=invoice generated
2026-07-28T19:35:58Z|payment|INFO|order=94649|amount=29.50|msg=checkout started
2026-07-28T19:35:59Z|payment|WARN|order=72108|amount=78.80|msg=stock level low
2026-07-28T19:36:02Z|checkout|INFO|order=58190|amount=189.30|msg=stock reserved
2026-07-28T19:36:02Z|stock|INFO|order=81921|amount=179.48|msg=order confirmed
2026-07-28T19:36:02Z|checkout|INFO|order=73051|amount=118.62|msg=payment captured
2026-07-28T19:36:03Z|checkout|INFO|order=23829|amount=91.57|msg=invoice generated
2026-07-28T19:36:03Z|checkout|WARN|order=28328|amount=202.73|msg=payment failed, cart preserved
2026-07-28T19:36:04Z|stock|INFO|order=97729|amount=74.19|msg=payment captured
null
2026-07-28T19:36:04Z|checkout|ERROR|order=40786|amount=75.45|msg=order rollback
2026-07-28T19:36:05Z|checkout|INFO|order=36550|amount=390.12|msg=checkout started
2026-07-28T19:36:06Z|stock|INFO|order=36728|amount=327.80|msg=stock reserved
2026-07-28T19:36:07Z|checkout|INFO|order=44233|amount=280.00|msg=invoice generated
2026-07-28T19:36:07Z|payment|INFO|order=37485|amount=258.21|msg=checkout started
2026-07-28T19:36:08Z|payment|ERROR|order=22010|amount=157.73|msg=stock service unreachable
2026-07-28T19:36:09Z|stock|INFO|order=84349|amount=142.42|msg=stock reserved
2026-07-28T19:36:10Z|stock|INFO|order=40546|amount=372.98|msg=checkout started
2026-07-28T19:36:10Z|stock|INFO|order=71087|amount=249.01|msg=checkout started
2026-07-28T19:36:11Z|stock|INFO|order=13034|amount=262.07|msg=stock reserved
2026-07-28T19:36:11Z|stock|WARN|order=66182|amount=144.46|msg=retrying gateway call
2026-07-28T19:36:12Z|checkout|WARN|order=90962|amount=122.55|msg=slow response from bank
2026-07-28T19:36:12Z|payment|INFO|order=11240|amount=281.79|msg=stock reserved
2026-07-28T19:36:13Z|stock|INFO|order=86461|amount=10.05|msg=invoice generated
2026-07-28T19:36:14Z|checkout|INFO|order=31430|amount=83.39|msg=payment captured
2026-07-28T19:36:14Z|checkout|WARN|order=96064|amount=385.18|msg=retrying gateway call
2026-07-28T19:36:14Z|stock|INFO|order=83966|amount=155.41|msg=invoice generated
2026-07-28T19:36:15Z|stock|INFO|order=47730|amount=26.14|msg=checkout started
2026-07-28T19:36:15Z|checkout|WARN|order=76971|amount=268.34|msg=slow response from bank
2026-07-28T19:36:15Z|payment|INFO|order=44731|amount=260.14|msg=payment captured
2026-07-28T19:36:16Z|stock|INFO|order=75119|amount=236.71|msg=order confirmed
2026-07-28T19:36:17Z|checkout|ERROR|order=99724|amount=265.34|msg=order rollback
2026-07-28T19:36:17Z|payment|WARN|order=92272|amount=269.89|msg=payment failed, cart preserved
2026-07-28T19:36:18Z|payment|INFO|order=56868|amount=30.51|msg=checkout started
2026-07-28T19:36:18Z|checkout|INFO|order=40616|amount=313.32|msg=invoice generated
2026-07-28T19:36:18Z|stock|WARN|order=22426|amount=350.05|msg=retrying gateway call
2026-07-28T19:36:19Z|payment|FATAL-OOM
2026-07-28T19:36:22Z|payment|INFO|order=59614|amount=165.07|msg=payment captured
2026-07-28T19:36:22Z|checkout|ERROR|order=18799|amount=25.60|msg=order rollback
2026-07-28T19:36:23Z|checkout|INFO|order=40743|amount=39.04|msg=payment captured
2026-07-28T19:36:24Z|payment|ERROR|order=65135|amount=171.46|msg=card declined
2026-07-28T19:36:24Z|checkout|ERROR|order=15648|amount=315.96|msg=card declined
2026-07-28T19:36:24Z|checkout|WARN|order=84614|amount=232.33|msg=retrying gateway call
2026-07-28T19:36:25Z|payment|WARN|order=89237|amount=367.22|msg=slow response from bank
2026-07-28T19:36:25Z|stock|INFO|order=37782|amount=99.04|msg=payment captured
2026-07-28T19:36:25Z|payment|INFO|order=45126|amount=70.42|msg=checkout started
2026-07-28T19:36:26Z|stock|INFO|order=19053|amount=171.74|msg=invoice generated
2026-07-28T19:36:26Z|stock|INFO|order=98533|amount=224.48|msg=payment captured
2026-07-28T19:36:26Z|stock|INFO|order=69825|amount=302.15|msg=stock reserved
2026-07-28T19:36:26Z|checkout|INFO|order=29840|amount=109.94|msg=invoice generated
2026-07-28T19:36:27Z|payment|INFO|order=79278|amount=344.30|msg=stock reserved
2026-07-28T19:36:27Z|payment|INFO|order=12994|amount=375.10|msg=stock reserved
2026-07-28T19:36:28Z|checkout|INFO|order=22368|amount=19.00|msg=invoice generated
2026-07-28T19:36:29Z|checkout|INFO|order=42995|amount=67.39|msg=stock reserved
2026-07-28T19:36:30Z|checkout|INFO|order=67005|amount=272.00|msg=invoice generated
2026-07-28T19:36:31Z|checkout|ERROR|order=24050|amount=220.27|msg=stock service unreachable
2026-07-28T19:36:32Z|stock|INFO|order=13968|amount=13.29|msg=order confirmed
2026-07-28T19:36:33Z|stock|INFO|order=14064|amount=237.62|msg=payment captured
2026-07-28T19:36:33Z|payment|ERROR|order=96387|amount=399.47|msg=order rollback
2026-07-28T19:36:33Z|payment|INFO|order=25580|amount=218.92|msg=invoice generated
2026-07-28T19:36:35Z|stock|INFO|order=94462|amount=375.57|msg=checkout started
2026-07-28T19:36:36Z|payment|INFO|order=74914|amount=211.56|msg=stock reserved
2026-07-28T19:36:37Z|checkout|INFO|order=77324|amount=157.58|msg=stock reserved
2026-07-28T19:36:38Z|payment|ERROR|order=27213|amount=190.02|msg=order rollback
2026-07-28T19:36:38Z|checkout|INFO|order=26633|amount=242.25|msg=checkout started
2026-07-28T19:36:38Z|stock|INFO|order=16182|amount=60.97|msg=checkout started
2026-07-28T19:36:38Z|checkout|INFO|order=66532|amount=296.44|msg=stock reserved
2026-07-28T19:36:39Z|stock|INFO|order=15346|amount=230.76|msg=invoice generated
2026-07-28T19:36:40Z|stock|INFO|order=52395|amount=93.54|msg=invoice generated
2026-07-28T19:36:40Z|stock|INFO|order=90991|amount=198.30|msg=payment captured
2026-07-28T19:36:41Z|stock|INFO|order=14069|amount=40.32|msg=checkout started
2026-07-28T19:36:41Z|payment|INFO|order=32905|amount=119.03|msg=order confirmed
2026-07-28T19:36:41Z|stock|ERROR|order=28501|amount=27.32|msg=stock service unreachable
2026-07-28T19:36:42Z|checkout|WARN|order=73598|amount=135.46|msg=stock level low
2026-07-28T19:36:42Z|stock|INFO|order=47910|amount=222.46|msg=payment captured
2026-07-28T19:36:43Z|stock|WARN|order=51726|amount=124.63|msg=slow response from bank
2026-07-28T19:36:44Z|stock|WARN|order=79383|amount=268.39|msg=slow response from bank
2026-07-28T19:36:44Z|payment|ERROR|order=53259|amount=7.71|msg=card declined
2026-07-28T19:36:45Z|checkout|INFO|order=76164|amount=349.33|msg=stock reserved
2026-07-28T19:36:47Z|payment|INFO|order=61368|amount=383.36|msg=checkout started
2026-07-28T19:36:48Z|stock|INFO|order=25791|amount=28.23|msg=payment captured
2026-07-28T19:36:48Z|stock|INFO|order=65076|amount=217.88|msg=stock reserved
2026-07-28T19:36:50Z|stock|INFO|order=88396|amount=17.32|msg=invoice generated
2026-07-28T19:36:52Z|checkout|ERROR|order=98314|amount=233.27|msg=stock service unreachable
2026-07-28T19:36:53Z|payment|WARN|order=12827|amount=139.34|msg=payment failed, cart preserved
2026-07-28T19:36:53Z|checkout|INFO|order=80212|amount=275.48|msg=invoice generated
2026-07-28T19:36:54Z|checkout|INFO|order=78823|amount=156.81|msg=stock reserved
2026-07-28T19:36:55Z|checkout|INFO|order=53118|amount=341.87|msg=payment captured
2026-07-28T19:36:55Z|payment|INFO|order=97894|amount=366.94|msg=checkout started
2026-07-28T19:36:55Z|stock|INFO|order=87821|amount=372.70|msg=order confirmed
2026-07-28T19:36:56Z|stock|INFO|order=80029|amount=33.11|msg=order confirmed
2026-07-28T19:36:56Z|checkout|INFO|order=23531|amount=138.60|msg=order confirmed
2026-07-28T19:36:56Z|stock|INFO|order=78345|amount=36.07|msg=order confirmed
2026-07-28T19:36:57Z|checkout|ERROR|order=47631|amount=171.03|msg=stock service unreachable
2026-07-28T19:37:00Z|stock|INFO|order=16622|amount=97.39|msg=stock reserved
2026-07-28T19:37:00Z|stock|WARN|order=30198|amount=79.79|msg=slow response from bank
2026-07-28T19:37:01Z|stock|WARN|order=13757|amount=236.64|msg=retrying gateway call
2026-07-28T19:37:01Z|stock|INFO|order=24801|amount=118.02|msg=checkout started
2026-07-28T19:37:02Z|payment|INFO|order=53187|amount=78.79|msg=payment captured
2026-07-28T19:37:02Z|checkout|WARN|order=14690|amount=326.04|msg=retrying gateway call
2026-07-28T19:37:03Z|payment|WARN|order=46868|amount=155.00|msg=slow response from bank
2026-07-28T19:37:03Z|checkout|WARN|order=89906|amount=355.86|msg=payment failed, cart preserved
2026-07-28T19:37:05Z|checkout|ERROR|order=94844|amount=228.33|msg=order rollback
2026-07-28T19:37:06Z|checkout|INFO|order=39357|amount=233.99|msg=order confirmed
2026-07-28T19:37:06Z|payment|INFO|order=84113|amount=25.97|msg=stock reserved
2026-07-28T19:37:06Z|checkout|WARN|order=66157|amount=310.00|msg=payment failed, cart preserved
2026-07-28T19:37:06Z|stock|INFO|order=51357|amount=375.53|msg=stock reserved
2026-07-28T19:37:07Z|payment|WARN|order=65991|amount=291.83|msg=payment failed, cart preserved
2026-07-28T19:37:07Z|checkout|ERROR|order=53030|amount=240.32|msg=card declined
2026-07-28T19:37:08Z|payment|INFO|order=32036|amount=287.51|msg=order confirmed
2026-07-28T19:37:08Z|checkout|INFO|order=96996|amount=237.75|msg=checkout started
2026-07-28T19:37:08Z|checkout|INFO|order=82758|amount=205.24|msg=order confirmed
2026-07-28T19:37:08Z|stock|INFO|order=32178|amount=223.75|msg=order confirmed
2026-07-28T19:37:08Z|payment|INFO|order=55716|amount=31.81|msg=payment captured
2026-07-28T19:37:09Z|checkout|INFO|order=57849|amount=7.58|msg=payment captured
2026-07-28T19:37:09Z|payment|INFO|order=16378|amount=201.93|msg=checkout started
2026-07-28T19:37:10Z|stock|INFO|order=61580|amount=107.07|msg=invoice generated
2026-07-28T19:37:10Z|stock|INFO|order=93063|amount=346.19|msg=payment captured
2026-07-28T19:37:11Z|stock|WARN|order=90482|amount=246.78|msg=stock level low
2026-07-28T19:37:13Z|checkout|INFO|order=88696|amount=249.14|msg=invoice generated
2026-07-28T19:37:13Z|checkout|INFO|order=25274|amount=330.63|msg=invoice generated
2026-07-28T19:37:14Z|payment|INFO|order=25486|amount=223.64|msg=stock reserved
2026-07-28T19:37:14Z|stock|WARN|order=24154|amount=194.57|msg=stock level low
2026-07-28T19:37:17Z|payment|INFO|order=63714|amount=397.85|msg=checkout started
2026-07-28T19:37:17Z|stock|WARN|order=65965|amount=191.68|msg=retrying gateway call
2026-07-28T19:37:17Z|stock|ERROR|order=25726|amount=270.14|msg=stock service unreachable
2026-07-28T19:37:17Z|checkout|WARN|order=14674|amount=315.00|msg=retrying gateway call
2026-07-28T19:37:19Z|payment|INFO|order=92684|amount=247.83|msg=stock reserved
2026-07-28T19:37:19Z|checkout|INFO|order=16010|amount=130.29|msg=payment captured
2026-07-28T19:37:21Z|stock|ERROR|order=84695|amount=338.90|msg=order rollback
2026-07-28T19:37:21Z|payment|INFO|order=21199|amount=137.03|msg=payment captured
2026-07-28T19:37:23Z|checkout|ERROR|order=83003|amount=127.66|msg=card declined
2026-07-28T19:37:23Z|payment|WARN|order=32413|amount=351.25|msg=payment failed, cart preserved
2026-07-28T19:37:23Z|payment|WARN|order=44226|amount=138.09|msg=retrying gateway call
2026-07-28T19:37:23Z|stock|INFO|order=22340|amount=75.40|msg=order confirmed
2026-07-28T19:37:24Z|payment|INFO|order=74908|amount=224.35|msg=checkout started
2026-07-28T19:37:24Z|payment|ERROR|order=36572|amount=325.29|msg=order rollback
2026-07-28T19:37:25Z|stock|INFO|order=50089|amount=387.24|msg=checkout started
2026-07-28T19:37:26Z|payment|INFO|order=43704|amount=334.64|msg=stock reserved
2026-07-28T19:37:26Z|checkout|WARN|order=37609|amount=299.08|msg=stock level low
2026-07-28T19:37:26Z|payment|INFO|order=81861|amount=23.98|msg=payment captured
2026-07-28T19:37:26Z|payment|INFO|order=32025|amount=217.59|msg=invoice generated
2026-07-28T19:37:27Z|stock|ERROR|order=35461|amount=34.95|msg=card declined
2026-07-28T19:37:27Z|payment|INFO|order=55209|amount=397.83|msg=invoice generated
2026-07-28T19:37:28Z|checkout|INFO|order=81647|amount=137.99|msg=order confirmed
2026-07-28T19:37:28Z|checkout|INFO|order=92074|amount=51.05|msg=stock reserved
2026-07-28T19:37:29Z|checkout|INFO|order=31273|amount=223.30|msg=invoice generated
2026-07-28T19:37:30Z|checkout|INFO|order=99004|amount=260.79|msg=stock reserved
2026-07-28T19:37:30Z|payment|INFO|order=58681|amount=269.41|msg=payment captured
2026-07-28T19:37:30Z|payment|INFO|order=49789|amount=266.50|msg=stock reserved
2026-07-28T19:37:31Z|stock|INFO|order=40233|amount=347.84|msg=checkout started
2026-07-28T19:37:32Z|payment|INFO|order=74737|amount=47.49|msg=payment captured
2026-07-28T19:37:32Z|stock|ERROR|order=57524|amount=59.60|msg=order rollback
2026-07-28T19:37:34Z|payment|ERROR|order=63222|amount=384.19|msg=order rollback
2026-07-28T19:37:34Z|payment|INFO|order=75548|amount=378.42|msg=checkout started
2026-07-28T19:37:35Z|checkout|INFO|order=73496|amount=363.61|msg=stock reserved
2026-07-28T19:37:35Z|checkout|WARN|order=23051|amount=212.49|msg=retrying gateway call
2026-07-28T19:37:36Z|stock|INFO|order=19211|amount=343.07|msg=invoice generated
2026-07-28T19:37:37Z|stock|ERROR|order=95320|amount=213.38|msg=stock service unreachable
2026-07-28T19:37:37Z|checkout|INFO|order=67556|amount=392.50|msg=invoice generated
2026-07-28T19:37:38Z|stock|INFO|order=23403|amount=157.83|msg=order confirmed
2026-07-28T19:37:39Z|checkout|INFO|order=87287|amount=48.82|msg=invoice generated
2026-07-28T19:37:39Z|payment|INFO|order=24312|amount=96.41|msg=stock reserved
2026-07-28T19:37:39Z|stock|INFO|order=48649|amount=138.70|msg=checkout started
2026-07-28T19:37:42Z|stock|INFO|order=87426|amount=323.08|msg=stock reserved
2026-07-28T19:37:42Z|payment|INFO|order=42119|amount=196.67|msg=invoice generated
2026-07-28T19:37:43Z|payment|ERROR|order=25228|amount=228.80|msg=stock service unreachable
2026-07-28T19:37:44Z|checkout|INFO|order=92129|amount=212.81|msg=invoice generated
2026-07-28T19:37:44Z|payment|INFO|order=46546|amount=196.63|msg=order confirmed
2026-07-28T19:37:45Z|payment|ERROR|order=97416|amount=56.94|msg=gateway timeout after 30s
2026-07-28T19:37:47Z|stock|INFO|order=16083|amount=346.67|msg=checkout started
2026-07-28T19:37:48Z|checkout|INFO|order=64602|amount=17.68|msg=stock reserved
2026-07-28T19:37:48Z|checkout|INFO|order=75738|amount=135.89|msg=order confirmed
2026-07-28T19:37:50Z|payment|WARN|order=93761|amount=288.06|msg=retrying gateway call
2026-07-28T19:37:50Z|payment|INFO|order=90277|amount=233.50|msg=payment captured
2026-07-28T19:37:50Z|checkout|WARN|order=59575|amount=193.33|msg=payment failed, cart preserved
2026-07-28T19:37:51Z|payment|INFO|order=71749|amount=11.22|msg=order confirmed
2026-07-28T19:37:51Z|stock|INFO|order=12602|amount=382.58|msg=order confirmed
2026-07-28T19:37:51Z|stock|INFO|order=23011|amount=88.24|msg=checkout started
2026-07-28T19:37:52Z|payment|INFO|order=89586|amount=46.96|msg=order confirmed
2026-07-28T19:37:52Z|payment|INFO|order=55846|amount=238.90|msg=order confirmed
2026-07-28T19:37:53Z|stock|INFO|order=83410|amount=285.94|msg=invoice generated
2026-07-28T19:37:53Z|payment|ERROR|order=49307|amount=22.04|msg=gateway timeout after 30s
2026-07-28T19:37:54Z|stock|INFO|order=83987|amount=201.07|msg=invoice generated
2026-07-28T19:37:55Z|checkout|INFO|order=64274|amount=395.83|msg=payment captured
2026-07-28T19:37:56Z|stock|INFO|order=82185|amount=154.55|msg=invoice generated
2026-07-28T19:37:58Z|checkout|INFO|order=32054|amount=40.87|msg=payment captured
2026-07-28T19:37:59Z|payment|INFO|order=65673|amount=215.05|msg=payment captured
2026-07-28T19:38:00Z|stock|INFO|order=46262|amount=298.06|msg=stock reserved
2026-07-28T19:38:00Z|checkout|ERROR|order=70968|amount=138.26|msg=order rollback
2026-07-28T19:38:01Z|stock|ERROR|order=29189|amount=275.28|msg=order rollback
2026-07-28T19:38:01Z|checkout|INFO|order=28317|amount=74.40|msg=checkout started
2026-07-28T19:38:02Z|stock|INFO|order=62170|amount=45.07|msg=payment captured
2026-07-28T19:38:02Z|payment|INFO|order=17987|amount=193.99|msg=order confirmed
2026-07-28T19:38:03Z|payment|ERROR|order=89066|amount=356.10|msg=order rollback
2026-07-28T19:38:03Z|checkout|INFO|order=31253|amount=343.97|msg=order confirmed
2026-07-28T19:38:04Z|stock|ERROR|order=49055|amount=17.73|msg=stock service unreachable
2026-07-28T19:38:05Z|stock|WARN|order=72326|amount=247.55|msg=payment failed, cart preserved
2026-07-28T19:38:05Z|stock|INFO|order=70276|amount=259.84|msg=invoice generated
2026-07-28T19:38:06Z|payment|INFO|order=94233|amount=343.01|msg=checkout started
2026-07-28T19:38:08Z|stock|INFO|order=13126|amount=76.39|msg=order confirmed
2026-07-28T19:38:09Z|checkout|INFO|order=99331|amount=95.48|msg=invoice generated
2026-07-28T19:38:09Z|stock|INFO|order=31585|amount=83.63|msg=stock reserved
2026-07-28T19:38:10Z|checkout|INFO|order=93425|amount=11.75|msg=invoice generated
2026-07-28T19:38:11Z|payment|INFO|order=84693|amount=102.20|msg=invoice generated
2026-07-28T19:38:12Z|stock|INFO|order=68141|amount=306.27|msg=stock reserved
2026-07-28T19:38:13Z|checkout|INFO|order=84263|amount=371.23|msg=checkout started
2026-07-28T19:38:15Z|checkout|WARN|order=96283|amount=317.56|msg=retrying gateway call
2026-07-28T19:38:15Z|payment|INFO|order=45468|amount=10.01|msg=checkout started
2026-07-28T19:38:16Z|checkout|INFO|order=56327|amount=362.82|msg=invoice generated
2026-07-28T19:38:16Z|payment|INFO|order=57431|amount=144.92|msg=payment captured
2026-07-28T19:38:16Z|payment|ERROR|order=65074|amount=345.58|msg=order rollback
2026-07-28T19:38:16Z|stock|ERROR|order=39274|amount=130.64|msg=stock service unreachable
2026-07-28T19:38:17Z|stock|ERROR|order=84824|amount=93.14|msg=order rollback
2026-07-28T19:38:19Z|stock|INFO|order=56602|amount=343.81|msg=payment captured
2026-07-28T19:38:19Z|checkout|INFO|order=60624|amount=203.28|msg=order confirmed
null
2026-07-28T19:38:20Z|stock|INFO|order=32860|amount=277.92|msg=order confirmed
2026-07-28T19:38:21Z|checkout|INFO|order=22590|amount=229.59|msg=order confirmed
2026-07-28T19:38:21Z|stock|INFO|order=94164|amount=18.20|msg=order confirmed
2026-07-28T19:38:22Z|stock|ERROR|order=29741|amount=306.39|msg=stock service unreachable
2026-07-28T19:38:22Z|payment|INFO|order=97002|amount=393.84|msg=stock reserved
2026-07-28T19:38:23Z|payment|ERROR|order=89556|amount=64.37|msg=gateway timeout after 30s
2026-07-28T19:38:24Z|stock|INFO|order=72585|amount=120.22|msg=stock reserved
2026-07-28T19:38:24Z|checkout|WARN|order=45571|amount=297.47|msg=stock level low
2026-07-28T19:38:24Z|payment|INFO|order=57674|amount=302.12|msg=order confirmed
2026-07-28T19:38:25Z|stock|INFO|order=65955|amount=96.43|msg=order confirmed
2026-07-28T19:38:26Z|stock|INFO|order=81368|amount=330.01|msg=stock reserved
2026-07-28T19:38:27Z|payment|INFO|order=31412|amount=353.51|msg=stock reserved
2026-07-28T19:38:27Z|stock|INFO|order=85429|amount=380.56|msg=invoice generated
2026-07-28T19:38:27Z|stock|WARN|order=15374|amount=311.39|msg=payment failed, cart preserved
2026-07-28T19:38:28Z|stock|ERROR|order=99152|amount=122.21|msg=stock service unreachable
2026-07-28T19:38:28Z|payment|INFO|order=20526|amount=172.49|msg=checkout started
2026-07-28T19:38:29Z|checkout|INFO|order=78006|amount=259.33|msg=checkout started
2026-07-28T19:38:30Z|checkout|INFO|order=22914|amount=248.38|msg=stock reserved
2026-07-28T19:38:31Z|checkout|INFO|order=93781|amount=179.17|msg=order confirmed
2026-07-28T19:38:34Z|stock|ERROR|order=49609|amount=398.25|msg=card declined
2026-07-28T19:38:34Z|stock|INFO|order=47187|amount=243.13|msg=payment captured
2026-07-28T19:38:36Z|payment|ERROR|order=|msg=
2026-07-28T19:38:36Z|stock|INFO|order=25485|amount=253.67|msg=payment captured
2026-07-28T19:38:37Z|payment|WARN|order=84731|amount=14.62|msg=slow response from bank
2026-07-28T19:38:37Z|payment|INFO|order=19300|amount=379.60|msg=checkout started
2026-07-28T19:38:37Z|checkout|INFO|order=53355|amount=134.55|msg=payment captured
2026-07-28T19:38:38Z|stock|INFO|order=64326|amount=367.07|msg=stock reserved
2026-07-28T19:38:39Z|checkout|INFO|order=56697|amount=293.73|msg=payment captured
2026-07-28T19:38:40Z|stock|INFO|order=52475|amount=66.57|msg=invoice generated
2026-07-28T19:38:41Z|payment|INFO|order=23935|amount=106.38|msg=invoice generated
2026-07-28T19:38:42Z|payment|FATAL-OOM
2026-07-28T19:38:42Z|stock|ERROR|order=87377|amount=32.63|msg=card declined
2026-07-28T19:38:43Z|payment|INFO|order=59296|amount=70.46|msg=invoice generated
2026-07-28T19:38:43Z|payment|INFO|order=92267|amount=80.13|msg=order confirmed
2026-07-28T19:38:44Z|stock|WARN|order=89959|amount=297.64|msg=payment failed, cart preserved
2026-07-28T19:38:45Z|payment|INFO|order=66138|amount=160.20|msg=order confirmed
2026-07-28T19:38:45Z|stock|WARN|order=54955|amount=111.97|msg=retrying gateway call
2026-07-28T19:38:45Z|checkout|INFO|order=44251|amount=49.94|msg=stock reserved
2026-07-28T19:38:46Z|payment|INFO|order=95009|amount=376.12|msg=checkout started
2026-07-28T19:38:46Z|checkout|INFO|order=86188|amount=164.56|msg=stock reserved
2026-07-28T19:38:47Z|payment|INFO|order=78671|amount=53.41|msg=invoice generated
2026-07-28T19:38:48Z|payment|INFO|order=52552|amount=83.68|msg=stock reserved
2026-07-28T19:38:48Z|stock|INFO|order=60797|amount=316.81|msg=order confirmed
2026-07-28T19:38:49Z|payment|INFO|order=96698|amount=40.81|msg=stock reserved
2026-07-28T19:38:50Z|checkout|INFO|order=84847|amount=93.43|msg=stock reserved
2026-07-28T19:38:51Z|payment|INFO|order=59915|amount=251.58|msg=order confirmed
2026-07-28T19:38:51Z|payment|INFO|order=42761|amount=53.89|msg=checkout started
2026-07-28T19:38:54Z|checkout|INFO|order=80605|amount=135.38|msg=stock reserved
2026-07-28T19:38:55Z|checkout|INFO|order=50071|amount=10.32|msg=stock reserved
2026-07-28T19:38:56Z|payment|INFO|order=81158|amount=346.95|msg=payment captured
2026-07-28T19:38:56Z|checkout|INFO|order=45344|amount=239.32|msg=payment captured
2026-07-28T19:38:59Z|stock|INFO|order=29650|amount=331.91|msg=checkout started
2026-07-28T19:38:59Z|payment|INFO|order=15525|amount=116.04|msg=checkout started
2026-07-28T19:38:59Z|checkout|INFO|order=88850|amount=255.00|msg=checkout started
2026-07-28T19:39:00Z|payment|WARN|order=79223|amount=397.15|msg=stock level low
2026-07-28T19:39:01Z|checkout|INFO|order=88990|amount=287.21|msg=invoice generated
2026-07-28T19:39:01Z|payment|INFO|order=35706|amount=356.11|msg=order confirmed
2026-07-28T19:39:02Z|checkout|INFO|order=34502|amount=206.48|msg=payment captured
2026-07-28T19:39:02Z|checkout|WARN|order=59401|amount=220.30|msg=retrying gateway call
2026-07-28T19:39:02Z|checkout|ERROR|order=33376|amount=381.50|msg=card declined
2026-07-28T19:39:03Z|checkout|INFO|order=57176|amount=14.77|msg=order confirmed
2026-07-28T19:39:03Z|payment|ERROR|order=|msg=
2026-07-28T19:39:04Z|stock|ERROR|order=67226|amount=365.59|msg=gateway timeout after 30s
2026-07-28T19:39:04Z|checkout|ERROR|order=68400|amount=138.48|msg=stock service unreachable
2026-07-28T19:39:05Z|checkout|WARN|order=59268|amount=140.35|msg=retrying gateway call
2026-07-28T19:39:06Z|checkout|INFO|order=55516|amount=111.41|msg=invoice generated
2026-07-28T19:39:06Z|checkout|WARN|order=65557|amount=267.52|msg=stock level low
2026-07-28T19:39:06Z|checkout|INFO|order=38513|amount=46.18|msg=checkout started
2026-07-28T19:39:07Z|stock|INFO|order=34003|amount=341.69|msg=payment captured
2026-07-28T19:39:07Z|stock|INFO|order=14939|amount=392.64|msg=order confirmed
2026-07-28T19:39:08Z|payment|INFO|order=31509|amount=288.46|msg=stock reserved
2026-07-28T19:39:09Z|checkout|INFO|order=68298|amount=202.95|msg=payment captured
2026-07-28T19:39:10Z|stock|INFO|order=55427|amount=129.90|msg=checkout started
2026-07-28T19:39:10Z|payment|ERROR|order=96659|amount=157.95|msg=gateway timeout after 30s
2026-07-28T19:39:11Z|stock|INFO|order=69630|amount=101.59|msg=payment captured
2026-07-28T19:39:11Z|checkout|INFO|order=67713|amount=209.75|msg=checkout started
2026-07-28T19:39:11Z|stock|INFO|order=52857|amount=211.59|msg=stock reserved
2026-07-28T19:39:12Z|payment|INFO|order=36275|amount=166.67|msg=stock reserved
2026-07-28T19:39:12Z|payment|INFO|order=98431|amount=130.95|msg=stock reserved
2026-07-28T19:39:13Z|payment|INFO|order=98710|amount=44.78|msg=order confirmed
2026-07-28T19:39:13Z|payment|INFO|order=88609|amount=88.61|msg=stock reserved
2026-07-28T19:39:14Z|stock|WARN|order=71006|amount=69.61|msg=stock level low
2026-07-28T19:39:16Z|stock|INFO|order=61385|amount=93.81|msg=payment captured
2026-07-28T19:39:18Z|checkout|INFO|order=85362|amount=215.30|msg=stock reserved
2026-07-28T19:39:18Z|checkout|INFO|order=61704|amount=71.79|msg=checkout started
2026-07-28T19:39:18Z|stock|INFO|order=92265|amount=218.60|msg=payment captured
2026-07-28T19:39:19Z|checkout|ERROR|order=27003|amount=225.93|msg=stock service unreachable
2026-07-28T19:39:22Z|stock|INFO|order=68892|amount=349.70|msg=order confirmed
2026-07-28T19:39:22Z|stock|ERROR|order=78830|amount=387.53|msg=order rollback
2026-07-28T19:39:23Z|checkout|INFO|order=84467|amount=293.56|msg=payment captured
2026-07-28T19:39:24Z|payment|INFO|order=48430|amount=60.24|msg=order confirmed
2026-07-28T19:39:25Z|checkout|INFO|order=46399|amount=387.70|msg=invoice generated
2026-07-28T19:39:25Z|stock|WARN|order=50070|amount=364.16|msg=slow response from bank
2026-07-28T19:39:28Z|payment|INFO|order=35507|amount=280.32|msg=payment captured
2026-07-28T19:39:29Z|stock|ERROR|order=20808|amount=230.16|msg=card declined
2026-07-28T19:39:29Z|stock|WARN|order=35028|amount=221.43|msg=slow response from bank
2026-07-28T19:39:30Z|stock|INFO|order=51465|amount=23.97|msg=invoice generated
2026-07-28T19:39:31Z|checkout|WARN|order=11978|amount=89.72|msg=retrying gateway call
2026-07-28T19:39:31Z|checkout|WARN|order=59235|amount=14.29|msg=payment failed, cart preserved
2026-07-28T19:39:32Z|checkout|INFO|order=35504|amount=267.76|msg=checkout started
2026-07-28T19:39:32Z|checkout|INFO|order=60103|amount=263.65|msg=checkout started
2026-07-28T19:39:32Z|payment|ERROR|order=71202|amount=149.03|msg=card declined
2026-07-28T19:39:33Z|checkout|WARN|order=46708|amount=86.75|msg=payment failed, cart preserved
2026-07-28T19:39:34Z|payment|WARN|order=13592|amount=41.62|msg=payment failed, cart preserved
2026-07-28T19:39:34Z|payment|INFO|order=57333|amount=112.80|msg=stock reserved
2026-07-28T19:39:34Z|checkout|ERROR|order=93004|amount=239.67|msg=card declined
2026-07-28T19:39:36Z|checkout|INFO|order=50714|amount=283.75|msg=stock reserved
2026-07-28T19:39:37Z|stock|WARN|order=90492|amount=70.16|msg=payment failed, cart preserved
2026-07-28T19:39:37Z|payment|INFO|order=92663|amount=320.08|msg=stock reserved
2026-07-28T19:39:37Z|payment|INFO|order=82115|amount=183.44|msg=payment captured
2026-07-28T19:39:38Z|payment|ERROR|order=|msg=
2026-07-28T19:39:38Z|checkout|INFO|order=93501|amount=176.94|msg=payment captured
2026-07-28T19:39:38Z|checkout|ERROR|order=10731|amount=68.90|msg=order rollback
2026-07-28T19:39:39Z|payment|INFO|order=63783|amount=351.84|msg=payment captured
2026-07-28T19:39:40Z|stock|INFO|order=25086|amount=130.51|msg=checkout started
2026-07-28T19:39:41Z|stock|INFO|order=89543|amount=278.39|msg=stock reserved
2026-07-28T19:39:42Z|stock|ERROR|order=92679|amount=159.67|msg=order rollback
2026-07-28T19:39:42Z|payment|ERROR|order=89493|amount=123.87|msg=stock service unreachable
2026-07-28T19:39:42Z|stock|WARN|order=90074|amount=296.30|msg=retrying gateway call
2026-07-28T19:39:43Z|checkout|ERROR|order=32338|amount=218.60|msg=order rollback
2026-07-28T19:39:43Z|stock|ERROR|order=81207|amount=382.33|msg=order rollback
2026-07-28T19:39:44Z|payment|INFO|order=18596|amount=341.98|msg=payment captured
2026-07-28T19:39:45Z|checkout|ERROR|order=28423|amount=45.91|msg=gateway timeout after 30s
2026-07-28T19:39:45Z|checkout|INFO|order=11697|amount=105.98|msg=order confirmed
2026-07-28T19:39:46Z|payment|INFO|order=22633|amount=304.13|msg=payment captured
2026-07-28T19:39:46Z|checkout|ERROR|order=22968|amount=160.51|msg=stock service unreachable
2026-07-28T19:39:46Z|payment|WARN|order=52115|amount=297.50|msg=slow response from bank
2026-07-28T19:39:48Z|stock|INFO|order=15060|amount=195.05|msg=invoice generated
2026-07-28T19:39:48Z|stock|INFO|order=29337|amount=148.51|msg=order confirmed
2026-07-28T19:39:49Z|checkout|INFO|order=98661|amount=283.33|msg=invoice generated
2026-07-28T19:39:49Z|stock|ERROR|order=89436|amount=344.69|msg=card declined
2026-07-28T19:39:49Z|payment|ERROR|order=86094|amount=250.56|msg=card declined
2026-07-28T19:39:50Z|payment|INFO|order=50517|amount=20.37|msg=payment captured
2026-07-28T19:39:50Z|stock|ERROR|order=64025|amount=368.00|msg=stock service unreachable
2026-07-28T19:39:51Z|stock|INFO|order=89523|amount=249.58|msg=checkout started
2026-07-28T19:39:51Z|payment|INFO|order=35969|amount=365.55|msg=checkout started
2026-07-28T19:39:52Z|checkout|INFO|order=34080|amount=117.91|msg=checkout started
2026-07-28T19:39:52Z|checkout|INFO|order=89869|amount=129.02|msg=stock reserved
2026-07-28T19:39:53Z|stock|INFO|order=73037|amount=122.77|msg=checkout started
2026-07-28T19:39:53Z|checkout|ERROR|order=72426|amount=140.55|msg=gateway timeout after 30s
2026-07-28T19:39:54Z|checkout|INFO|order=41658|amount=85.41|msg=payment captured
2026-07-28T19:39:54Z|checkout|INFO|order=97211|amount=300.07|msg=order confirmed
2026-07-28T19:39:56Z|payment|WARN|order=16266|amount=357.97|msg=slow response from bank
2026-07-28T19:39:58Z|checkout|INFO|order=67023|amount=350.49|msg=invoice generated
2026-07-28T19:39:58Z|payment|INFO|order=72121|amount=64.32|msg=invoice generated
2026-07-28T19:39:59Z|checkout|WARN|order=42145|amount=21.37|msg=payment failed, cart preserved
2026-07-28T19:40:01Z|stock|INFO|order=92251|amount=257.35|msg=checkout started
2026-07-28T19:40:01Z|checkout|INFO|order=94369|amount=248.88|msg=invoice generated
2026-07-28T19:40:02Z|payment|ERROR|order=10694|amount=320.06|msg=order rollback
2026-07-28T19:40:04Z|stock|INFO|order=57175|amount=150.93|msg=invoice generated
2026-07-28T19:40:05Z|stock|ERROR|order=29033|amount=93.64|msg=card declined
2026-07-28T19:40:05Z|stock|ERROR|order=87695|amount=169.63|msg=order rollback
2026-07-28T19:40:07Z|payment|INFO|order=55876|amount=29.70|msg=invoice generated
2026-07-28T19:40:07Z|payment|WARN|order=78220|amount=61.23|msg=slow response from bank
2026-07-28T19:40:08Z|stock|INFO|order=85224|amount=320.41|msg=invoice generated
2026-07-28T19:40:08Z|payment|INFO|order=63762|amount=230.80|msg=invoice generated
2026-07-28T19:40:09Z|payment|INFO|order=20705|amount=224.07|msg=invoice generated
2026-07-28T19:40:11Z|payment|INFO|order=81529|amount=59.56|msg=order confirmed
2026-07-28T19:40:12Z|payment|FATAL-OOM
2026-07-28T19:40:12Z|stock|INFO|order=80198|amount=216.87|msg=payment captured
2026-07-28T19:40:13Z|checkout|INFO|order=49840|amount=142.92|msg=order confirmed
2026-07-28T19:40:14Z|payment|INFO|order=83541|amount=203.46|msg=stock reserved
2026-07-28T19:40:14Z|payment|INFO|order=68674|amount=331.88|msg=invoice generated
2026-07-28T19:40:15Z|checkout|WARN|order=95971|amount=235.56|msg=retrying gateway call
2026-07-28T19:40:15Z|stock|WARN|order=11900|amount=297.35|msg=slow response from bank
2026-07-28T19:40:15Z|payment|INFO|order=24632|amount=295.43|msg=checkout started
2026-07-28T19:40:15Z|stock|INFO|order=39489|amount=191.73|msg=invoice generated
2026-07-28T19:40:16Z|checkout|INFO|order=16778|amount=263.65|msg=invoice generated
2026-07-28T19:40:17Z|checkout|INFO|order=81443|amount=148.82|msg=stock reserved
2026-07-28T19:40:17Z|checkout|ERROR|order=99447|amount=34.24|msg=card declined
2026-07-28T19:40:17Z|checkout|ERROR|order=37186|amount=46.95|msg=stock service unreachable
2026-07-28T19:40:18Z|stock|ERROR|order=61541|amount=322.88|msg=stock service unreachable
2026-07-28T19:40:18Z|stock|INFO|order=90333|amount=388.37|msg=order confirmed
2026-07-28T19:40:18Z|stock|ERROR|order=76637|amount=202.98|msg=gateway timeout after 30s
2026-07-28T19:40:19Z|stock|WARN|order=68406|amount=68.29|msg=stock level low
2026-07-28T19:40:19Z|stock|INFO|order=45875|amount=308.81|msg=payment captured
2026-07-28T19:40:20Z|checkout|INFO|order=11859|amount=245.16|msg=stock reserved
2026-07-28T19:40:21Z|stock|ERROR|order=88243|amount=82.78|msg=order rollback
2026-07-28T19:40:21Z|stock|INFO|order=65472|amount=88.68|msg=invoice generated
2026-07-28T19:40:21Z|checkout|INFO|order=61295|amount=32.65|msg=checkout started
2026-07-28T19:40:22Z|stock|INFO|order=32799|amount=7.06|msg=payment captured
2026-07-28T19:40:22Z|checkout|INFO|order=53081|amount=48.70|msg=checkout started
2026-07-28T19:40:22Z|stock|INFO|order=42449|amount=148.95|msg=order confirmed
2026-07-28T19:40:23Z|payment|INFO|order=82859|amount=47.10|msg=stock reserved
2026-07-28T19:40:23Z|payment|INFO|order=46710|amount=207.05|msg=payment captured
2026-07-28T19:40:25Z|payment|INFO|order=74059|amount=290.27|msg=stock reserved
2026-07-28T19:40:26Z|checkout|INFO|order=85893|amount=15.44|msg=stock reserved
2026-07-28T19:40:27Z|checkout|INFO|order=43936|amount=264.81|msg=order confirmed
2026-07-28T19:40:28Z|payment|ERROR|order=81761|amount=140.72|msg=card declined
2026-07-28T19:40:28Z|payment|ERROR|order=25621|amount=301.54|msg=order rollback
2026-07-28T19:40:28Z|payment|ERROR|order=48382|amount=145.22|msg=stock service unreachable
2026-07-28T19:40:29Z|checkout|WARN|order=33516|amount=255.76|msg=payment failed, cart preserved
2026-07-28T19:40:30Z|payment|INFO|order=36216|amount=309.88|msg=checkout started
2026-07-28T19:40:31Z|payment|INFO|order=12645|amount=190.36|msg=stock reserved
2026-07-28T19:40:32Z|checkout|INFO|order=13757|amount=218.06|msg=payment captured
2026-07-28T19:40:33Z|payment|ERROR|order=|msg=
2026-07-28T19:40:34Z|payment|INFO|order=36327|amount=132.55|msg=invoice generated
2026-07-28T19:40:34Z|payment|INFO|order=77991|amount=304.03|msg=order confirmed
2026-07-28T19:40:35Z|stock|WARN|order=55179|amount=336.89|msg=payment failed, cart preserved
2026-07-28T19:40:35Z|checkout|WARN|order=73752|amount=293.22|msg=retrying gateway call
2026-07-28T19:40:36Z|payment|ERROR|order=|msg=
2026-07-28T19:40:36Z|checkout|INFO|order=39423|amount=315.06|msg=stock reserved
2026-07-28T19:40:37Z|payment|INFO|order=83267|amount=270.89|msg=payment captured
2026-07-28T19:40:37Z|stock|INFO|order=26677|amount=325.26|msg=stock reserved
2026-07-28T19:40:38Z|payment|INFO|order=91987|amount=355.66|msg=invoice generated
2026-07-28T19:40:38Z|payment|INFO|order=66529|amount=349.85|msg=invoice generated
2026-07-28T19:40:38Z|stock|ERROR|order=14553|amount=46.94|msg=card declined
2026-07-28T19:40:39Z|stock|INFO|order=99606|amount=363.41|msg=invoice generated
2026-07-28T19:40:40Z|payment|INFO|order=51902|amount=136.73|msg=order confirmed
2026-07-28T19:40:41Z|stock|INFO|order=27866|amount=112.07|msg=invoice generated
2026-07-28T19:40:41Z|checkout|ERROR|order=13057|amount=296.24|msg=stock service unreachable
2026-07-28T19:40:41Z|checkout|INFO|order=88300|amount=325.45|msg=order confirmed
2026-07-28T19:40:42Z|checkout|WARN|order=50091|amount=140.64|msg=stock level low
2026-07-28T19:40:42Z|payment|INFO|order=97642|amount=237.09|msg=checkout started
2026-07-28T19:40:42Z|stock|ERROR|order=47079|amount=247.34|msg=card declined
2026-07-28T19:40:44Z|payment|INFO|order=29398|amount=123.21|msg=stock reserved
2026-07-28T19:40:44Z|payment|ERROR|order=75671|amount=34.55|msg=stock service unreachable
2026-07-28T19:40:44Z|payment|INFO|order=40773|amount=49.02|msg=payment captured
2026-07-28T19:40:45Z|payment|INFO|order=24492|amount=399.25|msg=payment captured
2026-07-28T19:40:46Z|payment|ERROR|order=62364|amount=218.35|msg=gateway timeout after 30s
2026-07-28T19:40:46Z|checkout|INFO|order=47263|amount=228.72|msg=order confirmed
2026-07-28T19:40:47Z|stock|INFO|order=17595|amount=178.17|msg=stock reserved
2026-07-28T19:40:48Z|checkout|INFO|order=81457|amount=303.42|msg=stock reserved
2026-07-28T19:40:48Z|checkout|WARN|order=60678|amount=125.73|msg=payment failed, cart preserved
2026-07-28T19:40:48Z|stock|INFO|order=84709|amount=358.41|msg=invoice generated
2026-07-28T19:40:48Z|checkout|INFO|order=26005|amount=349.10|msg=stock reserved
2026-07-28T19:40:49Z|checkout|ERROR|order=98357|amount=381.11|msg=order rollback
2026-07-28T19:40:49Z|stock|INFO|order=19759|amount=147.47|msg=invoice generated
2026-07-28T19:40:50Z|payment|INFO|order=18789|amount=306.56|msg=stock reserved
2026-07-28T19:40:50Z|checkout|INFO|order=12692|amount=326.41|msg=invoice generated
2026-07-28T19:40:51Z|checkout|ERROR|order=95644|amount=127.76|msg=card declined
2026-07-28T19:40:53Z|checkout|INFO|order=76302|amount=13.58|msg=checkout started
2026-07-28T19:40:53Z|payment|INFO|order=61698|amount=384.58|msg=stock reserved
2026-07-28T19:40:54Z|payment|INFO|order=72951|amount=103.36|msg=order confirmed
2026-07-28T19:40:54Z|payment|INFO|order=63678|amount=45.28|msg=payment captured
2026-07-28T19:40:54Z|checkout|INFO|order=14284|amount=77.42|msg=order confirmed
2026-07-28T19:40:55Z|checkout|INFO|order=54201|amount=296.27|msg=checkout started
2026-07-28T19:40:55Z|stock|INFO|order=50904|amount=214.51|msg=order confirmed
2026-07-28T19:40:56Z|stock|INFO|order=67334|amount=321.62|msg=invoice generated
2026-07-28T19:40:56Z|stock|ERROR|order=34278|amount=319.57|msg=card declined
2026-07-28T19:40:57Z|stock|INFO|order=60422|amount=280.91|msg=invoice generated
2026-07-28T19:40:58Z|payment|ERROR|order=21756|amount=135.84|msg=card declined
2026-07-28T19:40:59Z|stock|INFO|order=95414|amount=287.31|msg=order confirmed
2026-07-28T19:41:02Z|payment|INFO|order=56485|amount=396.22|msg=invoice generated
2026-07-28T19:41:03Z|stock|INFO|order=16702|amount=58.92|msg=payment captured
2026-07-28T19:41:04Z|stock|WARN|order=73900|amount=383.71|msg=payment failed, cart preserved
2026-07-28T19:41:07Z|checkout|INFO|order=98205|amount=258.78|msg=invoice generated
2026-07-28T19:41:07Z|stock|INFO|order=67742|amount=122.24|msg=checkout started
2026-07-28T19:41:08Z|payment|INFO|order=30197|amount=240.43|msg=payment captured
2026-07-28T19:41:11Z|payment|WARN|order=79162|amount=93.70|msg=retrying gateway call
2026-07-28T19:41:12Z|payment|INFO|order=63774|amount=207.30|msg=checkout started
2026-07-28T19:41:13Z|checkout|INFO|order=24303|amount=372.55|msg=order confirmed
2026-07-28T19:41:13Z|payment|ERROR|order=56243|amount=239.55|msg=stock service unreachable
2026-07-28T19:41:14Z|checkout|INFO|order=95080|amount=273.99|msg=payment captured
2026-07-28T19:41:16Z|payment|WARN|order=26440|amount=111.31|msg=stock level low
2026-07-28T19:41:17Z|payment|WARN|order=18965|amount=189.13|msg=payment failed, cart preserved
2026-07-28T19:41:19Z|payment|INFO|order=43486|amount=173.81|msg=stock reserved
2026-07-28T19:41:20Z|payment|INFO|order=50110|amount=364.01|msg=stock reserved
2026-07-28T19:41:21Z|checkout|INFO|order=45515|amount=155.47|msg=invoice generated
2026-07-28T19:41:21Z|payment|WARN|order=33129|amount=296.60|msg=slow response from bank
2026-07-28T19:41:21Z|checkout|INFO|order=24937|amount=339.15|msg=invoice generated
2026-07-28T19:41:21Z|checkout|INFO|order=43656|amount=163.55|msg=checkout started
2026-07-28T19:41:22Z|payment|INFO|order=41170|amount=233.36|msg=payment captured
2026-07-28T19:41:24Z|stock|INFO|order=47873|amount=226.80|msg=stock reserved
2026-07-28T19:41:25Z|payment|WARN|order=52443|amount=248.81|msg=payment failed, cart preserved
2026-07-28T19:41:25Z|stock|ERROR|order=71408|amount=250.89|msg=card declined
2026-07-28T19:41:26Z|payment|WARN|order=82707|amount=94.11|msg=slow response from bank
2026-07-28T19:41:27Z|payment|INFO|order=20728|amount=357.68|msg=checkout started
2026-07-28T19:41:28Z|payment|INFO|order=30503|amount=199.10|msg=stock reserved
2026-07-28T19:41:28Z|stock|INFO|order=77913|amount=309.64|msg=invoice generated
2026-07-28T19:41:29Z|payment|INFO|order=99010|amount=354.95|msg=order confirmed
2026-07-28T19:41:31Z|checkout|ERROR|order=56236|amount=12.60|msg=order rollback
2026-07-28T19:41:32Z|checkout|INFO|order=63559|amount=145.79|msg=order confirmed
2026-07-28T19:41:32Z|stock|INFO|order=20294|amount=71.77|msg=checkout started
2026-07-28T19:41:32Z|checkout|WARN|order=49842|amount=288.15|msg=stock level low
2026-07-28T19:41:32Z|payment|INFO|order=17655|amount=388.90|msg=order confirmed
2026-07-28T19:41:32Z|checkout|INFO|order=79577|amount=10.13|msg=order confirmed
2026-07-28T19:41:33Z|payment|INFO|order=75801|amount=336.36|msg=stock reserved
2026-07-28T19:41:33Z|checkout|INFO|order=58123|amount=102.34|msg=payment captured
2026-07-28T19:41:34Z|stock|INFO|order=52203|amount=20.59|msg=invoice generated
2026-07-28T19:41:34Z|stock|INFO|order=45586|amount=201.03|msg=order confirmed
2026-07-28T19:41:34Z|checkout|INFO|order=23403|amount=179.03|msg=checkout started
2026-07-28T19:41:34Z|payment|INFO|order=64782|amount=345.45|msg=payment captured
2026-07-28T19:41:35Z|stock|INFO|order=81685|amount=212.69|msg=invoice generated
2026-07-28T19:41:35Z|checkout|INFO|order=48632|amount=167.46|msg=checkout started
2026-07-28T19:41:36Z|payment|WARN|order=66374|amount=355.86|msg=payment failed, cart preserved
2026-07-28T19:41:36Z|stock|INFO|order=93901|amount=10.00|msg=payment captured
2026-07-28T19:41:36Z|stock|WARN|order=12823|amount=75.57|msg=payment failed, cart preserved
2026-07-28T19:41:37Z|stock|INFO|order=13524|amount=63.15|msg=payment captured
2026-07-28T19:41:38Z|payment|INFO|order=75086|amount=299.19|msg=payment captured
2026-07-28T19:41:38Z|payment|INFO|order=80664|amount=190.74|msg=order confirmed
2026-07-28T19:41:40Z|stock|INFO|order=11038|amount=115.75|msg=order confirmed
2026-07-28T19:41:40Z|payment|ERROR|order=75922|amount=309.38|msg=gateway timeout after 30s
2026-07-28T19:41:41Z|stock|WARN|order=45901|amount=58.75|msg=retrying gateway call
2026-07-28T19:41:41Z|stock|INFO|order=68350|amount=93.47|msg=invoice generated
2026-07-28T19:41:42Z|stock|INFO|order=26526|amount=234.01|msg=checkout started
2026-07-28T19:41:42Z|payment|FATAL-OOM
2026-07-28T19:41:43Z|payment|WARN|order=69097|amount=369.76|msg=slow response from bank
2026-07-28T19:41:45Z|payment|ERROR|order=30426|amount=142.63|msg=order rollback
2026-07-28T19:41:45Z|checkout|INFO|order=55141|amount=260.07|msg=stock reserved
2026-07-28T19:41:45Z|checkout|INFO|order=65530|amount=34.03|msg=stock reserved
2026-07-28T19:41:45Z|payment|INFO|order=43818|amount=59.53|msg=checkout started
2026-07-28T19:41:46Z|checkout|ERROR|order=92999|amount=324.60|msg=gateway timeout after 30s
2026-07-28T19:41:47Z|stock|INFO|order=73579|amount=285.05|msg=payment captured
2026-07-28T19:41:47Z|checkout|ERROR|order=42199|amount=73.39|msg=order rollback
2026-07-28T19:41:47Z|stock|INFO|order=91877|amount=11.07|msg=payment captured
2026-07-28T19:41:49Z|payment|INFO|order=62171|amount=121.18|msg=stock reserved
2026-07-28T19:41:50Z|payment|WARN|order=76900|amount=316.66|msg=stock level low
2026-07-28T19:41:50Z|stock|INFO|order=83691|amount=15.84|msg=checkout started
2026-07-28T19:41:51Z|payment|INFO|order=15278|amount=137.88|msg=checkout started
2026-07-28T19:41:51Z|stock|WARN|order=47440|amount=295.56|msg=stock level low
2026-07-28T19:41:51Z|payment|INFO|order=29814|amount=26.38|msg=stock reserved
2026-07-28T19:41:51Z|stock|ERROR|order=29163|amount=371.98|msg=gateway timeout after 30s
2026-07-28T19:41:52Z|payment|INFO|order=17646|amount=248.24|msg=checkout started
2026-07-28T19:41:53Z|payment|ERROR|order=47417|amount=101.65|msg=card declined
2026-07-28T19:41:53Z|checkout|WARN|order=83329|amount=26.25|msg=stock level low
2026-07-28T19:41:55Z|payment|ERROR|order=|msg=
2026-07-28T19:41:55Z|checkout|WARN|order=65901|amount=181.73|msg=payment failed, cart preserved
2026-07-28T19:41:57Z|payment|INFO|order=58777|amount=386.93|msg=order confirmed
2026-07-28T19:41:57Z|stock|INFO|order=55724|amount=395.02|msg=stock reserved
2026-07-28T19:41:58Z|checkout|WARN|order=77652|amount=236.54|msg=stock level low
2026-07-28T19:41:59Z|checkout|WARN|order=30776|amount=184.98|msg=retrying gateway call
2026-07-28T19:41:59Z|checkout|INFO|order=78882|amount=173.00|msg=order confirmed
2026-07-28T19:42:00Z|payment|INFO|order=64390|amount=269.09|msg=stock reserved
2026-07-28T19:42:00Z|payment|INFO|order=70508|amount=82.79|msg=invoice generated
2026-07-28T19:42:01Z|stock|INFO|order=75646|amount=303.39|msg=stock reserved
2026-07-28T19:42:03Z|payment|INFO|order=46292|amount=154.91|msg=checkout started
2026-07-28T19:42:04Z|payment|INFO|order=28587|amount=232.27|msg=checkout started
2026-07-28T19:42:04Z|payment|INFO|order=84258|amount=394.09|msg=checkout started
2026-07-28T19:42:04Z|payment|WARN|order=70114|amount=292.51|msg=retrying gateway call
2026-07-28T19:42:05Z|payment|INFO|order=90080|amount=215.58|msg=order confirmed
2026-07-28T19:42:05Z|checkout|INFO|order=85649|amount=164.16|msg=order confirmed
2026-07-28T19:42:05Z|payment|INFO|order=56903|amount=382.96|msg=checkout started
2026-07-28T19:42:07Z|stock|INFO|order=42194|amount=128.24|msg=invoice generated
2026-07-28T19:42:07Z|checkout|ERROR|order=21935|amount=60.97|msg=card declined
2026-07-28T19:42:08Z|payment|INFO|order=10019|amount=43.78|msg=order confirmed
2026-07-28T19:42:09Z|stock|INFO|order=56112|amount=254.19|msg=stock reserved
null
2026-07-28T19:42:10Z|stock|INFO|order=87057|amount=164.71|msg=payment captured
2026-07-28T19:42:11Z|checkout|INFO|order=24080|amount=234.61|msg=order confirmed
2026-07-28T19:42:13Z|stock|INFO|order=71793|amount=36.50|msg=order confirmed
2026-07-28T19:42:13Z|payment|INFO|order=45785|amount=28.51|msg=payment captured
2026-07-28T19:42:13Z|checkout|WARN|order=25647|amount=204.49|msg=payment failed, cart preserved
2026-07-28T19:42:14Z|payment|ERROR|order=97077|amount=133.39|msg=gateway timeout after 30s
2026-07-28T19:42:15Z|payment|INFO|order=60530|amount=395.65|msg=order confirmed
2026-07-28T19:42:17Z|checkout|ERROR|order=51152|amount=221.95|msg=gateway timeout after 30s
2026-07-28T19:42:17Z|checkout|ERROR|order=11793|amount=334.37|msg=stock service unreachable
2026-07-28T19:42:18Z|checkout|INFO|order=63166|amount=179.47|msg=order confirmed
2026-07-28T19:42:19Z|stock|INFO|order=16826|amount=59.78|msg=order confirmed
2026-07-28T19:42:20Z|stock|INFO|order=47745|amount=371.70|msg=invoice generated
2026-07-28T19:42:20Z|checkout|ERROR|order=82049|amount=29.45|msg=stock service unreachable
2026-07-28T19:42:21Z|payment|ERROR|order=66447|amount=122.02|msg=order rollback
2026-07-28T19:42:21Z|checkout|INFO|order=56199|amount=82.48|msg=invoice generated
2026-07-28T19:42:23Z|payment|INFO|order=36282|amount=90.83|msg=payment captured
2026-07-28T19:42:23Z|payment|INFO|order=12162|amount=391.85|msg=order confirmed
2026-07-28T19:42:24Z|payment|WARN|order=24530|amount=147.21|msg=payment failed, cart preserved
2026-07-28T19:42:24Z|checkout|WARN|order=27699|amount=211.84|msg=stock level low
2026-07-28T19:42:25Z|stock|ERROR|order=10297|amount=323.04|msg=card declined
2026-07-28T19:42:27Z|payment|INFO|order=56688|amount=392.38|msg=invoice generated
2026-07-28T19:42:27Z|checkout|WARN|order=23491|amount=272.87|msg=retrying gateway call
2026-07-28T19:42:27Z|payment|INFO|order=76498|amount=232.34|msg=checkout started
2026-07-28T19:42:28Z|checkout|INFO|order=75440|amount=71.23|msg=stock reserved
2026-07-28T19:42:28Z|payment|INFO|order=12087|amount=168.96|msg=invoice generated
2026-07-28T19:42:28Z|stock|INFO|order=38247|amount=280.85|msg=payment captured
2026-07-28T19:42:28Z|checkout|INFO|order=65092|amount=212.54|msg=order confirmed
2026-07-28T19:42:30Z|stock|INFO|order=83936|amount=89.75|msg=invoice generated
2026-07-28T19:42:30Z|checkout|INFO|order=73013|amount=69.20|msg=order confirmed
2026-07-28T19:42:31Z|checkout|INFO|order=54928|amount=40.54|msg=payment captured
2026-07-28T19:42:31Z|checkout|INFO|order=26748|amount=261.47|msg=stock reserved
2026-07-28T19:42:32Z|stock|INFO|order=44070|amount=136.91|msg=order confirmed
2026-07-28T19:42:33Z|checkout|INFO|order=76213|amount=97.79|msg=invoice generated
2026-07-28T19:42:33Z|payment|WARN|order=75084|amount=304.89|msg=slow response from bank
2026-07-28T19:42:33Z|stock|INFO|order=95720|amount=312.69|msg=order confirmed
2026-07-28T19:42:33Z|payment|INFO|order=65944|amount=240.45|msg=checkout started
2026-07-28T19:42:34Z|stock|INFO|order=75657|amount=389.59|msg=order confirmed
2026-07-28T19:42:35Z|stock|INFO|order=61655|amount=378.93|msg=payment captured
2026-07-28T19:42:38Z|payment|INFO|order=25990|amount=152.83|msg=order confirmed
2026-07-28T19:42:38Z|checkout|INFO|order=68092|amount=363.84|msg=checkout started
2026-07-28T19:42:39Z|payment|INFO|order=49721|amount=326.58|msg=payment captured
2026-07-28T19:42:39Z|checkout|INFO|order=12171|amount=185.41|msg=invoice generated
2026-07-28T19:42:40Z|stock|WARN|order=33228|amount=279.55|msg=payment failed, cart preserved
2026-07-28T19:42:40Z|checkout|INFO|order=59746|amount=162.49|msg=checkout started
2026-07-28T19:42:41Z|payment|INFO|order=58795|amount=135.00|msg=invoice generated
2026-07-28T19:42:43Z|checkout|INFO|order=23818|amount=16.99|msg=checkout started
2026-07-28T19:42:44Z|payment|WARN|order=11277|amount=99.86|msg=retrying gateway call
2026-07-28T19:42:44Z|stock|INFO|order=21137|amount=324.67|msg=stock reserved
2026-07-28T19:42:46Z|stock|INFO|order=51528|amount=192.69|msg=stock reserved
2026-07-28T19:42:46Z|checkout|WARN|order=42990|amount=202.11|msg=slow response from bank
2026-07-28T19:42:47Z|checkout|INFO|order=25248|amount=125.23|msg=invoice generated
2026-07-28T19:42:47Z|checkout|INFO|order=96760|amount=148.05|msg=payment captured
2026-07-28T19:42:48Z|stock|INFO|order=36259|amount=6.46|msg=invoice generated
2026-07-28T19:42:48Z|stock|INFO|order=98635|amount=131.22|msg=order confirmed
2026-07-28T19:42:49Z|checkout|INFO|order=37853|amount=80.25|msg=payment captured
2026-07-28T19:42:49Z|stock|INFO|order=73912|amount=350.89|msg=payment captured
2026-07-28T19:42:50Z|checkout|INFO|order=87492|amount=109.17|msg=order confirmed
2026-07-28T19:42:50Z|checkout|INFO|order=65158|amount=183.09|msg=stock reserved
2026-07-28T19:42:51Z|payment|INFO|order=43972|amount=320.26|msg=stock reserved
2026-07-28T19:42:51Z|stock|INFO|order=24744|amount=102.62|msg=payment captured
2026-07-28T19:42:52Z|payment|INFO|order=10777|amount=109.72|msg=payment captured
2026-07-28T19:42:52Z|payment|INFO|order=30019|amount=205.85|msg=checkout started
2026-07-28T19:42:53Z|stock|INFO|order=98267|amount=123.82|msg=order confirmed
2026-07-28T19:42:53Z|checkout|INFO|order=84658|amount=167.82|msg=checkout started
2026-07-28T19:42:53Z|stock|INFO|order=18171|amount=65.96|msg=payment captured
2026-07-28T19:42:54Z|stock|INFO|order=71003|amount=51.56|msg=checkout started
2026-07-28T19:42:55Z|stock|INFO|order=98951|amount=105.81|msg=stock reserved
2026-07-28T19:42:55Z|checkout|INFO|order=33361|amount=396.36|msg=checkout started
2026-07-28T19:42:57Z|checkout|ERROR|order=68454|amount=189.93|msg=order rollback
2026-07-28T19:42:59Z|stock|INFO|order=85009|amount=257.81|msg=order confirmed
2026-07-28T19:42:59Z|payment|ERROR|order=48722|amount=241.32|msg=stock service unreachable
2026-07-28T19:42:59Z|stock|INFO|order=42650|amount=41.16|msg=checkout started
2026-07-28T19:43:01Z|stock|INFO|order=97994|amount=43.20|msg=payment captured
2026-07-28T19:43:01Z|payment|INFO|order=27293|amount=14.06|msg=stock reserved
2026-07-28T19:43:02Z|stock|INFO|order=10217|amount=79.09|msg=payment captured
2026-07-28T19:43:03Z|payment|INFO|order=15832|amount=168.54|msg=order confirmed
2026-07-28T19:43:03Z|stock|INFO|order=71921|amount=302.97|msg=payment captured
2026-07-28T19:43:03Z|checkout|INFO|order=86652|amount=93.83|msg=stock reserved
2026-07-28T19:43:04Z|stock|WARN|order=58205|amount=286.35|msg=slow response from bank
2026-07-28T19:43:05Z|checkout|INFO|order=47654|amount=172.16|msg=checkout started
2026-07-28T19:43:06Z|stock|WARN|order=37162|amount=372.75|msg=slow response from bank
2026-07-28T19:43:07Z|checkout|INFO|order=77593|amount=140.09|msg=invoice generated
2026-07-28T19:43:07Z|checkout|INFO|order=34090|amount=8.04|msg=invoice generated
2026-07-28T19:43:08Z|checkout|INFO|order=50491|amount=117.66|msg=invoice generated
2026-07-28T19:43:09Z|payment|WARN|order=19984|amount=75.11|msg=retrying gateway call
2026-07-28T19:43:09Z|payment|INFO|order=13025|amount=177.19|msg=stock reserved
2026-07-28T19:43:09Z|stock|INFO|order=22856|amount=326.00|msg=order confirmed
2026-07-28T19:43:09Z|payment|WARN|order=92991|amount=187.79|msg=retrying gateway call
2026-07-28T19:43:10Z|payment|ERROR|order=|msg=
2026-07-28T19:43:10Z|stock|INFO|order=23987|amount=166.30|msg=order confirmed
2026-07-28T19:43:13Z|checkout|INFO|order=85006|amount=393.12|msg=stock reserved
2026-07-28T19:43:14Z|stock|INFO|order=90060|amount=80.70|msg=invoice generated
2026-07-28T19:43:14Z|checkout|WARN|order=26486|amount=364.38|msg=stock level low
2026-07-28T19:43:15Z|stock|WARN|order=19760|amount=392.88|msg=slow response from bank
2026-07-28T19:43:16Z|payment|ERROR|order=|msg=
2026-07-28T19:43:17Z|stock|ERROR|order=29217|amount=273.53|msg=card declined
2026-07-28T19:43:17Z|payment|INFO|order=92438|amount=169.29|msg=checkout started
2026-07-28T19:43:18Z|payment|INFO|order=55484|amount=286.53|msg=payment captured
2026-07-28T19:43:20Z|payment|INFO|order=57120|amount=256.34|msg=payment captured
2026-07-28T19:43:21Z|stock|INFO|order=22827|amount=140.09|msg=stock reserved
2026-07-28T19:43:21Z|checkout|INFO|order=12538|amount=209.48|msg=payment captured
2026-07-28T19:43:22Z|stock|INFO|order=96840|amount=182.69|msg=stock reserved
2026-07-28T19:43:23Z|payment|INFO|order=80535|amount=67.77|msg=checkout started
2026-07-28T19:43:24Z|checkout|INFO|order=62302|amount=379.97|msg=order confirmed
2026-07-28T19:43:24Z|payment|INFO|order=72881|amount=271.89|msg=payment captured
2026-07-28T19:43:25Z|stock|INFO|order=31598|amount=68.06|msg=invoice generated
2026-07-28T19:43:25Z|payment|INFO|order=53819|amount=341.79|msg=order confirmed
2026-07-28T19:43:26Z|stock|WARN|order=62388|amount=355.28|msg=payment failed, cart preserved
2026-07-28T19:43:27Z|payment|ERROR|order=|msg=
2026-07-28T19:43:27Z|checkout|WARN|order=22256|amount=114.99|msg=slow response from bank
2026-07-28T19:43:28Z|checkout|WARN|order=20814|amount=333.47|msg=retrying gateway call
2026-07-28T19:43:28Z|stock|INFO|order=68261|amount=97.26|msg=stock reserved
2026-07-28T19:43:29Z|checkout|INFO|order=77482|amount=172.50|msg=order confirmed
2026-07-28T19:43:29Z|stock|INFO|order=35077|amount=361.85|msg=checkout started
2026-07-28T19:43:30Z|payment|INFO|order=15749|amount=125.85|msg=order confirmed
2026-07-28T19:43:31Z|stock|INFO|order=64711|amount=133.96|msg=order confirmed
2026-07-28T19:43:32Z|payment|WARN|order=20820|amount=121.58|msg=retrying gateway call
2026-07-28T19:43:33Z|stock|INFO|order=83426|amount=307.48|msg=order confirmed
2026-07-28T19:43:34Z|stock|INFO|order=32074|amount=152.01|msg=payment captured
2026-07-28T19:43:35Z|payment|WARN|order=65912|amount=322.36|msg=stock level low
2026-07-28T19:43:36Z|stock|WARN|order=21687|amount=268.13|msg=stock level low
2026-07-28T19:43:36Z|checkout|WARN|order=79343|amount=136.78|msg=payment failed, cart preserved
2026-07-28T19:43:36Z|checkout|WARN|order=89721|amount=230.77|msg=payment failed, cart preserved
2026-07-28T19:43:38Z|stock|INFO|order=99687|amount=166.05|msg=order confirmed
2026-07-28T19:43:39Z|checkout|WARN|order=89824|amount=274.10|msg=payment failed, cart preserved
2026-07-28T19:43:39Z|payment|WARN|order=10403|amount=347.72|msg=payment failed, cart preserved
2026-07-28T19:43:40Z|payment|INFO|order=21371|amount=229.09|msg=order confirmed
2026-07-28T19:43:40Z|stock|ERROR|order=93140|amount=192.87|msg=stock service unreachable
2026-07-28T19:43:41Z|stock|INFO|order=72793|amount=146.84|msg=payment captured
2026-07-28T19:43:42Z|payment|INFO|order=36258|amount=267.06|msg=invoice generated
2026-07-28T19:43:42Z|payment|INFO|order=66149|amount=193.70|msg=stock reserved
2026-07-28T19:43:44Z|stock|WARN|order=87152|amount=209.73|msg=payment failed, cart preserved
2026-07-28T19:43:45Z|payment|INFO|order=16378|amount=289.46|msg=checkout started
2026-07-28T19:43:45Z|payment|INFO|order=12698|amount=275.42|msg=checkout started
2026-07-28T19:43:46Z|stock|WARN|order=76330|amount=329.02|msg=payment failed, cart preserved
2026-07-28T19:43:46Z|stock|WARN|order=11230|amount=362.41|msg=retrying gateway call
2026-07-28T19:43:48Z|stock|ERROR|order=79177|amount=351.51|msg=stock service unreachable
2026-07-28T19:43:49Z|checkout|INFO|order=37522|amount=203.20|msg=payment captured
2026-07-28T19:43:49Z|payment|INFO|order=10908|amount=90.12|msg=checkout started
2026-07-28T19:43:49Z|stock|WARN|order=91623|amount=306.61|msg=payment failed, cart preserved
2026-07-28T19:43:50Z|payment|INFO|order=16728|amount=149.01|msg=checkout started
2026-07-28T19:43:50Z|stock|INFO|order=29619|amount=373.48|msg=checkout started
2026-07-28T19:43:51Z|stock|INFO|order=89546|amount=185.49|msg=invoice generated
2026-07-28T19:43:51Z|stock|INFO|order=32123|amount=365.08|msg=checkout started
2026-07-28T19:43:51Z|payment|INFO|order=64851|amount=22.15|msg=stock reserved
2026-07-28T19:43:51Z|stock|INFO|order=24698|amount=399.98|msg=stock reserved
2026-07-28T19:43:53Z|stock|INFO|order=94358|amount=353.17|msg=order confirmed
2026-07-28T19:43:55Z|payment|INFO|order=86278|amount=269.62|msg=invoice generated
2026-07-28T19:43:55Z|stock|INFO|order=35989|amount=384.49|msg=order confirmed
2026-07-28T19:43:55Z|payment|INFO|order=78032|amount=392.94|msg=payment captured
2026-07-28T19:43:56Z|payment|INFO|order=79790|amount=199.06|msg=checkout started
2026-07-28T19:43:56Z|stock|WARN|order=78000|amount=84.23|msg=payment failed, cart preserved
2026-07-28T19:43:58Z|stock|INFO|order=38851|amount=99.84|msg=payment captured
2026-07-28T19:43:59Z|payment|INFO|order=70056|amount=122.83|msg=payment captured
2026-07-28T19:43:59Z|checkout|WARN|order=53695|amount=160.55|msg=stock level low
2026-07-28T19:44:00Z|payment|INFO|order=31955|amount=45.00|msg=checkout started
2026-07-28T19:44:01Z|payment|INFO|order=99984|amount=259.33|msg=order confirmed
2026-07-28T19:44:01Z|stock|INFO|order=28911|amount=333.77|msg=order confirmed
2026-07-28T19:44:02Z|checkout|INFO|order=23593|amount=63.67|msg=checkout started
2026-07-28T19:44:02Z|stock|INFO|order=65170|amount=196.94|msg=order confirmed
2026-07-28T19:44:02Z|stock|ERROR|order=14245|amount=331.71|msg=gateway timeout after 30s
2026-07-28T19:44:03Z|payment|INFO|order=69753|amount=288.87|msg=checkout started
2026-07-28T19:44:04Z|checkout|ERROR|order=10259|amount=120.19|msg=order rollback
2026-07-28T19:44:04Z|stock|INFO|order=77586|amount=257.35|msg=stock reserved
2026-07-28T19:44:04Z|checkout|INFO|order=73637|amount=325.03|msg=checkout started
2026-07-28T19:44:06Z|stock|INFO|order=59879|amount=336.60|msg=stock reserved
2026-07-28T19:44:08Z|checkout|ERROR|order=43525|amount=56.90|msg=stock service unreachable
2026-07-28T19:44:08Z|stock|INFO|order=18383|amount=32.56|msg=invoice generated
2026-07-28T19:44:08Z|payment|INFO|order=23577|amount=63.46|msg=invoice generated
2026-07-28T19:44:09Z|checkout|INFO|order=40052|amount=171.57|msg=checkout started
2026-07-28T19:44:10Z|checkout|INFO|order=97342|amount=243.66|msg=payment captured
2026-07-28T19:44:10Z|stock|INFO|order=88434|amount=167.29|msg=invoice generated
2026-07-28T19:44:10Z|stock|INFO|order=61199|amount=122.92|msg=payment captured
2026-07-28T19:44:11Z|stock|INFO|order=66294|amount=243.81|msg=payment captured
2026-07-28T19:44:12Z|checkout|ERROR|order=80832|amount=236.45|msg=gateway timeout after 30s
2026-07-28T19:44:12Z|stock|ERROR|order=18346|amount=321.16|msg=stock service unreachable
2026-07-28T19:44:12Z|payment|INFO|order=58264|amount=42.88|msg=checkout started
2026-07-28T19:44:12Z|stock|INFO|order=55587|amount=296.16|msg=invoice generated
2026-07-28T19:44:13Z|checkout|INFO|order=64228|amount=350.60|msg=invoice generated
2026-07-28T19:44:13Z|stock|ERROR|order=76471|amount=168.96|msg=gateway timeout after 30s
2026-07-28T19:44:14Z|checkout|ERROR|order=66378|amount=114.51|msg=card declined
2026-07-28T19:44:14Z|payment|INFO|order=12264|amount=332.68|msg=payment captured
2026-07-28T19:44:14Z|stock|INFO|order=27588|amount=144.07|msg=checkout started
2026-07-28T19:44:15Z|checkout|INFO|order=16770|amount=138.61|msg=checkout started
2026-07-28T19:44:15Z|checkout|INFO|order=52054|amount=394.53|msg=payment captured
2026-07-28T19:44:15Z|checkout|INFO|order=14874|amount=397.10|msg=invoice generated
2026-07-28T19:44:16Z|stock|INFO|order=55545|amount=271.21|msg=checkout started
2026-07-28T19:44:16Z|checkout|INFO|order=78925|amount=23.58|msg=stock reserved
2026-07-28T19:44:17Z|checkout|INFO|order=12496|amount=193.88|msg=payment captured
2026-07-28T19:44:18Z|checkout|INFO|order=88315|amount=117.26|msg=checkout started
2026-07-28T19:44:19Z|checkout|WARN|order=91355|amount=217.41|msg=payment failed, cart preserved
2026-07-28T19:44:21Z|stock|ERROR|order=31913|amount=162.96|msg=card declined
2026-07-28T19:44:21Z|stock|INFO|order=24437|amount=25.17|msg=invoice generated
2026-07-28T19:44:22Z|stock|ERROR|order=27506|amount=228.86|msg=order rollback
2026-07-28T19:44:23Z|checkout|ERROR|order=38657|amount=25.96|msg=card declined
2026-07-28T19:44:23Z|stock|WARN|order=39180|amount=162.65|msg=retrying gateway call
2026-07-28T19:44:23Z|checkout|INFO|order=43173|amount=93.04|msg=payment captured
null
2026-07-28T19:44:24Z|checkout|INFO|order=81425|amount=310.70|msg=stock reserved
2026-07-28T19:44:24Z|payment|INFO|order=59948|amount=21.19|msg=payment captured
2026-07-28T19:44:25Z|checkout|INFO|order=99633|amount=258.19|msg=payment captured
2026-07-28T19:44:27Z|checkout|INFO|order=20773|amount=299.57|msg=invoice generated
2026-07-28T19:44:28Z|stock|INFO|order=22388|amount=27.08|msg=payment captured
2026-07-28T19:44:28Z|checkout|INFO|order=68303|amount=94.17|msg=checkout started
2026-07-28T19:44:29Z|checkout|ERROR|order=49771|amount=61.97|msg=stock service unreachable
2026-07-28T19:44:30Z|checkout|INFO|order=72589|amount=340.87|msg=invoice generated
2026-07-28T19:44:30Z|payment|INFO|order=41275|amount=173.96|msg=order confirmed
2026-07-28T19:44:31Z|payment|ERROR|order=36962|amount=296.03|msg=stock service unreachable
2026-07-28T19:44:31Z|checkout|WARN|order=53257|amount=118.44|msg=payment failed, cart preserved
2026-07-28T19:44:31Z|stock|INFO|order=94696|amount=224.44|msg=invoice generated
2026-07-28T19:44:33Z|stock|INFO|order=36990|amount=191.61|msg=stock reserved
2026-07-28T19:44:33Z|stock|INFO|order=53277|amount=290.76|msg=stock reserved
2026-07-28T19:44:33Z|stock|WARN|order=58903|amount=169.89|msg=payment failed, cart preserved
2026-07-28T19:44:34Z|checkout|INFO|order=34066|amount=314.73|msg=payment captured
2026-07-28T19:44:34Z|payment|INFO|order=36892|amount=94.99|msg=order confirmed
2026-07-28T19:44:34Z|payment|ERROR|order=75437|amount=267.35|msg=stock service unreachable
2026-07-28T19:44:35Z|payment|INFO|order=75805|amount=156.55|msg=payment captured
2026-07-28T19:44:35Z|checkout|INFO|order=65712|amount=96.52|msg=checkout started
2026-07-28T19:44:38Z|checkout|INFO|order=55467|amount=143.73|msg=order confirmed
2026-07-28T19:44:38Z|payment|INFO|order=94990|amount=215.60|msg=payment captured
2026-07-28T19:44:40Z|checkout|ERROR|order=54934|amount=174.86|msg=order rollback
2026-07-28T19:44:40Z|stock|INFO|order=86088|amount=76.66|msg=checkout started
2026-07-28T19:44:40Z|stock|ERROR|order=71251|amount=356.45|msg=order rollback
2026-07-28T19:44:41Z|stock|INFO|order=10844|amount=230.63|msg=payment captured
2026-07-28T19:44:41Z|stock|WARN|order=47215|amount=125.79|msg=stock level low
2026-07-28T19:44:42Z|stock|ERROR|order=15620|amount=141.81|msg=gateway timeout after 30s
2026-07-28T19:44:42Z|checkout|INFO|order=21078|amount=58.26|msg=checkout started
2026-07-28T19:44:43Z|payment|INFO|order=70132|amount=53.23|msg=invoice generated
2026-07-28T19:44:44Z|stock|INFO|order=44552|amount=312.80|msg=stock reserved
2026-07-28T19:44:44Z|payment|INFO|order=87156|amount=343.31|msg=stock reserved
2026-07-28T19:44:46Z|checkout|WARN|order=18401|amount=139.20|msg=stock level low
2026-07-28T19:44:46Z|checkout|ERROR|order=49810|amount=70.54|msg=gateway timeout after 30s
2026-07-28T19:44:48Z|stock|INFO|order=23778|amount=375.82|msg=payment captured
2026-07-28T19:44:49Z|checkout|INFO|order=72624|amount=257.68|msg=order confirmed
2026-07-28T19:44:49Z|checkout|INFO|order=50614|amount=5.02|msg=payment captured
2026-07-28T19:44:49Z|checkout|INFO|order=84435|amount=167.18|msg=stock reserved
2026-07-28T19:44:49Z|stock|INFO|order=78422|amount=364.44|msg=stock reserved
2026-07-28T19:44:50Z|checkout|INFO|order=88764|amount=187.35|msg=order confirmed
2026-07-28T19:44:50Z|payment|INFO|order=99549|amount=330.09|msg=payment captured
2026-07-28T19:44:50Z|checkout|INFO|order=32114|amount=340.98|msg=checkout started
2026-07-28T19:44:51Z|checkout|INFO|order=63814|amount=52.38|msg=stock reserved
2026-07-28T19:44:52Z|payment|INFO|order=74946|amount=203.13|msg=stock reserved
2026-07-28T19:44:52Z|checkout|INFO|order=55841|amount=269.49|msg=invoice generated
2026-07-28T19:44:54Z|payment|INFO|order=70730|amount=84.38|msg=payment captured
2026-07-28T19:44:55Z|checkout|INFO|order=54000|amount=313.78|msg=invoice generated
2026-07-28T19:44:56Z|checkout|INFO|order=55537|amount=273.45|msg=invoice generated
2026-07-28T19:44:56Z|stock|INFO|order=51337|amount=80.91|msg=checkout started
2026-07-28T19:44:56Z|payment|ERROR|order=51029|amount=364.96|msg=stock service unreachable
2026-07-28T19:44:56Z|stock|INFO|order=57703|amount=323.81|msg=order confirmed
2026-07-28T19:44:58Z|payment|INFO|order=59732|amount=298.18|msg=invoice generated
2026-07-28T19:44:59Z|payment|FATAL-OOM
2026-07-28T19:45:00Z|checkout|INFO|order=11438|amount=72.52|msg=invoice generated
2026-07-28T19:45:01Z|stock|INFO|order=36158|amount=241.63|msg=checkout started
2026-07-28T19:45:02Z|payment|WARN|order=77114|amount=261.86|msg=retrying gateway call
2026-07-28T19:45:04Z|payment|INFO|order=76062|amount=223.32|msg=checkout started
2026-07-28T19:45:04Z|checkout|INFO|order=76056|amount=122.12|msg=invoice generated
2026-07-28T19:45:05Z|payment|INFO|order=31823|amount=57.75|msg=invoice generated
2026-07-28T19:45:05Z|payment|INFO|order=62928|amount=245.81|msg=stock reserved
2026-07-28T19:45:06Z|payment|WARN|order=48404|amount=259.97|msg=stock level low
2026-07-28T19:45:06Z|stock|WARN|order=96321|amount=321.87|msg=stock level low
2026-07-28T19:45:07Z|payment|INFO|order=50432|amount=335.04|msg=checkout started
2026-07-28T19:45:07Z|payment|ERROR|order=28346|amount=39.58|msg=card declined
2026-07-28T19:45:07Z|checkout|INFO|order=65407|amount=294.63|msg=payment captured
2026-07-28T19:45:09Z|payment|ERROR|order=70611|amount=274.38|msg=order rollback
2026-07-28T19:45:09Z|checkout|WARN|order=49005|amount=90.32|msg=retrying gateway call
2026-07-28T19:45:09Z|stock|INFO|order=24853|amount=118.89|msg=checkout started
2026-07-28T19:45:11Z|stock|INFO|order=85481|amount=149.33|msg=invoice generated
2026-07-28T19:45:11Z|payment|INFO|order=73683|amount=352.25|msg=order confirmed
2026-07-28T19:45:12Z|payment|ERROR|order=51571|amount=104.09|msg=gateway timeout after 30s
2026-07-28T19:45:12Z|payment|INFO|order=98727|amount=257.82|msg=stock reserved
2026-07-28T19:45:12Z|checkout|ERROR|order=66614|amount=165.09|msg=stock service unreachable
2026-07-28T19:45:13Z|checkout|INFO|order=66202|amount=146.06|msg=payment captured
2026-07-28T19:45:14Z|stock|INFO|order=39748|amount=181.62|msg=checkout started
2026-07-28T19:45:15Z|checkout|INFO|order=26103|amount=394.51|msg=checkout started
2026-07-28T19:45:15Z|stock|INFO|order=67069|amount=378.21|msg=invoice generated
2026-07-28T19:45:16Z|checkout|INFO|order=12959|amount=217.38|msg=order confirmed
2026-07-28T19:45:16Z|checkout|ERROR|order=65308|amount=123.80|msg=gateway timeout after 30s
2026-07-28T19:45:17Z|checkout|ERROR|order=64493|amount=304.81|msg=order rollback
2026-07-28T19:45:17Z|stock|INFO|order=42703|amount=142.96|msg=invoice generated
2026-07-28T19:45:17Z|payment|INFO|order=97263|amount=298.26|msg=invoice generated
2026-07-28T19:45:17Z|payment|WARN|order=50261|amount=240.76|msg=slow response from bank
2026-07-28T19:45:19Z|checkout|INFO|order=13709|amount=138.96|msg=invoice generated
2026-07-28T19:45:20Z|stock|INFO|order=85349|amount=129.28|msg=stock reserved
2026-07-28T19:45:20Z|stock|INFO|order=35827|amount=69.39|msg=checkout started
2026-07-28T19:45:21Z|checkout|WARN|order=64989|amount=14.13|msg=payment failed, cart preserved
2026-07-28T19:45:21Z|payment|INFO|order=10942|amount=387.26|msg=payment captured
2026-07-28T19:45:21Z|stock|INFO|order=43554|amount=29.07|msg=order confirmed
2026-07-28T19:45:22Z|payment|INFO|order=25858|amount=235.26|msg=order confirmed
2026-07-28T19:45:22Z|payment|INFO|order=57489|amount=23.40|msg=invoice generated
2026-07-28T19:45:22Z|checkout|INFO|order=34993|amount=211.87|msg=order confirmed
2026-07-28T19:45:24Z|stock|WARN|order=50175|amount=81.87|msg=slow response from bank
2026-07-28T19:45:24Z|checkout|WARN|order=67174|amount=39.78|msg=stock level low
2026-07-28T19:45:24Z|payment|INFO|order=31338|amount=221.96|msg=checkout started
2026-07-28T19:45:25Z|payment|INFO|order=49545|amount=244.84|msg=checkout started
2026-07-28T19:45:26Z|payment|INFO|order=97835|amount=109.63|msg=checkout started
2026-07-28T19:45:26Z|checkout|WARN|order=68203|amount=16.05|msg=stock level low
2026-07-28T19:45:27Z|payment|WARN|order=99421|amount=371.76|msg=slow response from bank
2026-07-28T19:45:28Z|stock|INFO|order=14643|amount=248.37|msg=checkout started
2026-07-28T19:45:29Z|payment|INFO|order=59154|amount=309.52|msg=checkout started
2026-07-28T19:45:29Z|checkout|ERROR|order=92065|amount=140.22|msg=card declined
2026-07-28T19:45:29Z|checkout|INFO|order=86396|amount=166.35|msg=order confirmed
2026-07-28T19:45:30Z|payment|WARN|order=74171|amount=215.32|msg=retrying gateway call
2026-07-28T19:45:30Z|stock|INFO|order=39222|amount=145.40|msg=invoice generated
2026-07-28T19:45:31Z|payment|WARN|order=89922|amount=139.62|msg=stock level low
2026-07-28T19:45:31Z|stock|ERROR|order=75213|amount=138.92|msg=stock service unreachable
2026-07-28T19:45:32Z|stock|INFO|order=39373|amount=88.74|msg=checkout started
2026-07-28T19:45:32Z|stock|INFO|order=97617|amount=217.16|msg=payment captured
2026-07-28T19:45:32Z|checkout|INFO|order=38187|amount=349.67|msg=payment captured
2026-07-28T19:45:33Z|stock|INFO|order=32765|amount=284.11|msg=order confirmed
2026-07-28T19:45:33Z|payment|INFO|order=25870|amount=367.70|msg=order confirmed
2026-07-28T19:45:33Z|stock|ERROR|order=63281|amount=216.86|msg=card declined
2026-07-28T19:45:34Z|stock|INFO|order=66457|amount=29.11|msg=stock reserved
2026-07-28T19:45:35Z|checkout|WARN|order=39192|amount=160.09|msg=slow response from bank
2026-07-28T19:45:36Z|payment|FATAL-OOM
2026-07-28T19:45:36Z|payment|ERROR|order=16818|amount=336.16|msg=order rollback
2026-07-28T19:45:37Z|checkout|ERROR|order=47855|amount=146.51|msg=gateway timeout after 30s
2026-07-28T19:45:37Z|stock|INFO|order=45200|amount=76.83|msg=stock reserved
2026-07-28T19:45:39Z|stock|WARN|order=46312|amount=28.89|msg=stock level low
2026-07-28T19:45:39Z|stock|INFO|order=54911|amount=267.21|msg=order confirmed
2026-07-28T19:45:40Z|payment|INFO|order=36369|amount=317.76|msg=payment captured
2026-07-28T19:45:40Z|checkout|INFO|order=73858|amount=102.58|msg=order confirmed
2026-07-28T19:45:40Z|checkout|INFO|order=74115|amount=164.32|msg=order confirmed
2026-07-28T19:45:41Z|payment|FATAL-OOM
2026-07-28T19:45:41Z|checkout|INFO|order=20744|amount=257.51|msg=invoice generated
2026-07-28T19:45:42Z|stock|INFO|order=31948|amount=82.41|msg=payment captured
2026-07-28T19:45:42Z|stock|INFO|order=35617|amount=111.90|msg=stock reserved
2026-07-28T19:45:42Z|checkout|INFO|order=80271|amount=75.42|msg=invoice generated
2026-07-28T19:45:43Z|payment|INFO|order=91727|amount=314.26|msg=order confirmed
2026-07-28T19:45:43Z|payment|WARN|order=28501|amount=292.41|msg=stock level low
2026-07-28T19:45:43Z|checkout|ERROR|order=19208|amount=359.01|msg=order rollback
2026-07-28T19:45:43Z|stock|INFO|order=54537|amount=333.99|msg=checkout started
2026-07-28T19:45:44Z|checkout|INFO|order=27095|amount=43.86|msg=invoice generated
2026-07-28T19:45:45Z|payment|WARN|order=12102|amount=95.21|msg=payment failed, cart preserved
2026-07-28T19:45:45Z|stock|INFO|order=12560|amount=113.11|msg=payment captured
2026-07-28T19:45:46Z|stock|WARN|order=66104|amount=45.61|msg=payment failed, cart preserved
2026-07-28T19:45:46Z|checkout|WARN|order=45108|amount=163.08|msg=slow response from bank
2026-07-28T19:45:47Z|stock|INFO|order=94061|amount=174.91|msg=invoice generated
2026-07-28T19:45:47Z|payment|INFO|order=25592|amount=371.93|msg=stock reserved
2026-07-28T19:45:47Z|checkout|ERROR|order=17861|amount=310.49|msg=stock service unreachable
2026-07-28T19:45:48Z|checkout|INFO|order=85314|amount=368.59|msg=invoice generated
2026-07-28T19:45:49Z|stock|WARN|order=24894|amount=122.17|msg=retrying gateway call
2026-07-28T19:45:52Z|stock|ERROR|order=99917|amount=136.95|msg=gateway timeout after 30s
2026-07-28T19:45:53Z|checkout|INFO|order=36530|amount=267.01|msg=checkout started
2026-07-28T19:45:53Z|payment|INFO|order=26382|amount=190.34|msg=stock reserved
2026-07-28T19:45:54Z|checkout|INFO|order=53114|amount=242.19|msg=payment captured
2026-07-28T19:45:54Z|checkout|ERROR|order=23057|amount=228.37|msg=card declined
2026-07-28T19:45:54Z|payment|INFO|order=81761|amount=122.17|msg=stock reserved
2026-07-28T19:45:55Z|checkout|ERROR|order=25984|amount=113.69|msg=stock service unreachable
2026-07-28T19:45:56Z|payment|WARN|order=91403|amount=8.37|msg=payment failed, cart preserved
2026-07-28T19:45:57Z|stock|INFO|order=82038|amount=223.28|msg=checkout started
2026-07-28T19:45:57Z|payment|INFO|order=29494|amount=34.30|msg=invoice generated
2026-07-28T19:45:58Z|payment|INFO|order=25008|amount=303.56|msg=payment captured
2026-07-28T19:45:59Z|payment|INFO|order=65706|amount=148.92|msg=payment captured
2026-07-28T19:46:00Z|stock|ERROR|order=10520|amount=36.35|msg=gateway timeout after 30s
2026-07-28T19:46:00Z|payment|INFO|order=45465|amount=280.24|msg=order confirmed
2026-07-28T19:46:01Z|stock|WARN|order=21158|amount=86.37|msg=stock level low
2026-07-28T19:46:02Z|checkout|INFO|order=25391|amount=151.72|msg=invoice generated
2026-07-28T19:46:02Z|checkout|INFO|order=48141|amount=224.14|msg=invoice generated
2026-07-28T19:46:03Z|checkout|INFO|order=57464|amount=193.14|msg=invoice generated
2026-07-28T19:46:04Z|payment|FATAL-OOM
2026-07-28T19:46:04Z|checkout|INFO|order=89493|amount=261.26|msg=checkout started
2026-07-28T19:46:04Z|stock|INFO|order=65977|amount=9.72|msg=payment captured
2026-07-28T19:46:05Z|payment|INFO|order=34647|amount=152.28|msg=checkout started
2026-07-28T19:46:05Z|payment|INFO|order=26312|amount=137.22|msg=invoice generated
2026-07-28T19:46:06Z|stock|INFO|order=82478|amount=146.17|msg=payment captured
2026-07-28T19:46:06Z|payment|INFO|order=45395|amount=43.36|msg=checkout started
2026-07-28T19:46:07Z|checkout|INFO|order=77488|amount=378.06|msg=checkout started
2026-07-28T19:46:07Z|payment|INFO|order=16444|amount=72.73|msg=order confirmed
2026-07-28T19:46:09Z|payment|INFO|order=59568|amount=329.19|msg=invoice generated
2026-07-28T19:46:10Z|payment|INFO|order=11273|amount=256.73|msg=stock reserved
2026-07-28T19:46:10Z|checkout|ERROR|order=64018|amount=97.76|msg=gateway timeout after 30s
2026-07-28T19:46:11Z|checkout|WARN|order=84859|amount=211.13|msg=payment failed, cart preserved
2026-07-28T19:46:14Z|payment|INFO|order=15515|amount=58.06|msg=payment captured
2026-07-28T19:46:16Z|checkout|INFO|order=56814|amount=210.55|msg=checkout started
2026-07-28T19:46:16Z|stock|INFO|order=14246|amount=175.34|msg=order confirmed
2026-07-28T19:46:16Z|checkout|INFO|order=23698|amount=343.68|msg=order confirmed
2026-07-28T19:46:17Z|checkout|INFO|order=92424|amount=341.40|msg=invoice generated
2026-07-28T19:46:18Z|checkout|INFO|order=46689|amount=301.95|msg=invoice generated
2026-07-28T19:46:18Z|payment|INFO|order=73146|amount=41.17|msg=payment captured
2026-07-28T19:46:19Z|stock|WARN|order=43079|amount=53.86|msg=slow response from bank
2026-07-28T19:46:19Z|checkout|WARN|order=98971|amount=203.67|msg=slow response from bank
2026-07-28T19:46:20Z|stock|INFO|order=95469|amount=370.46|msg=stock reserved
2026-07-28T19:46:20Z|payment|INFO|order=94616|amount=398.32|msg=checkout started
2026-07-28T19:46:21Z|payment|ERROR|order=19255|amount=191.17|msg=order rollback
2026-07-28T19:46:21Z|payment|INFO|order=36054|amount=118.00|msg=invoice generated
2026-07-28T19:46:21Z|checkout|INFO|order=78622|amount=110.54|msg=checkout started
2026-07-28T19:46:22Z|stock|INFO|order=42264|amount=142.48|msg=stock reserved
2026-07-28T19:46:23Z|checkout|ERROR|order=36370|amount=136.65|msg=card declined
2026-07-28T19:46:23Z|checkout|INFO|order=85551|amount=244.31|msg=stock reserved
2026-07-28T19:46:24Z|checkout|INFO|order=84034|amount=271.82|msg=checkout started
2026-07-28T19:46:24Z|payment|ERROR|order=25931|amount=291.58|msg=gateway timeout after 30s
2026-07-28T19:46:24Z|payment|INFO|order=66172|amount=317.06|msg=payment captured
2026-07-28T19:46:25Z|checkout|ERROR|order=46890|amount=312.35|msg=stock service unreachable
2026-07-28T19:46:26Z|payment|INFO|order=39373|amount=132.95|msg=stock reserved
2026-07-28T19:46:29Z|payment|ERROR|order=29214|amount=250.44|msg=order rollback
2026-07-28T19:46:31Z|payment|WARN|order=21528|amount=182.23|msg=stock level low
2026-07-28T19:46:31Z|stock|ERROR|order=11128|amount=352.56|msg=stock service unreachable
2026-07-28T19:46:32Z|stock|INFO|order=56455|amount=78.85|msg=payment captured
2026-07-28T19:46:32Z|payment|WARN|order=12055|amount=65.80|msg=stock level low
2026-07-28T19:46:32Z|checkout|WARN|order=86210|amount=193.39|msg=retrying gateway call
2026-07-28T19:46:33Z|checkout|INFO|order=80299|amount=302.83|msg=invoice generated
2026-07-28T19:46:34Z|checkout|INFO|order=69095|amount=309.49|msg=checkout started
2026-07-28T19:46:34Z|payment|INFO|order=96925|amount=158.86|msg=payment captured
2026-07-28T19:46:35Z|stock|INFO|order=37018|amount=221.91|msg=payment captured
2026-07-28T19:46:35Z|payment|INFO|order=98661|amount=375.13|msg=order confirmed
2026-07-28T19:46:35Z|payment|INFO|order=60560|amount=249.50|msg=invoice generated
2026-07-28T19:46:37Z|checkout|INFO|order=82111|amount=126.71|msg=invoice generated
2026-07-28T19:46:37Z|checkout|INFO|order=14706|amount=300.79|msg=invoice generated
2026-07-28T19:46:38Z|stock|INFO|order=47201|amount=166.11|msg=checkout started
2026-07-28T19:46:38Z|checkout|WARN|order=45314|amount=11.04|msg=retrying gateway call
2026-07-28T19:46:38Z|payment|INFO|order=38516|amount=185.93|msg=payment captured
2026-07-28T19:46:39Z|checkout|INFO|order=30922|amount=162.12|msg=stock reserved
2026-07-28T19:46:39Z|checkout|INFO|order=62261|amount=329.92|msg=checkout started
2026-07-28T19:46:39Z|stock|ERROR|order=95341|amount=305.99|msg=order rollback
2026-07-28T19:46:39Z|checkout|ERROR|order=46196|amount=168.10|msg=gateway timeout after 30s
2026-07-28T19:46:39Z|payment|ERROR|order=82766|amount=393.82|msg=gateway timeout after 30s
2026-07-28T19:46:40Z|payment|WARN|order=40762|amount=385.95|msg=stock level low
2026-07-28T19:46:40Z|checkout|INFO|order=20726|amount=102.23|msg=invoice generated
2026-07-28T19:46:41Z|payment|WARN|order=64445|amount=193.52|msg=stock level low
2026-07-28T19:46:42Z|checkout|ERROR|order=50379|amount=11.55|msg=order rollback
2026-07-28T19:46:43Z|stock|INFO|order=79022|amount=169.30|msg=order confirmed
2026-07-28T19:46:44Z|stock|INFO|order=46702|amount=189.35|msg=order confirmed
2026-07-28T19:46:44Z|checkout|WARN|order=37183|amount=70.61|msg=payment failed, cart preserved
2026-07-28T19:46:44Z|stock|WARN|order=54916|amount=34.12|msg=stock level low
2026-07-28T19:46:45Z|payment|ERROR|order=56044|amount=371.41|msg=order rollback
2026-07-28T19:46:46Z|checkout|INFO|order=63534|amount=218.42|msg=stock reserved
2026-07-28T19:46:47Z|checkout|INFO|order=24076|amount=212.33|msg=payment captured
2026-07-28T19:46:48Z|payment|INFO|order=92495|amount=166.15|msg=invoice generated
2026-07-28T19:46:49Z|checkout|ERROR|order=71630|amount=160.71|msg=gateway timeout after 30s
2026-07-28T19:46:49Z|checkout|INFO|order=32984|amount=360.42|msg=checkout started
2026-07-28T19:46:51Z|checkout|INFO|order=53886|amount=24.12|msg=order confirmed
2026-07-28T19:46:52Z|checkout|INFO|order=48332|amount=254.97|msg=checkout started
2026-07-28T19:46:53Z|stock|WARN|order=29080|amount=257.79|msg=payment failed, cart preserved
2026-07-28T19:46:53Z|payment|INFO|order=20106|amount=119.53|msg=checkout started
2026-07-28T19:46:54Z|stock|INFO|order=97707|amount=280.96|msg=stock reserved
2026-07-28T19:46:54Z|payment|INFO|order=82297|amount=77.64|msg=checkout started
2026-07-28T19:46:54Z|checkout|INFO|order=15915|amount=263.50|msg=stock reserved
2026-07-28T19:46:55Z|checkout|INFO|order=14076|amount=233.59|msg=stock reserved
2026-07-28T19:46:56Z|stock|INFO|order=96177|amount=191.21|msg=payment captured
2026-07-28T19:46:57Z|stock|INFO|order=38947|amount=172.73|msg=payment captured
2026-07-28T19:46:57Z|stock|INFO|order=26602|amount=212.70|msg=payment captured
2026-07-28T19:46:58Z|stock|INFO|order=25154|amount=155.10|msg=payment captured
2026-07-28T19:46:58Z|stock|INFO|order=47154|amount=173.30|msg=checkout started
2026-07-28T19:46:58Z|payment|WARN|order=49065|amount=211.23|msg=payment failed, cart preserved
2026-07-28T19:46:59Z|payment|WARN|order=46015|amount=292.08|msg=payment failed, cart preserved
2026-07-28T19:46:59Z|stock|INFO|order=80858|amount=307.53|msg=invoice generated
2026-07-28T19:47:00Z|stock|INFO|order=73744|amount=367.60|msg=invoice generated
2026-07-28T19:47:00Z|payment|INFO|order=18269|amount=200.49|msg=checkout started
2026-07-28T19:47:01Z|stock|INFO|order=54921|amount=150.70|msg=checkout started
2026-07-28T19:47:01Z|stock|INFO|order=31311|amount=143.94|msg=order confirmed
2026-07-28T19:47:02Z|stock|ERROR|order=63087|amount=173.70|msg=gateway timeout after 30s
2026-07-28T19:47:02Z|payment|WARN|order=89294|amount=161.09|msg=retrying gateway call
2026-07-28T19:47:03Z|stock|INFO|order=42108|amount=186.55|msg=stock reserved
2026-07-28T19:47:03Z|stock|INFO|order=27561|amount=374.18|msg=stock reserved
2026-07-28T19:47:05Z|checkout|INFO|order=88681|amount=133.90|msg=stock reserved
2026-07-28T19:47:05Z|payment|ERROR|order=|msg=
2026-07-28T19:47:06Z|stock|ERROR|order=93226|amount=14.85|msg=card declined
2026-07-28T19:47:06Z|stock|INFO|order=84375|amount=9.43|msg=stock reserved
2026-07-28T19:47:07Z|stock|ERROR|order=93932|amount=285.69|msg=card declined
2026-07-28T19:47:07Z|checkout|INFO|order=22320|amount=37.39|msg=checkout started
2026-07-28T19:47:07Z|stock|INFO|order=64761|amount=5.68|msg=checkout started
2026-07-28T19:47:08Z|stock|INFO|order=36248|amount=289.13|msg=invoice generated
2026-07-28T19:47:09Z|stock|ERROR|order=73146|amount=347.95|msg=order rollback
2026-07-28T19:47:10Z|payment|ERROR|order=60814|amount=54.56|msg=stock service unreachable
2026-07-28T19:47:10Z|payment|INFO|order=44964|amount=379.60|msg=payment captured
2026-07-28T19:47:11Z|stock|INFO|order=40645|amount=13.48|msg=order confirmed
2026-07-28T19:47:12Z|checkout|INFO|order=90307|amount=349.48|msg=stock reserved
2026-07-28T19:47:12Z|stock|INFO|order=23167|amount=338.58|msg=invoice generated
2026-07-28T19:47:12Z|payment|ERROR|order=63670|amount=46.45|msg=stock service unreachable
2026-07-28T19:47:13Z|checkout|INFO|order=61219|amount=114.35|msg=payment captured
2026-07-28T19:47:15Z|payment|WARN|order=44522|amount=316.68|msg=slow response from bank
2026-07-28T19:47:15Z|payment|WARN|order=16995|amount=42.53|msg=slow response from bank
2026-07-28T19:47:15Z|checkout|INFO|order=97079|amount=374.17|msg=payment captured
2026-07-28T19:47:18Z|stock|INFO|order=93356|amount=248.96|msg=stock reserved
2026-07-28T19:47:18Z|checkout|INFO|order=35586|amount=264.38|msg=checkout started
2026-07-28T19:47:19Z|checkout|INFO|order=27378|amount=78.02|msg=order confirmed
2026-07-28T19:47:20Z|stock|INFO|order=61754|amount=228.18|msg=payment captured
2026-07-28T19:47:21Z|payment|ERROR|order=17456|amount=26.55|msg=card declined
2026-07-28T19:47:23Z|payment|INFO|order=17073|amount=325.80|msg=checkout started
2026-07-28T19:47:23Z|payment|WARN|order=73187|amount=167.53|msg=stock level low
2026-07-28T19:47:24Z|payment|ERROR|order=59193|amount=247.13|msg=gateway timeout after 30s
2026-07-28T19:47:24Z|checkout|INFO|order=52381|amount=50.96|msg=order confirmed
2026-07-28T19:47:25Z|checkout|INFO|order=99122|amount=220.62|msg=stock reserved
2026-07-28T19:47:26Z|stock|INFO|order=40394|amount=327.62|msg=payment captured
2026-07-28T19:47:27Z|stock|ERROR|order=81293|amount=74.50|msg=order rollback
2026-07-28T19:47:28Z|stock|INFO|order=45299|amount=248.29|msg=stock reserved
2026-07-28T19:47:29Z|payment|WARN|order=31544|amount=301.26|msg=retrying gateway call
2026-07-28T19:47:29Z|checkout|WARN|order=70110|amount=66.90|msg=stock level low
2026-07-28T19:47:29Z|checkout|INFO|order=69026|amount=244.40|msg=order confirmed
2026-07-28T19:47:30Z|stock|INFO|order=23249|amount=209.45|msg=payment captured
2026-07-28T19:47:31Z|payment|INFO|order=49474|amount=283.40|msg=checkout started
2026-07-28T19:47:31Z|payment|INFO|order=71885|amount=121.12|msg=stock reserved
2026-07-28T19:47:31Z|stock|INFO|order=47357|amount=354.14|msg=invoice generated
2026-07-28T19:47:32Z|checkout|ERROR|order=76978|amount=48.28|msg=stock service unreachable
2026-07-28T19:47:32Z|checkout|INFO|order=95438|amount=154.25|msg=payment captured
2026-07-28T19:47:32Z|payment|INFO|order=16412|amount=44.90|msg=checkout started
2026-07-28T19:47:32Z|payment|ERROR|order=65662|amount=358.62|msg=gateway timeout after 30s
2026-07-28T19:47:33Z|payment|WARN|order=70685|amount=298.67|msg=retrying gateway call
null
2026-07-28T19:47:33Z|checkout|INFO|order=71856|amount=353.97|msg=stock reserved
2026-07-28T19:47:34Z|payment|INFO|order=38578|amount=346.22|msg=payment captured
2026-07-28T19:47:34Z|checkout|INFO|order=14803|amount=38.61|msg=stock reserved
2026-07-28T19:47:34Z|payment|INFO|order=72450|amount=221.88|msg=checkout started
2026-07-28T19:47:35Z|checkout|WARN|order=37108|amount=222.17|msg=retrying gateway call
2026-07-28T19:47:35Z|checkout|ERROR|order=11317|amount=243.59|msg=order rollback
2026-07-28T19:47:35Z|payment|ERROR|order=58203|amount=73.08|msg=order rollback
2026-07-28T19:47:35Z|stock|ERROR|order=95107|amount=154.62|msg=card declined
2026-07-28T19:47:36Z|stock|ERROR|order=59348|amount=9.60|msg=card declined
2026-07-28T19:47:37Z|payment|INFO|order=50337|amount=279.28|msg=checkout started
2026-07-28T19:47:37Z|stock|INFO|order=64644|amount=398.06|msg=stock reserved
2026-07-28T19:47:37Z|stock|WARN|order=93409|amount=105.08|msg=slow response from bank
2026-07-28T19:47:38Z|payment|INFO|order=12791|amount=157.73|msg=checkout started
2026-07-28T19:47:38Z|checkout|ERROR|order=53597|amount=37.10|msg=order rollback
2026-07-28T19:47:38Z|checkout|INFO|order=38821|amount=363.43|msg=order confirmed
2026-07-28T19:47:38Z|stock|WARN|order=94963|amount=133.63|msg=stock level low
2026-07-28T19:47:39Z|payment|ERROR|order=|msg=
2026-07-28T19:47:40Z|payment|INFO|order=75194|amount=172.27|msg=payment captured
2026-07-28T19:47:40Z|payment|INFO|order=68876|amount=138.16|msg=payment captured
2026-07-28T19:47:41Z|payment|INFO|order=39751|amount=347.11|msg=invoice generated
2026-07-28T19:47:42Z|checkout|INFO|order=31457|amount=379.16|msg=invoice generated
2026-07-28T19:47:42Z|stock|INFO|order=70212|amount=119.33|msg=checkout started
2026-07-28T19:47:43Z|payment|INFO|order=67609|amount=147.65|msg=order confirmed
2026-07-28T19:47:44Z|payment|ERROR|order=36031|amount=47.82|msg=order rollback
2026-07-28T19:47:45Z|checkout|ERROR|order=50721|amount=245.63|msg=gateway timeout after 30s
2026-07-28T19:47:48Z|checkout|ERROR|order=95260|amount=389.53|msg=gateway timeout after 30s
2026-07-28T19:47:48Z|stock|ERROR|order=60154|amount=187.87|msg=card declined
2026-07-28T19:47:48Z|checkout|WARN|order=56702|amount=83.35|msg=stock level low
2026-07-28T19:47:50Z|checkout|INFO|order=44109|amount=144.67|msg=invoice generated
2026-07-28T19:47:51Z|checkout|INFO|order=32877|amount=57.67|msg=payment captured
2026-07-28T19:47:52Z|checkout|ERROR|order=95850|amount=65.86|msg=stock service unreachable
2026-07-28T19:47:52Z|checkout|INFO|order=16414|amount=45.64|msg=stock reserved
2026-07-28T19:47:54Z|payment|ERROR|order=15724|amount=21.36|msg=order rollback
2026-07-28T19:47:56Z|stock|INFO|order=26091|amount=239.29|msg=stock reserved
2026-07-28T19:47:56Z|stock|ERROR|order=28199|amount=266.30|msg=card declined
2026-07-28T19:47:57Z|stock|INFO|order=40932|amount=114.30|msg=invoice generated
2026-07-28T19:47:57Z|checkout|ERROR|order=91362|amount=94.20|msg=order rollback
2026-07-28T19:47:57Z|checkout|INFO|order=57412|amount=382.14|msg=order confirmed
2026-07-28T19:47:57Z|checkout|ERROR|order=79553|amount=286.23|msg=gateway timeout after 30s
2026-07-28T19:47:58Z|payment|INFO|order=13335|amount=146.76|msg=invoice generated
2026-07-28T19:47:59Z|payment|INFO|order=25796|amount=298.16|msg=stock reserved
2026-07-28T19:48:01Z|checkout|INFO|order=14852|amount=301.18|msg=payment captured
2026-07-28T19:48:02Z|checkout|WARN|order=26637|amount=352.38|msg=stock level low
2026-07-28T19:48:02Z|checkout|INFO|order=27306|amount=233.84|msg=stock reserved
2026-07-28T19:48:03Z|checkout|INFO|order=35131|amount=326.30|msg=payment captured
2026-07-28T19:48:03Z|payment|INFO|order=74388|amount=289.26|msg=invoice generated
2026-07-28T19:48:04Z|checkout|WARN|order=21262|amount=306.83|msg=slow response from bank
2026-07-28T19:48:04Z|checkout|INFO|order=11733|amount=112.23|msg=invoice generated
2026-07-28T19:48:05Z|payment|WARN|order=47809|amount=287.67|msg=stock level low
2026-07-28T19:48:07Z|payment|INFO|order=28472|amount=125.20|msg=stock reserved
2026-07-28T19:48:07Z|payment|ERROR|order=|msg=
2026-07-28T19:48:08Z|checkout|INFO|order=92040|amount=357.11|msg=stock reserved
null
2026-07-28T19:48:09Z|stock|ERROR|order=76980|amount=296.11|msg=gateway timeout after 30s
2026-07-28T19:48:10Z|checkout|WARN|order=48349|amount=336.86|msg=retrying gateway call
2026-07-28T19:48:11Z|payment|INFO|order=34335|amount=304.96|msg=checkout started
2026-07-28T19:48:11Z|payment|INFO|order=70463|amount=119.75|msg=invoice generated
2026-07-28T19:48:11Z|checkout|INFO|order=53797|amount=166.87|msg=invoice generated
2026-07-28T19:48:12Z|checkout|INFO|order=55744|amount=323.83|msg=invoice generated
2026-07-28T19:48:12Z|checkout|INFO|order=37221|amount=389.20|msg=order confirmed
2026-07-28T19:48:13Z|stock|WARN|order=53808|amount=122.80|msg=payment failed, cart preserved
2026-07-28T19:48:13Z|stock|INFO|order=80708|amount=352.56|msg=payment captured
2026-07-28T19:48:15Z|checkout|INFO|order=50829|amount=320.60|msg=checkout started
2026-07-28T19:48:15Z|payment|ERROR|order=90200|amount=161.86|msg=card declined
2026-07-28T19:48:16Z|payment|INFO|order=38460|amount=135.47|msg=payment captured
2026-07-28T19:48:16Z|checkout|INFO|order=27615|amount=208.25|msg=stock reserved
2026-07-28T19:48:17Z|stock|INFO|order=49922|amount=93.07|msg=payment captured
2026-07-28T19:48:18Z|stock|INFO|order=56080|amount=194.02|msg=payment captured
2026-07-28T19:48:19Z|stock|INFO|order=63648|amount=399.93|msg=payment captured
2026-07-28T19:48:19Z|payment|WARN|order=53327|amount=205.41|msg=retrying gateway call
2026-07-28T19:48:21Z|checkout|INFO|order=18878|amount=321.59|msg=stock reserved
2026-07-28T19:48:21Z|stock|INFO|order=42074|amount=177.20|msg=invoice generated
2026-07-28T19:48:21Z|stock|INFO|order=41720|amount=210.00|msg=order confirmed
2026-07-28T19:48:22Z|checkout|INFO|order=13400|amount=157.25|msg=checkout started
2026-07-28T19:48:22Z|checkout|INFO|order=87025|amount=255.65|msg=payment captured
2026-07-28T19:48:23Z|stock|INFO|order=39126|amount=372.40|msg=order confirmed
2026-07-28T19:48:24Z|checkout|INFO|order=67240|amount=190.11|msg=stock reserved
2026-07-28T19:48:25Z|payment|INFO|order=82491|amount=369.80|msg=invoice generated
2026-07-28T19:48:25Z|stock|INFO|order=39088|amount=36.65|msg=stock reserved
2026-07-28T19:48:26Z|stock|WARN|order=81052|amount=291.48|msg=slow response from bank
2026-07-28T19:48:26Z|payment|ERROR|order=55466|amount=264.31|msg=stock service unreachable
2026-07-28T19:48:28Z|payment|ERROR|order=57551|amount=384.91|msg=gateway timeout after 30s
2026-07-28T19:48:29Z|checkout|INFO|order=91583|amount=310.18|msg=checkout started
2026-07-28T19:48:29Z|checkout|INFO|order=29541|amount=321.46|msg=invoice generated
2026-07-28T19:48:30Z|payment|WARN|order=95029|amount=260.37|msg=stock level low
2026-07-28T19:48:30Z|checkout|INFO|order=82125|amount=116.03|msg=stock reserved
2026-07-28T19:48:30Z|checkout|INFO|order=15222|amount=375.36|msg=stock reserved
2026-07-28T19:48:31Z|payment|INFO|order=74413|amount=128.16|msg=order confirmed
2026-07-28T19:48:31Z|stock|INFO|order=49805|amount=393.24|msg=invoice generated
2026-07-28T19:48:33Z|checkout|INFO|order=76485|amount=166.70|msg=invoice generated
2026-07-28T19:48:34Z|stock|INFO|order=84866|amount=97.40|msg=invoice generated
2026-07-28T19:48:35Z|payment|INFO|order=45900|amount=254.95|msg=checkout started
2026-07-28T19:48:35Z|stock|ERROR|order=78508|amount=173.31|msg=gateway timeout after 30s
2026-07-28T19:48:35Z|stock|INFO|order=33099|amount=386.39|msg=checkout started
2026-07-28T19:48:36Z|checkout|ERROR|order=46409|amount=269.20|msg=order rollback
2026-07-28T19:48:37Z|checkout|INFO|order=11709|amount=328.92|msg=payment captured
2026-07-28T19:48:38Z|checkout|INFO|order=39074|amount=391.89|msg=order confirmed
2026-07-28T19:48:39Z|payment|INFO|order=79319|amount=272.49|msg=order confirmed
2026-07-28T19:48:39Z|checkout|WARN|order=24438|amount=191.22|msg=stock level low
2026-07-28T19:48:39Z|payment|INFO|order=74946|amount=144.32|msg=checkout started
2026-07-28T19:48:40Z|stock|INFO|order=72397|amount=189.42|msg=order confirmed
2026-07-28T19:48:40Z|payment|INFO|order=59271|amount=67.38|msg=checkout started
2026-07-28T19:48:42Z|checkout|INFO|order=70255|amount=384.89|msg=checkout started
2026-07-28T19:48:43Z|payment|WARN|order=12917|amount=289.82|msg=retrying gateway call
2026-07-28T19:48:43Z|stock|INFO|order=96173|amount=213.91|msg=payment captured
2026-07-28T19:48:43Z|payment|INFO|order=74600|amount=73.53|msg=order confirmed
2026-07-28T19:48:44Z|payment|INFO|order=89405|amount=30.25|msg=checkout started
2026-07-28T19:48:44Z|stock|INFO|order=61677|amount=332.10|msg=invoice generated
2026-07-28T19:48:44Z|payment|INFO|order=22656|amount=283.18|msg=stock reserved
2026-07-28T19:48:44Z|stock|INFO|order=91408|amount=75.32|msg=stock reserved
2026-07-28T19:48:45Z|payment|ERROR|order=50987|amount=14.31|msg=stock service unreachable
2026-07-28T19:48:46Z|stock|INFO|order=37427|amount=119.94|msg=stock reserved
2026-07-28T19:48:46Z|checkout|INFO|order=76231|amount=257.94|msg=payment captured
2026-07-28T19:48:47Z|payment|INFO|order=64225|amount=383.97|msg=stock reserved
2026-07-28T19:48:47Z|checkout|INFO|order=14158|amount=201.82|msg=payment captured
2026-07-28T19:48:48Z|payment|INFO|order=37839|amount=24.58|msg=order confirmed
2026-07-28T19:48:49Z|payment|WARN|order=17412|amount=194.64|msg=stock level low
2026-07-28T19:48:49Z|payment|WARN|order=18720|amount=236.46|msg=stock level low
2026-07-28T19:48:49Z|checkout|INFO|order=85860|amount=242.52|msg=invoice generated
2026-07-28T19:48:50Z|stock|WARN|order=26135|amount=216.19|msg=stock level low
2026-07-28T19:48:51Z|stock|INFO|order=69186|amount=229.01|msg=stock reserved
2026-07-28T19:48:51Z|payment|FATAL-OOM
2026-07-28T19:48:52Z|stock|INFO|order=23918|amount=45.91|msg=payment captured
2026-07-28T19:48:52Z|stock|ERROR|order=52552|amount=322.46|msg=order rollback
2026-07-28T19:48:52Z|payment|INFO|order=56631|amount=249.51|msg=order confirmed
2026-07-28T19:48:54Z|stock|INFO|order=93258|amount=261.01|msg=invoice generated
2026-07-28T19:48:54Z|checkout|INFO|order=59236|amount=181.52|msg=stock reserved
2026-07-28T19:48:56Z|checkout|INFO|order=44168|amount=318.51|msg=stock reserved
2026-07-28T19:48:56Z|payment|WARN|order=38333|amount=132.14|msg=stock level low
2026-07-28T19:48:57Z|checkout|INFO|order=79064|amount=32.28|msg=checkout started
2026-07-28T19:48:57Z|payment|INFO|order=42794|amount=236.20|msg=stock reserved
2026-07-28T19:48:58Z|stock|INFO|order=10502|amount=300.74|msg=invoice generated
2026-07-28T19:48:59Z|stock|INFO|order=78070|amount=61.54|msg=invoice generated
2026-07-28T19:48:59Z|checkout|INFO|order=27836|amount=125.68|msg=payment captured
2026-07-28T19:49:00Z|stock|INFO|order=74720|amount=18.36|msg=stock reserved
2026-07-28T19:49:00Z|checkout|INFO|order=14853|amount=323.40|msg=checkout started
2026-07-28T19:49:01Z|checkout|INFO|order=93885|amount=170.55|msg=payment captured
2026-07-28T19:49:02Z|checkout|INFO|order=82084|amount=398.20|msg=checkout started
2026-07-28T19:49:02Z|payment|INFO|order=75153|amount=283.98|msg=stock reserved
2026-07-28T19:49:02Z|payment|ERROR|order=|msg=
2026-07-28T19:49:05Z|payment|INFO|order=44377|amount=98.39|msg=stock reserved
2026-07-28T19:49:06Z|checkout|ERROR|order=66870|amount=230.45|msg=stock service unreachable
2026-07-28T19:49:06Z|stock|ERROR|order=21430|amount=286.67|msg=stock service unreachable
2026-07-28T19:49:07Z|payment|WARN|order=38365|amount=120.20|msg=slow response from bank
2026-07-28T19:49:07Z|checkout|INFO|order=90618|amount=279.47|msg=stock reserved
2026-07-28T19:49:08Z|stock|INFO|order=12220|amount=393.80|msg=checkout started
2026-07-28T19:49:08Z|checkout|INFO|order=89836|amount=62.67|msg=checkout started
2026-07-28T19:49:08Z|checkout|ERROR|order=62557|amount=347.76|msg=stock service unreachable
2026-07-28T19:49:09Z|stock|INFO|order=18474|amount=214.77|msg=invoice generated
2026-07-28T19:49:09Z|checkout|INFO|order=83753|amount=265.27|msg=stock reserved
2026-07-28T19:49:11Z|payment|INFO|order=82086|amount=77.37|msg=order confirmed
2026-07-28T19:49:11Z|payment|INFO|order=18886|amount=297.92|msg=payment captured
2026-07-28T19:49:11Z|payment|WARN|order=79782|amount=218.15|msg=payment failed, cart preserved
2026-07-28T19:49:12Z|stock|INFO|order=63150|amount=239.44|msg=invoice generated
2026-07-28T19:49:13Z|stock|INFO|order=79508|amount=367.93|msg=invoice generated
2026-07-28T19:49:14Z|payment|ERROR|order=15274|amount=23.81|msg=stock service unreachable
2026-07-28T19:49:14Z|payment|WARN|order=81465|amount=159.61|msg=slow response from bank
2026-07-28T19:49:15Z|stock|INFO|order=10378|amount=68.52|msg=payment captured
2026-07-28T19:49:15Z|payment|INFO|order=78484|amount=35.30|msg=checkout started
2026-07-28T19:49:16Z|payment|INFO|order=90290|amount=376.37|msg=stock reserved
2026-07-28T19:49:16Z|payment|INFO|order=85222|amount=314.02|msg=checkout started
2026-07-28T19:49:17Z|checkout|WARN|order=91413|amount=307.15|msg=payment failed, cart preserved
2026-07-28T19:49:18Z|payment|ERROR|order=33966|amount=126.67|msg=stock service unreachable
2026-07-28T19:49:21Z|checkout|INFO|order=30961|amount=250.47|msg=invoice generated
2026-07-28T19:49:22Z|payment|INFO|order=77895|amount=107.19|msg=checkout started
2026-07-28T19:49:22Z|payment|FATAL-OOM
2026-07-28T19:49:23Z|checkout|INFO|order=56832|amount=43.77|msg=invoice generated
2026-07-28T19:49:25Z|checkout|ERROR|order=74814|amount=319.98|msg=gateway timeout after 30s
2026-07-28T19:49:26Z|checkout|INFO|order=43834|amount=18.16|msg=checkout started
2026-07-28T19:49:26Z|payment|INFO|order=71374|amount=18.37|msg=checkout started
2026-07-28T19:49:27Z|payment|INFO|order=87870|amount=228.75|msg=checkout started
2026-07-28T19:49:29Z|stock|INFO|order=85583|amount=28.48|msg=invoice generated
2026-07-28T19:49:30Z|payment|INFO|order=66080|amount=375.43|msg=order confirmed
2026-07-28T19:49:31Z|payment|INFO|order=70071|amount=238.99|msg=order confirmed
2026-07-28T19:49:32Z|stock|INFO|order=32725|amount=244.14|msg=checkout started
2026-07-28T19:49:33Z|checkout|INFO|order=26189|amount=326.15|msg=checkout started
2026-07-28T19:49:34Z|checkout|INFO|order=83651|amount=311.19|msg=payment captured
2026-07-28T19:49:35Z|payment|INFO|order=46306|amount=147.66|msg=order confirmed
2026-07-28T19:49:35Z|payment|WARN|order=62068|amount=373.33|msg=payment failed, cart preserved
2026-07-28T19:49:35Z|checkout|INFO|order=53526|amount=180.97|msg=payment captured
2026-07-28T19:49:36Z|checkout|INFO|order=61665|amount=276.82|msg=checkout started
2026-07-28T19:49:36Z|checkout|WARN|order=26505|amount=94.22|msg=payment failed, cart preserved
2026-07-28T19:49:37Z|checkout|WARN|order=88660|amount=213.74|msg=retrying gateway call
2026-07-28T19:49:37Z|payment|INFO|order=63349|amount=299.27|msg=order confirmed
2026-07-28T19:49:38Z|checkout|INFO|order=33295|amount=16.20|msg=order confirmed
2026-07-28T19:49:39Z|payment|ERROR|order=17469|amount=49.30|msg=stock service unreachable
2026-07-28T19:49:40Z|checkout|INFO|order=71473|amount=185.81|msg=payment captured
2026-07-28T19:49:40Z|payment|INFO|order=72518|amount=326.88|msg=checkout started
2026-07-28T19:49:41Z|payment|INFO|order=76432|amount=366.09|msg=payment captured
2026-07-28T19:49:43Z|stock|WARN|order=91047|amount=292.61|msg=retrying gateway call
2026-07-28T19:49:43Z|checkout|INFO|order=16746|amount=189.43|msg=checkout started
2026-07-28T19:49:44Z|stock|INFO|order=11530|amount=296.28|msg=checkout started
2026-07-28T19:49:44Z|checkout|INFO|order=61491|amount=399.85|msg=payment captured
2026-07-28T19:49:45Z|payment|INFO|order=37076|amount=218.80|msg=checkout started
2026-07-28T19:49:45Z|stock|INFO|order=77510|amount=304.12|msg=payment captured
2026-07-28T19:49:46Z|payment|INFO|order=80051|amount=284.80|msg=payment captured
2026-07-28T19:49:47Z|stock|WARN|order=97267|amount=168.01|msg=slow response from bank
2026-07-28T19:49:47Z|payment|INFO|order=16031|amount=282.36|msg=payment captured
2026-07-28T19:49:47Z|payment|INFO|order=19028|amount=368.77|msg=invoice generated
2026-07-28T19:49:48Z|payment|INFO|order=95133|amount=141.04|msg=checkout started
2026-07-28T19:49:49Z|payment|INFO|order=68248|amount=126.99|msg=stock reserved
2026-07-28T19:49:49Z|stock|INFO|order=67092|amount=217.83|msg=stock reserved
2026-07-28T19:49:51Z|payment|INFO|order=12653|amount=181.82|msg=stock reserved
2026-07-28T19:49:51Z|checkout|WARN|order=34032|amount=258.51|msg=retrying gateway call
2026-07-28T19:49:52Z|payment|INFO|order=20396|amount=221.85|msg=payment captured
2026-07-28T19:49:52Z|stock|INFO|order=16015|amount=207.98|msg=checkout started
2026-07-28T19:49:53Z|stock|INFO|order=16172|amount=223.85|msg=order confirmed
2026-07-28T19:49:54Z|stock|WARN|order=55280|amount=126.64|msg=payment failed, cart preserved
2026-07-28T19:49:54Z|checkout|INFO|order=42618|amount=115.70|msg=invoice generated
2026-07-28T19:49:54Z|checkout|INFO|order=11442|amount=28.09|msg=order confirmed
2026-07-28T19:49:55Z|checkout|INFO|order=17825|amount=393.44|msg=stock reserved
2026-07-28T19:49:55Z|stock|INFO|order=87157|amount=152.53|msg=order confirmed
2026-07-28T19:49:56Z|stock|INFO|order=99859|amount=299.92|msg=invoice generated
2026-07-28T19:49:56Z|payment|INFO|order=43625|amount=49.02|msg=invoice generated
2026-07-28T19:49:58Z|payment|INFO|order=67738|amount=117.76|msg=invoice generated
2026-07-28T19:49:59Z|stock|WARN|order=89977|amount=291.39|msg=slow response from bank
2026-07-28T19:50:00Z|checkout|INFO|order=78039|amount=78.65|msg=order confirmed
2026-07-28T19:50:01Z|checkout|INFO|order=70187|amount=341.43|msg=order confirmed
2026-07-28T19:50:01Z|stock|INFO|order=73302|amount=357.76|msg=invoice generated
2026-07-28T19:50:01Z|stock|INFO|order=15294|amount=43.56|msg=checkout started
2026-07-28T19:50:01Z|stock|INFO|order=58482|amount=328.22|msg=stock reserved
2026-07-28T19:50:02Z|payment|INFO|order=24381|amount=192.57|msg=payment captured
2026-07-28T19:50:03Z|checkout|INFO|order=38417|amount=73.07|msg=payment captured
2026-07-28T19:50:03Z|checkout|INFO|order=13616|amount=358.10|msg=invoice generated
2026-07-28T19:50:03Z|stock|WARN|order=80712|amount=211.82|msg=retrying gateway call
2026-07-28T19:50:04Z|payment|WARN|order=10417|amount=328.89|msg=stock level low
2026-07-28T19:50:05Z|checkout|INFO|order=86886|amount=156.07|msg=invoice generated
2026-07-28T19:50:05Z|stock|INFO|order=48104|amount=170.18|msg=payment captured
2026-07-28T19:50:05Z|stock|WARN|order=13378|amount=275.24|msg=payment failed, cart preserved
2026-07-28T19:50:06Z|checkout|INFO|order=87405|amount=251.92|msg=checkout started
2026-07-28T19:50:06Z|checkout|INFO|order=11117|amount=22.28|msg=payment captured
2026-07-28T19:50:07Z|stock|INFO|order=30436|amount=46.55|msg=stock reserved
2026-07-28T19:50:10Z|checkout|INFO|order=33321|amount=18.42|msg=checkout started
2026-07-28T19:50:11Z|payment|FATAL-OOM
2026-07-28T19:50:11Z|payment|INFO|order=43466|amount=363.19|msg=invoice generated
2026-07-28T19:50:12Z|checkout|INFO|order=82433|amount=391.71|msg=order confirmed
2026-07-28T19:50:13Z|stock|WARN|order=82675|amount=369.69|msg=slow response from bank
2026-07-28T19:50:13Z|stock|INFO|order=95525|amount=247.64|msg=checkout started
2026-07-28T19:50:15Z|checkout|INFO|order=20449|amount=351.96|msg=invoice generated
2026-07-28T19:50:16Z|stock|WARN|order=21461|amount=161.84|msg=retrying gateway call
2026-07-28T19:50:16Z|payment|INFO|order=79779|amount=183.48|msg=invoice generated
2026-07-28T19:50:16Z|checkout|WARN|order=49452|amount=132.74|msg=retrying gateway call
2026-07-28T19:50:17Z|stock|INFO|order=32838|amount=15.04|msg=order confirmed
2026-07-28T19:50:17Z|stock|INFO|order=50354|amount=344.10|msg=order confirmed
2026-07-28T19:50:19Z|stock|INFO|order=98350|amount=17.74|msg=checkout started
2026-07-28T19:50:19Z|checkout|INFO|order=80548|amount=198.05|msg=order confirmed
2026-07-28T19:50:20Z|checkout|INFO|order=31995|amount=211.99|msg=payment captured
2026-07-28T19:50:20Z|checkout|INFO|order=94288|amount=183.53|msg=stock reserved
2026-07-28T19:50:20Z|payment|ERROR|order=79559|amount=115.60|msg=stock service unreachable
2026-07-28T19:50:21Z|checkout|WARN|order=79448|amount=315.72|msg=retrying gateway call
2026-07-28T19:50:21Z|payment|INFO|order=50779|amount=114.38|msg=order confirmed
2026-07-28T19:50:21Z|payment|INFO|order=42831|amount=212.09|msg=order confirmed
2026-07-28T19:50:21Z|stock|WARN|order=36174|amount=317.88|msg=stock level low
2026-07-28T19:50:24Z|payment|INFO|order=51579|amount=152.40|msg=invoice generated
2026-07-28T19:50:24Z|checkout|INFO|order=74581|amount=33.46|msg=invoice generated
2026-07-28T19:50:24Z|stock|INFO|order=25686|amount=367.45|msg=checkout started
2026-07-28T19:50:25Z|checkout|INFO|order=82276|amount=377.10|msg=payment captured
2026-07-28T19:50:25Z|stock|INFO|order=61997|amount=179.34|msg=order confirmed
2026-07-28T19:50:26Z|stock|INFO|order=20757|amount=271.11|msg=stock reserved
2026-07-28T19:50:26Z|payment|INFO|order=47867|amount=212.11|msg=payment captured
2026-07-28T19:50:27Z|checkout|INFO|order=18731|amount=158.11|msg=order confirmed
2026-07-28T19:50:27Z|payment|INFO|order=70173|amount=260.50|msg=payment captured
2026-07-28T19:50:27Z|checkout|INFO|order=29007|amount=121.12|msg=checkout started
2026-07-28T19:50:28Z|stock|INFO|order=40995|amount=152.79|msg=stock reserved
2026-07-28T19:50:28Z|stock|INFO|order=58995|amount=313.40|msg=order confirmed
2026-07-28T19:50:28Z|checkout|INFO|order=83202|amount=202.15|msg=checkout started
2026-07-28T19:50:29Z|stock|ERROR|order=14581|amount=286.31|msg=stock service unreachable
2026-07-28T19:50:29Z|payment|INFO|order=20002|amount=389.05|msg=stock reserved
2026-07-28T19:50:30Z|stock|INFO|order=35962|amount=396.67|msg=checkout started
2026-07-28T19:50:30Z|payment|INFO|order=73771|amount=10.69|msg=order confirmed
2026-07-28T19:50:31Z|checkout|INFO|order=60157|amount=210.37|msg=checkout started
2026-07-28T19:50:31Z|checkout|ERROR|order=91842|amount=354.82|msg=gateway timeout after 30s
2026-07-28T19:50:32Z|checkout|INFO|order=11869|amount=398.92|msg=checkout started
2026-07-28T19:50:33Z|stock|INFO|order=11421|amount=8.41|msg=checkout started
2026-07-28T19:50:33Z|payment|WARN|order=58977|amount=263.69|msg=payment failed, cart preserved
2026-07-28T19:50:34Z|checkout|INFO|order=21686|amount=73.43|msg=order confirmed
2026-07-28T19:50:34Z|checkout|INFO|order=63908|amount=155.67|msg=payment captured
2026-07-28T19:50:35Z|payment|INFO|order=45564|amount=52.29|msg=invoice generated
2026-07-28T19:50:36Z|stock|WARN|order=66237|amount=352.10|msg=stock level low
2026-07-28T19:50:36Z|payment|INFO|order=69946|amount=209.63|msg=payment captured
2026-07-28T19:50:37Z|payment|INFO|order=47150|amount=170.69|msg=stock reserved
2026-07-28T19:50:39Z|checkout|INFO|order=77240|amount=170.42|msg=invoice generated
2026-07-28T19:50:41Z|stock|ERROR|order=28671|amount=331.22|msg=card declined
2026-07-28T19:50:42Z|payment|INFO|order=21122|amount=375.83|msg=payment captured
2026-07-28T19:50:44Z|checkout|ERROR|order=89843|amount=253.99|msg=stock service unreachable
2026-07-28T19:50:44Z|stock|WARN|order=21912|amount=74.54|msg=payment failed, cart preserved
2026-07-28T19:50:46Z|stock|WARN|order=69391|amount=269.12|msg=slow response from bank
2026-07-28T19:50:46Z|payment|FATAL-OOM
2026-07-28T19:50:47Z|checkout|INFO|order=60479|amount=31.88|msg=order confirmed
2026-07-28T19:50:48Z|stock|WARN|order=10184|amount=183.69|msg=slow response from bank
2026-07-28T19:50:48Z|stock|WARN|order=31883|amount=119.91|msg=stock level low
2026-07-28T19:50:49Z|payment|WARN|order=30167|amount=120.61|msg=slow response from bank
2026-07-28T19:50:49Z|checkout|INFO|order=64612|amount=330.30|msg=invoice generated
2026-07-28T19:50:49Z|checkout|INFO|order=99985|amount=164.13|msg=checkout started
2026-07-28T19:50:50Z|stock|INFO|order=60632|amount=301.19|msg=checkout started
2026-07-28T19:50:50Z|stock|INFO|order=41687|amount=242.51|msg=stock reserved
2026-07-28T19:50:50Z|checkout|INFO|order=14575|amount=359.85|msg=payment captured
2026-07-28T19:50:51Z|stock|INFO|order=68952|amount=289.38|msg=checkout started
2026-07-28T19:50:51Z|checkout|INFO|order=45045|amount=22.62|msg=order confirmed
2026-07-28T19:50:53Z|checkout|WARN|order=24835|amount=6.36|msg=retrying gateway call
2026-07-28T19:50:55Z|checkout|INFO|order=25073|amount=38.55|msg=payment captured
2026-07-28T19:50:55Z|payment|WARN|order=35934|amount=169.57|msg=slow response from bank
2026-07-28T19:50:56Z|payment|ERROR|order=65203|amount=215.17|msg=card declined
2026-07-28T19:50:57Z|payment|INFO|order=33012|amount=196.76|msg=stock reserved
2026-07-28T19:50:57Z|payment|INFO|order=91751|amount=336.59|msg=payment captured
2026-07-28T19:50:58Z|stock|INFO|order=14927|amount=333.42|msg=order confirmed
2026-07-28T19:51:00Z|payment|ERROR|order=|msg=
2026-07-28T19:51:00Z|payment|ERROR|order=23708|amount=218.62|msg=order rollback
2026-07-28T19:51:01Z|stock|INFO|order=49030|amount=399.03|msg=order confirmed
2026-07-28T19:51:02Z|payment|INFO|order=17963|amount=84.87|msg=checkout started
2026-07-28T19:51:03Z|checkout|WARN|order=44108|amount=397.10|msg=slow response from bank
2026-07-28T19:51:03Z|payment|WARN|order=96689|amount=291.78|msg=payment failed, cart preserved
2026-07-28T19:51:03Z|checkout|ERROR|order=48939|amount=146.05|msg=gateway timeout after 30s
2026-07-28T19:51:04Z|checkout|INFO|order=51854|amount=232.96|msg=invoice generated
2026-07-28T19:51:04Z|payment|INFO|order=66901|amount=303.40|msg=order confirmed
2026-07-28T19:51:05Z|checkout|WARN|order=72259|amount=43.41|msg=retrying gateway call
2026-07-28T19:51:06Z|checkout|ERROR|order=78892|amount=164.83|msg=gateway timeout after 30s
2026-07-28T19:51:06Z|checkout|INFO|order=99865|amount=194.24|msg=payment captured
2026-07-28T19:51:06Z|stock|INFO|order=65458|amount=168.87|msg=payment captured
2026-07-28T19:51:07Z|payment|WARN|order=26121|amount=56.84|msg=retrying gateway call
2026-07-28T19:51:07Z|stock|WARN|order=48535|amount=6.12|msg=stock level low
2026-07-28T19:51:08Z|payment|INFO|order=20279|amount=319.26|msg=checkout started
2026-07-28T19:51:09Z|stock|INFO|order=44386|amount=147.94|msg=stock reserved
2026-07-28T19:51:09Z|stock|WARN|order=10465|amount=287.59|msg=stock level low
2026-07-28T19:51:09Z|checkout|INFO|order=12160|amount=106.50|msg=invoice generated
2026-07-28T19:51:10Z|payment|INFO|order=91638|amount=220.83|msg=invoice generated
2026-07-28T19:51:10Z|checkout|INFO|order=20064|amount=130.66|msg=order confirmed
2026-07-28T19:51:10Z|checkout|INFO|order=89793|amount=344.01|msg=invoice generated
2026-07-28T19:51:11Z|stock|ERROR|order=36169|amount=377.58|msg=card declined
2026-07-28T19:51:11Z|stock|INFO|order=99223|amount=267.89|msg=checkout started
2026-07-28T19:51:12Z|stock|INFO|order=94188|amount=49.05|msg=payment captured
2026-07-28T19:51:12Z|payment|INFO|order=96418|amount=132.74|msg=invoice generated
2026-07-28T19:51:13Z|payment|INFO|order=93729|amount=376.71|msg=order confirmed
2026-07-28T19:51:13Z|payment|INFO|order=95116|amount=391.62|msg=order confirmed
2026-07-28T19:51:14Z|stock|INFO|order=69955|amount=305.59|msg=stock reserved
2026-07-28T19:51:15Z|checkout|INFO|order=95190|amount=35.90|msg=checkout started
2026-07-28T19:51:16Z|payment|INFO|order=58303|amount=364.44|msg=payment captured
2026-07-28T19:51:17Z|payment|INFO|order=59072|amount=242.00|msg=stock reserved
2026-07-28T19:51:17Z|checkout|ERROR|order=71720|amount=381.43|msg=stock service unreachable
2026-07-28T19:51:19Z|payment|ERROR|order=85093|amount=197.40|msg=gateway timeout after 30s
2026-07-28T19:51:20Z|checkout|INFO|order=88433|amount=71.92|msg=payment captured
2026-07-28T19:51:21Z|checkout|INFO|order=53210|amount=332.29|msg=order confirmed
2026-07-28T19:51:21Z|payment|INFO|order=82312|amount=59.72|msg=checkout started
2026-07-28T19:51:21Z|checkout|INFO|order=45910|amount=21.52|msg=payment captured
2026-07-28T19:51:22Z|payment|WARN|order=57964|amount=184.03|msg=stock level low
2026-07-28T19:51:22Z|payment|WARN|order=96706|amount=199.35|msg=retrying gateway call
